{
"type": "FeatureCollection",
"name": "railways.shp",
"crs": { "type": "name", "properties": { "name": "urn:ogc:def:crs:OGC:1.3:CRS84" } },
"features": [
{ "type": "Feature", "properties": { "osm_id": "69218787", "code": 6101, "fclass": "rail", "name": null, "layer": 0.0, "bridge": "F", "tunnel": "F", "Shape_Leng": 0.034330594152600001 }, "geometry": { "type": "LineString", "coordinates": [ [ 88.415684199566215, 26.720595099684147 ], [ 88.415328399885823, 26.721175899847935 ], [ 88.415117499872792, 26.721513400123342 ], [ 88.414955200122449, 26.721808400237535 ], [ 88.414624399796253, 26.722459100207345 ], [ 88.41367039986909, 26.723992300404404 ], [ 88.412183000345237, 26.72636749986026 ], [ 88.411563800029398, 26.727277999580053 ], [ 88.411285399601582, 26.727749399914899 ], [ 88.411244600058296, 26.727817199803951 ], [ 88.410442500121349, 26.729151399817283 ], [ 88.409495899815965, 26.730700500028092 ], [ 88.409463499940614, 26.730814900087637 ], [ 88.40937570002859, 26.731125300192502 ], [ 88.409213400278247, 26.731587399738771 ], [ 88.408930200168641, 26.733381299907137 ], [ 88.408765699777291, 26.73466310002209 ], [ 88.408720499851256, 26.734922299924278 ], [ 88.408452300433396, 26.736522399788953 ], [ 88.408218900282066, 26.738089099732235 ], [ 88.407698600210267, 26.741243800061397 ], [ 88.40742500036356, 26.74283429966323 ], [ 88.407202599820209, 26.744400700132246 ], [ 88.407036100235871, 26.745298999649151 ], [ 88.406896299724508, 26.746145300365356 ], [ 88.406853000065951, 26.746325900420004 ], [ 88.406566699993277, 26.748369699701925 ], [ 88.406397700293667, 26.749481000048149 ], [ 88.406171900312984, 26.750856299978295 ], [ 88.405851399922199, 26.752866499689276 ] ] } },
{ "type": "Feature", "properties": { "osm_id": "97735939", "code": 6101, "fclass": "rail", "name": "New Jalpaiguri Road - Alipurduar railway", "layer": 1.0, "bridge": "T", "tunnel": "F", "Shape_Leng": 0.0096853366570599994 }, "geometry": { "type": "LineString", "coordinates": [ [ 88.759928599825059, 26.566675000151179 ], [ 88.750324499576038, 26.565423199621023 ] ] } },
{ "type": "Feature", "properties": { "osm_id": "97736227", "code": 6101, "fclass": "rail", "name": "New Jalpaiguri Road - Alipurduar railway", "layer": 0.0, "bridge": "F", "tunnel": "F", "Shape_Leng": 0.0534562807481 }, "geometry": { "type": "LineString", "coordinates": [ [ 88.750324499576038, 26.565423199621023 ], [ 88.747941699949536, 26.565111199622208 ], [ 88.745949199795803, 26.564850200176636 ], [ 88.734829800355044, 26.563382399578131 ], [ 88.725668699850701, 26.56217579987333 ], [ 88.724506499675272, 26.562037799804671 ], [ 88.721500899746786, 26.561547500216989 ], [ 88.715286599696867, 26.56044620033191 ], [ 88.714745299556, 26.560350800249296 ], [ 88.704849200230456, 26.55856750038987 ], [ 88.704122100154848, 26.55843959970781 ], [ 88.703015100366656, 26.558231500183638 ], [ 88.702617299648693, 26.558153099985645 ], [ 88.702078899821402, 26.558006499700241 ], [ 88.701651399892228, 26.557865600217326 ], [ 88.701330199828931, 26.557742599941093 ], [ 88.700536000436102, 26.557390599896337 ], [ 88.69785280026656, 26.556129700025679 ] ] } },
{ "type": "Feature", "properties": { "osm_id": "97820272", "code": 6106, "fclass": "narrow_gauge", "name": "Darjeeling Himalayan Railway", "layer": 1.0, "bridge": "T", "tunnel": "F", "Shape_Leng": 0.00054694731053800004 }, "geometry": { "type": "LineString", "coordinates": [ [ 88.399113699837415, 26.745067300115863 ], [ 88.398604199724105, 26.745266199575497 ] ] } },
{ "type": "Feature", "properties": { "osm_id": "97820312", "code": 6101, "fclass": "rail", "name": null, "layer": 0.0, "bridge": "F", "tunnel": "F", "Shape_Leng": 0.0044233262929199999 }, "geometry": { "type": "LineString", "coordinates": [ [ 88.412543599707419, 26.72489290038709 ], [ 88.412228300096046, 26.725433999979145 ], [ 88.41196900036914, 26.725863500000571 ], [ 88.411652500162802, 26.726739499928044 ], [ 88.411521799891204, 26.727035300438843 ], [ 88.411384200020848, 26.727297200105738 ], [ 88.41110169958381, 26.727764500431419 ], [ 88.410721799871226, 26.728392899912478 ], [ 88.410451700185888, 26.728770599883319 ] ] } },
{ "type": "Feature", "properties": { "osm_id": "97820346", "code": 6106, "fclass": "narrow_gauge", "name": "Darjeeling Himalayan Railway", "layer": 0.0, "bridge": "F", "tunnel": "F", "Shape_Leng": 0.052984161976100001 }, "geometry": { "type": "LineString", "coordinates": [ [ 88.398604199724105, 26.745266199575497 ], [ 88.398160100108612, 26.745465500132752 ], [ 88.39787010022502, 26.745576599680362 ], [ 88.397501600318662, 26.745708600371643 ], [ 88.397299299623057, 26.74578499957812 ], [ 88.396742300017195, 26.746013199849358 ], [ 88.396344799672818, 26.746184599839467 ], [ 88.396060800065925, 26.746333600415369 ], [ 88.395892199665354, 26.746437199617105 ], [ 88.395672300136596, 26.746580100091592 ], [ 88.395414399754827, 26.746790400256828 ], [ 88.395164200267686, 26.747016999734797 ], [ 88.395071499949836, 26.747114499734437 ], [ 88.394880799609268, 26.747314999987339 ], [ 88.394758499904924, 26.747443700166684 ], [ 88.394562499859546, 26.747701599649133 ], [ 88.394366300164677, 26.747988299920166 ], [ 88.394032100401148, 26.748594700185322 ], [ 88.393567300190796, 26.74952030042158 ], [ 88.393307299892058, 26.750050799704695 ], [ 88.392503000213367, 26.751595899731058 ], [ 88.391687399653847, 26.753098299946657 ], [ 88.390880199661524, 26.754635600152881 ], [ 88.390249899912988, 26.755810200180633 ], [ 88.389989199941681, 26.756324800349319 ], [ 88.389692000085802, 26.756911400240995 ], [ 88.389425200013022, 26.75742329974554 ], [ 88.38908209965922, 26.758071100301095 ], [ 88.388963399941019, 26.75830119994049 ], [ 88.388556099684308, 26.759090599651529 ], [ 88.388454499675504, 26.759287599743004 ], [ 88.388007800119965, 26.760153199910292 ], [ 88.387918599963484, 26.760326099969575 ], [ 88.387478999656196, 26.761166799708064 ], [ 88.387416399647179, 26.761258199606289 ], [ 88.38722200039507, 26.76154199956369 ], [ 88.387142799800415, 26.761657700042861 ], [ 88.387010100335942, 26.761807799590315 ], [ 88.386717299963493, 26.762138799566003 ], [ 88.385548300014079, 26.763460099703877 ], [ 88.384828599560308, 26.764290399682238 ], [ 88.384447599976795, 26.764729800340092 ], [ 88.383749600163981, 26.765534900415389 ], [ 88.383300299769076, 26.766053200394936 ], [ 88.38226560007746, 26.76723369997535 ], [ 88.381765300028633, 26.767766300074754 ], [ 88.380079799643113, 26.769195800345983 ], [ 88.379269499687723, 26.769863299651604 ], [ 88.37892020030705, 26.770190900189959 ], [ 88.378598699870167, 26.770595800156116 ], [ 88.378461099999811, 26.770793300270668 ], [ 88.377666399684642, 26.771933899629801 ], [ 88.376781400241498, 26.773320100242472 ], [ 88.376021300442744, 26.774473800025874 ], [ 88.375178400063191, 26.775715400445449 ], [ 88.374170000145455, 26.777093499965076 ], [ 88.373467699774608, 26.778123499799733 ], [ 88.372744500058673, 26.779133499611362 ], [ 88.372136700448436, 26.779977700410598 ], [ 88.371961900121676, 26.780220399551865 ], [ 88.37134009986579, 26.781116400401629 ], [ 88.370909300324001, 26.781644399569416 ], [ 88.370379499814135, 26.78216590023618 ], [ 88.369117300423113, 26.783346499641311 ], [ 88.368417900365841, 26.784000699772548 ], [ 88.367419800383516, 26.784912900110328 ], [ 88.366503800410101, 26.785793800443571 ], [ 88.366175000176156, 26.786108000184129 ] ] } },
{ "type": "Feature", "properties": { "osm_id": "97820351", "code": 6101, "fclass": "rail", "name": null, "layer": 0.0, "bridge": "F", "tunnel": "F", "Shape_Leng": 0.013428711962800001 }, "geometry": { "type": "LineString", "coordinates": [ [ 88.410629999774756, 26.71383329956717 ], [ 88.410674500028222, 26.714775799863332 ], [ 88.410726800101827, 26.715660999855288 ], [ 88.410677199792985, 26.71655589993486 ], [ 88.410685200161936, 26.716876900348723 ], [ 88.410682500397115, 26.717082999780644 ], [ 88.410663700069733, 26.717370500448283 ], [ 88.410621899581031, 26.717798600225251 ], [ 88.410574200439044, 26.718483600337947 ], [ 88.410793799594217, 26.722332199571383 ], [ 88.41080930030904, 26.722604099699481 ], [ 88.410836899603282, 26.722844099975305 ], [ 88.410879700138082, 26.723100299739087 ], [ 88.4109248002394, 26.723298299876717 ], [ 88.411375900177688, 26.724550800079385 ], [ 88.41148990003893, 26.724808099714096 ], [ 88.411567300190825, 26.725035999611748 ], [ 88.411693899553882, 26.725354499910281 ], [ 88.411746900199319, 26.72552150041696 ], [ 88.411790100033159, 26.725719700204024 ], [ 88.411806699719477, 26.725989299866342 ], [ 88.411787000070035, 26.726319500344744 ], [ 88.411521799891204, 26.727035300438843 ] ] } },
{ "type": "Feature", "properties": { "osm_id": "97820396", "code": 6101, "fclass": "rail", "name": null, "layer": 0.0, "bridge": "F", "tunnel": "F", "Shape_Leng": 0.0078214696579400004 }, "geometry": { "type": "LineString", "coordinates": [ [ 88.411563800029398, 26.727277999580053 ], [ 88.411646499886103, 26.727088499834451 ], [ 88.411900300258708, 26.726558899873396 ], [ 88.412277600031302, 26.725804900176058 ], [ 88.412600300163774, 26.725241900293497 ], [ 88.413024899779373, 26.724564899650431 ], [ 88.413395600326737, 26.723998100132292 ], [ 88.414647099584045, 26.721994499646485 ], [ 88.414806200445867, 26.721752400353068 ], [ 88.415191600412072, 26.721059399871478 ], [ 88.415555399562095, 26.720564799725764 ] ] } },
{ "type": "Feature", "properties": { "osm_id": "97821829", "code": 6101, "fclass": "rail", "name": null, "layer": 0.0, "bridge": "F", "tunnel": "F", "Shape_Leng": 0.0345172935296 }, "geometry": { "type": "LineString", "coordinates": [ [ 88.713151399617459, 26.522636699624059 ], [ 88.711589199881701, 26.522913699807475 ], [ 88.70990320037248, 26.523210600189088 ], [ 88.70721680041504, 26.523687400053518 ], [ 88.703380799784156, 26.524367499760331 ], [ 88.698524299756684, 26.525230099789326 ], [ 88.682315599985031, 26.528106500414708 ], [ 88.679156299623571, 26.528615999628755 ] ] } },
{ "type": "Feature", "properties": { "osm_id": "116544004", "code": 6101, "fclass": "rail", "name": null, "layer": 0.0, "bridge": "F", "tunnel": "F", "Shape_Leng": 0.0097316285530799993 }, "geometry": { "type": "LineString", "coordinates": [ [ 88.40156840026151, 26.678980199576586 ], [ 88.402105300019628, 26.679013200199108 ], [ 88.402738400257022, 26.679008899641076 ], [ 88.403421000079163, 26.678969199968662 ], [ 88.405441499725498, 26.678781300116952 ], [ 88.406503400311749, 26.678674699877547 ], [ 88.406916699945782, 26.678648300278894 ], [ 88.407363100027112, 26.678601999582668 ], [ 88.410385900389031, 26.678326700017237 ], [ 88.411263400385678, 26.678236300165167 ] ] } },
{ "type": "Feature", "properties": { "osm_id": "116544007", "code": 6101, "fclass": "rail", "name": null, "layer": 1.0, "bridge": "T", "tunnel": "F", "Shape_Leng": 0.0024344344779400002 }, "geometry": { "type": "LineString", "coordinates": [ [ 88.411263400385678, 26.678236300165167 ], [ 88.41368050015501, 26.677946300281576 ] ] } },
{ "type": "Feature", "properties": { "osm_id": "116544008", "code": 6101, "fclass": "rail", "name": null, "layer": 1.0, "bridge": "T", "tunnel": "F", "Shape_Leng": 0.00246237749387 }, "geometry": { "type": "LineString", "coordinates": [ [ 88.413648600302736, 26.677672599710775 ], [ 88.411200599827851, 26.677938299912682 ] ] } },
{ "type": "Feature", "properties": { "osm_id": "116544012", "code": 6101, "fclass": "rail", "name": null, "layer": 0.0, "bridge": "F", "tunnel": "F", "Shape_Leng": 0.0096823999448199995 }, "geometry": { "type": "LineString", "coordinates": [ [ 88.411200599827851, 26.677938299912682 ], [ 88.410403000098427, 26.67802440010604 ], [ 88.409738599856553, 26.678115899828981 ], [ 88.409060100043632, 26.678220099777832 ], [ 88.407983099840237, 26.678373099638861 ], [ 88.40689350013497, 26.678562200085537 ], [ 88.40649949995202, 26.678606399965417 ], [ 88.405431099965369, 26.678730000089502 ], [ 88.403407199982325, 26.678917200268643 ], [ 88.402723799763635, 26.678959200406837 ], [ 88.40210429997353, 26.678956499742696 ], [ 88.401584499924809, 26.678927500203997 ] ] } },
{ "type": "Feature", "properties": { "osm_id": "116544014", "code": 6101, "fclass": "rail", "name": null, "layer": 0.0, "bridge": "F", "tunnel": "F", "Shape_Leng": 0.0121549164717 }, "geometry": { "type": "LineString", "coordinates": [ [ 88.41368050015501, 26.677946300281576 ], [ 88.415614600133722, 26.67776239971505 ], [ 88.416368699655834, 26.677686200158064 ], [ 88.416510299710637, 26.67768400041632 ], [ 88.417020500395836, 26.677661299729266 ], [ 88.417614900107594, 26.67767640024573 ], [ 88.418099399967389, 26.677748700342306 ], [ 88.418647099683938, 26.677866300189635 ], [ 88.419406099611876, 26.678142099778142 ], [ 88.419885500315672, 26.678345500344619 ], [ 88.420319700194057, 26.678588099661113 ], [ 88.420715300270956, 26.678841200361148 ], [ 88.421073299693091, 26.679124299746661 ], [ 88.421588499709571, 26.679482200243399 ], [ 88.421894500331007, 26.67968299997051 ], [ 88.422151200117867, 26.679834099564118 ], [ 88.422391700416711, 26.679962799743464 ], [ 88.422641800079077, 26.680078500222635 ], [ 88.42308770013733, 26.680268400166597 ], [ 88.423580099641924, 26.680426699732436 ], [ 88.424103999699867, 26.680542500036381 ], [ 88.425122400078749, 26.680679000035866 ] ] } },
{ "type": "Feature", "properties": { "osm_id": "116619549", "code": 6101, "fclass": "rail", "name": null, "layer": 0.0, "bridge": "F", "tunnel": "F", "Shape_Leng": 0.0033515824607100002 }, "geometry": { "type": "LineString", "coordinates": [ [ 88.426009799812448, 26.680851499896846 ], [ 88.426435099999935, 26.680933000057962 ], [ 88.427413899631802, 26.68103329964714 ], [ 88.427859799690054, 26.681132199891181 ], [ 88.42839260033827, 26.681284799553907 ], [ 88.428969799616596, 26.681539099949532 ], [ 88.429233999749329, 26.681665600387191 ] ] } },
{ "type": "Feature", "properties": { "osm_id": "116619551", "code": 6101, "fclass": "rail", "name": null, "layer": 0.0, "bridge": "F", "tunnel": "F", "Shape_Leng": 0.011983228306800001 }, "geometry": { "type": "LineString", "coordinates": [ [ 88.433271800153534, 26.68278369960808 ], [ 88.433730600087188, 26.682885400340979 ], [ 88.434420399881617, 26.682966600128566 ], [ 88.440614699908508, 26.683672999609314 ], [ 88.441334199813525, 26.68368710007968 ], [ 88.441851599571748, 26.683701099825953 ], [ 88.442958999558243, 26.683721800420813 ], [ 88.443930100094121, 26.683739199604418 ], [ 88.445198100112293, 26.683761900291529 ] ] } },
{ "type": "Feature", "properties": { "osm_id": "116619553", "code": 6101, "fclass": "rail", "name": null, "layer": 0.0, "bridge": "F", "tunnel": "F", "Shape_Leng": 0.0075164679502 }, "geometry": { "type": "LineString", "coordinates": [ [ 88.443930100094121, 26.683739199604418 ], [ 88.444799700445856, 26.683817300328201 ], [ 88.446410500444301, 26.683850899899141 ], [ 88.446692900157302, 26.683862000231159 ], [ 88.447801999862463, 26.683905600263301 ], [ 88.448266499699287, 26.683937400290858 ], [ 88.448964200037835, 26.684027499769343 ], [ 88.449338300022589, 26.684072699695378 ], [ 88.450616500151398, 26.684226999976147 ], [ 88.45094809997488, 26.684307000068031 ], [ 88.451171999688086, 26.684392899712577 ], [ 88.451371900093193, 26.684496900011993 ] ] } },
{ "type": "Feature", "properties": { "osm_id": "116619554", "code": 6101, "fclass": "rail", "name": null, "layer": 0.0, "bridge": "F", "tunnel": "F", "Shape_Leng": 0.0084028170008800009 }, "geometry": { "type": "LineString", "coordinates": [ [ 88.428551399927244, 26.681155700075522 ], [ 88.429466999702356, 26.681267600019794 ], [ 88.431294899639965, 26.681485199982035 ], [ 88.432616000128348, 26.681634000009126 ], [ 88.433219000056852, 26.681697000216445 ], [ 88.433614500308977, 26.681716900414699 ], [ 88.435858199996005, 26.681988199795626 ], [ 88.436476500090464, 26.682055999684678 ], [ 88.436892299839826, 26.682147799781205 ] ] } },
{ "type": "Feature", "properties": { "osm_id": "116619556", "code": 6101, "fclass": "rail", "name": null, "layer": 0.0, "bridge": "F", "tunnel": "F", "Shape_Leng": 0.0010079781939199999 }, "geometry": { "type": "LineString", "coordinates": [ [ 88.4484561999937, 26.682898700414739 ], [ 88.448695800071164, 26.68292650025785 ], [ 88.449141600304642, 26.683002099966984 ], [ 88.449445599934563, 26.683083100105023 ] ] } },
{ "type": "Feature", "properties": { "osm_id": "116619557", "code": 6101, "fclass": "rail", "name": null, "layer": 0.0, "bridge": "F", "tunnel": "F", "Shape_Leng": 0.0055156177191500004 }, "geometry": { "type": "LineString", "coordinates": [ [ 88.446754000097087, 26.683795800236055 ], [ 88.446810800378216, 26.683801199765583 ], [ 88.447282600012045, 26.683845899668597 ], [ 88.447825699696352, 26.683854400060568 ], [ 88.4482960999851, 26.683893300235695 ], [ 88.449370699897941, 26.684025700225959 ], [ 88.450646200261986, 26.684182899920927 ], [ 88.450896299924352, 26.684235799842327 ], [ 88.451225199983071, 26.684365800441412 ], [ 88.451621100433499, 26.684579400219206 ], [ 88.451899400137279, 26.684769300163111 ], [ 88.452059099947576, 26.684898700015026 ] ] } },
{ "type": "Feature", "properties": { "osm_id": "116619558", "code": 6101, "fclass": "rail", "name": null, "layer": 0.0, "bridge": "F", "tunnel": "F", "Shape_Leng": 0.00061194182393999996 }, "geometry": { "type": "LineString", "coordinates": [ [ 88.432900999781396, 26.683225300007621 ], [ 88.433196300269117, 26.683357399624356 ], [ 88.433459500355696, 26.683475399669987 ] ] } },
{ "type": "Feature", "properties": { "osm_id": "116619560", "code": 6101, "fclass": "rail", "name": null, "layer": 0.0, "bridge": "F", "tunnel": "F", "Shape_Leng": 0.00231849336611 }, "geometry": { "type": "LineString", "coordinates": [ [ 88.436497500159589, 26.680687100229534 ], [ 88.435878799866771, 26.680637499920749 ], [ 88.435624600195183, 26.68065220023891 ], [ 88.435056600082078, 26.68073249980506 ], [ 88.434573399742646, 26.680755099768078 ], [ 88.434187599578138, 26.680752800201617 ] ] } },
{ "type": "Feature", "properties": { "osm_id": "116619564", "code": 6101, "fclass": "rail", "name": null, "layer": 0.0, "bridge": "F", "tunnel": "F", "Shape_Leng": 0.0029882632490200001 }, "geometry": { "type": "LineString", "coordinates": [ [ 88.448846000342712, 26.682742300217058 ], [ 88.448377699970933, 26.682397299595777 ], [ 88.448069399783037, 26.682237699610198 ], [ 88.447987799797204, 26.682201500099211 ], [ 88.447811699950023, 26.68212329955071 ], [ 88.447617199973877, 26.682063900228854 ], [ 88.447378500117736, 26.682027500169056 ], [ 88.447338900270097, 26.682021499892357 ], [ 88.44659249984403, 26.681963599740413 ], [ 88.446052299574035, 26.681899700211034 ] ] } },
{ "type": "Feature", "properties": { "osm_id": "116619565", "code": 6101, "fclass": "rail", "name": null, "layer": 0.0, "bridge": "F", "tunnel": "F", "Shape_Leng": 0.0031222905218500001 }, "geometry": { "type": "LineString", "coordinates": [ [ 88.431875699803754, 26.68047260023036 ], [ 88.43224750022199, 26.680482400142694 ], [ 88.432653900257321, 26.680478099584661 ], [ 88.433300600042742, 26.680431500313546 ], [ 88.433967899698871, 26.680384900143054 ], [ 88.434312599946566, 26.680366500014031 ], [ 88.434628799779318, 26.680370799672744 ], [ 88.434991499957789, 26.680413600207544 ] ] } },
{ "type": "Feature", "properties": { "osm_id": "116619567", "code": 6101, "fclass": "rail", "name": null, "layer": 0.0, "bridge": "F", "tunnel": "F", "Shape_Leng": 0.0017007585906100001 }, "geometry": { "type": "LineString", "coordinates": [ [ 88.435850099802337, 26.68109910034326 ], [ 88.4355814003614, 26.681034299693238 ], [ 88.435223599689436, 26.680933599905757 ], [ 88.43484610026735, 26.680845299970656 ], [ 88.434187599578138, 26.680752800201617 ] ] } },
{ "type": "Feature", "properties": { "osm_id": "116619568", "code": 6101, "fclass": "rail", "name": null, "layer": 0.0, "bridge": "F", "tunnel": "F", "Shape_Leng": 0.0085891992136499992 }, "geometry": { "type": "LineString", "coordinates": [ [ 88.439069500057428, 26.681753400299215 ], [ 88.439474400023585, 26.681747200373024 ], [ 88.439845999893066, 26.68175140020702 ], [ 88.444291999875929, 26.682270800057438 ], [ 88.447067299616265, 26.682562300010204 ], [ 88.447355099758113, 26.682606099691782 ], [ 88.44760220018145, 26.682667900203455 ] ] } },
{ "type": "Feature", "properties": { "osm_id": "116619569", "code": 6101, "fclass": "rail", "name": null, "layer": 0.0, "bridge": "F", "tunnel": "F", "Shape_Leng": 0.0100320077771 }, "geometry": { "type": "LineString", "coordinates": [ [ 88.433669400322628, 26.682775100290712 ], [ 88.434279899697685, 26.682842400156687 ], [ 88.437699400007375, 26.68324189969394 ], [ 88.441851599571748, 26.683701099825953 ], [ 88.442379499814137, 26.683741900268558 ], [ 88.442717900310925, 26.683802699834757 ], [ 88.44360930022907, 26.684046899944519 ] ] } },
{ "type": "Feature", "properties": { "osm_id": "116619570", "code": 6101, "fclass": "rail", "name": null, "layer": 0.0, "bridge": "F", "tunnel": "F", "Shape_Leng": 0.016177843425000001 }, "geometry": { "type": "LineString", "coordinates": [ [ 88.431920999554563, 26.682582200208401 ], [ 88.432718600183307, 26.682768799640428 ], [ 88.433483499663851, 26.682899499912025 ], [ 88.434086299942862, 26.68297899998089 ], [ 88.435707100402396, 26.683162600173887 ], [ 88.439426799807052, 26.683582900130773 ], [ 88.441100900386289, 26.683766600148545 ], [ 88.44360930022907, 26.684046899944519 ], [ 88.444150700194712, 26.68410740003651 ], [ 88.446193100131552, 26.684351199947969 ], [ 88.446370299849491, 26.684372299841812 ], [ 88.446550700254647, 26.68439189966648 ], [ 88.446627899857731, 26.684400300233733 ], [ 88.446878200068909, 26.684427500228992 ], [ 88.447971899783397, 26.684553999767331 ] ] } },
{ "type": "Feature", "properties": { "osm_id": "116619571", "code": 6101, "fclass": "rail", "name": null, "layer": 0.0, "bridge": "F", "tunnel": "F", "Shape_Leng": 0.00076239001704299998 }, "geometry": { "type": "LineString", "coordinates": [ [ 88.448690500366354, 26.682978199584284 ], [ 88.448924199991893, 26.683007100197585 ], [ 88.449136000226304, 26.683038300377291 ], [ 88.449445599934563, 26.683083100105023 ] ] } },
{ "type": "Feature", "properties": { "osm_id": "116619573", "code": 6101, "fclass": "rail", "name": null, "layer": 0.0, "bridge": "F", "tunnel": "F", "Shape_Leng": 0.0073195523285099996 }, "geometry": { "type": "LineString", "coordinates": [ [ 88.41846970031645, 26.678409499698716 ], [ 88.4192454995802, 26.678762099591268 ], [ 88.420028499715556, 26.679125299792815 ], [ 88.421913199934295, 26.679994400121529 ], [ 88.422442200047556, 26.68021769998694 ], [ 88.422807500166073, 26.680339100369224 ], [ 88.423074300238795, 26.680422999921575 ], [ 88.423302499610713, 26.680477300087375 ], [ 88.423530299683648, 26.680518900027266 ], [ 88.423894599756011, 26.680585600045447 ], [ 88.42445949990605, 26.68066140030345 ], [ 88.425337400101, 26.680761000220059 ] ] } },
{ "type": "Feature", "properties": { "osm_id": "116619574", "code": 6101, "fclass": "rail", "name": null, "layer": 0.0, "bridge": "F", "tunnel": "F", "Shape_Leng": 0.0018999928834 }, "geometry": { "type": "LineString", "coordinates": [ [ 88.437445700358865, 26.682364000398366 ], [ 88.43802289963719, 26.682316699656042 ], [ 88.438342300157103, 26.682290600430917 ], [ 88.438614200285201, 26.682286299872885 ], [ 88.439047199568677, 26.682344500398415 ], [ 88.439332999618273, 26.682402200001604 ] ] } },
{ "type": "Feature", "properties": { "osm_id": "116619575", "code": 6101, "fclass": "rail", "name": null, "layer": 0.0, "bridge": "F", "tunnel": "F", "Shape_Leng": 0.0050443255703799999 }, "geometry": { "type": "LineString", "coordinates": [ [ 88.439156899771149, 26.680548299764268 ], [ 88.4385134995984, 26.680477100437884 ], [ 88.438010499784809, 26.6804214998524 ], [ 88.435648600402658, 26.680156600047098 ], [ 88.434143700071786, 26.679988800043134 ] ] } },
{ "type": "Feature", "properties": { "osm_id": "116619576", "code": 6101, "fclass": "rail", "name": null, "layer": 0.0, "bridge": "F", "tunnel": "F", "Shape_Leng": 0.0028196841608100001 }, "geometry": { "type": "LineString", "coordinates": [ [ 88.441516100287856, 26.681256700236588 ], [ 88.442020500345848, 26.681321499987291 ], [ 88.442646399711634, 26.681393600434376 ], [ 88.443501399569982, 26.681484100111163 ], [ 88.44431860002345, 26.681566299944848 ] ] } },
{ "type": "Feature", "properties": { "osm_id": "116619581", "code": 6101, "fclass": "rail", "name": null, "layer": 0.0, "bridge": "F", "tunnel": "F", "Shape_Leng": 0.0082912298993199993 }, "geometry": { "type": "LineString", "coordinates": [ [ 88.437977300412115, 26.681382599927076 ], [ 88.4381478001809, 26.681406100111474 ], [ 88.43923549961869, 26.681515199566832 ], [ 88.44162159975707, 26.681786499847135 ], [ 88.445578099649651, 26.682223799688643 ], [ 88.445882500377138, 26.682234800195943 ], [ 88.446221599647174, 26.682223299665623 ] ] } },
{ "type": "Feature", "properties": { "osm_id": "116619582", "code": 6101, "fclass": "rail", "name": null, "layer": 0.0, "bridge": "F", "tunnel": "F", "Shape_Leng": 0.0037922960433600002 }, "geometry": { "type": "LineString", "coordinates": [ [ 88.431875699803754, 26.68047260023036 ], [ 88.43220030020376, 26.680424800364278 ], [ 88.43332899973359, 26.680342499806557 ], [ 88.433685699635362, 26.680289400235665 ], [ 88.43394879989728, 26.680257700032882 ], [ 88.434233500076004, 26.680256600162011 ], [ 88.434924100267096, 26.6803346001617 ], [ 88.435137899694382, 26.680375299880211 ], [ 88.435643899646323, 26.680435200124464 ] ] } },
{ "type": "Feature", "properties": { "osm_id": "116619585", "code": 6101, "fclass": "rail", "name": null, "layer": 0.0, "bridge": "F", "tunnel": "F", "Shape_Leng": 0.0049594721500200003 }, "geometry": { "type": "LineString", "coordinates": [ [ 88.443233600350425, 26.683054099667004 ], [ 88.441273300422552, 26.682836499704763 ], [ 88.439409700097656, 26.682652799686991 ], [ 88.43897309992866, 26.682632000166734 ], [ 88.438538700400784, 26.682643099599431 ], [ 88.438295899636103, 26.682648599853053 ] ] } },
{ "type": "Feature", "properties": { "osm_id": "116619586", "code": 6106, "fclass": "narrow_gauge", "name": null, "layer": 0.0, "bridge": "F", "tunnel": "F", "Shape_Leng": 0.0145560366591 }, "geometry": { "type": "LineString", "coordinates": [ [ 88.40910520014495, 26.731986900175343 ], [ 88.409213400278247, 26.731587399738771 ], [ 88.409535899861964, 26.730914300354755 ], [ 88.40966019965856, 26.730801099990799 ], [ 88.409925399837391, 26.730698199562312 ], [ 88.410154000306932, 26.730613399788638 ], [ 88.410366900412157, 26.730496399789047 ], [ 88.410513200323976, 26.730372900389114 ], [ 88.410675300424828, 26.730120400436192 ], [ 88.411645499840006, 26.728659299786898 ], [ 88.412113800211785, 26.727906899983509 ], [ 88.412181500276063, 26.727713900076481 ], [ 88.412196400243715, 26.727611700219825 ], [ 88.412204399713346, 26.727442400146685 ], [ 88.412181799750329, 26.727236500364256 ], [ 88.412163799819552, 26.727085600420196 ], [ 88.412148399828823, 26.726931800162504 ], [ 88.41215419955671, 26.726797400079988 ], [ 88.412221100123702, 26.726555000412986 ], [ 88.412370699648136, 26.726282200063508 ], [ 88.412707699900466, 26.725758600379152 ], [ 88.413006999673371, 26.725316300307043 ], [ 88.413586299767985, 26.724425199863106 ], [ 88.413850200426452, 26.724007400021549 ], [ 88.414079399844468, 26.723644699843078 ], [ 88.414604399773282, 26.722849299855341 ], [ 88.414786300247613, 26.722623300225166 ], [ 88.415019599674849, 26.722332300295477 ], [ 88.415466399954425, 26.7216674998553 ], [ 88.415716299967301, 26.721275499764545 ], [ 88.415843400252754, 26.720947300277714 ], [ 88.415878300243435, 26.720778600052427 ], [ 88.415887299759163, 26.720624799794734 ], [ 88.415894399906676, 26.720404599892447 ], [ 88.41593409957909, 26.72019019971799 ], [ 88.416137699795058, 26.719738699581399 ] ] } },
{ "type": "Feature", "properties": { "osm_id": "116619589", "code": 6101, "fclass": "rail", "name": null, "layer": 0.0, "bridge": "F", "tunnel": "F", "Shape_Leng": 0.0034520226230400001 }, "geometry": { "type": "LineString", "coordinates": [ [ 88.434737199562164, 26.679915900098763 ], [ 88.438167200356077, 26.680305200424698 ] ] } },
{ "type": "Feature", "properties": { "osm_id": "116619590", "code": 6101, "fclass": "rail", "name": null, "layer": 0.0, "bridge": "F", "tunnel": "F", "Shape_Leng": 0.00297926729156 }, "geometry": { "type": "LineString", "coordinates": [ [ 88.437020900194454, 26.68348149977146 ], [ 88.434060799666213, 26.68314410022009 ] ] } },
{ "type": "Feature", "properties": { "osm_id": "116619591", "code": 6101, "fclass": "rail", "name": null, "layer": 0.0, "bridge": "F", "tunnel": "F", "Shape_Leng": 0.00117653211668 }, "geometry": { "type": "LineString", "coordinates": [ [ 88.439241999918409, 26.682276400135834 ], [ 88.439778799851808, 26.682284399605408 ], [ 88.440418400388921, 26.68229399986825 ] ] } },
{ "type": "Feature", "properties": { "osm_id": "116619593", "code": 6101, "fclass": "rail", "name": null, "layer": 0.0, "bridge": "F", "tunnel": "F", "Shape_Leng": 0.0013396400798599999 }, "geometry": { "type": "LineString", "coordinates": [ [ 88.432193000406699, 26.681400800406664 ], [ 88.430854099637031, 26.681356300153197 ] ] } },
{ "type": "Feature", "properties": { "osm_id": "116619594", "code": 6101, "fclass": "rail", "name": null, "layer": 0.0, "bridge": "F", "tunnel": "F", "Shape_Leng": 0.00065275716006 }, "geometry": { "type": "LineString", "coordinates": [ [ 88.435643899646323, 26.680435200124464 ], [ 88.434991499957789, 26.680413600207544 ] ] } },
{ "type": "Feature", "properties": { "osm_id": "116619595", "code": 6101, "fclass": "rail", "name": null, "layer": 0.0, "bridge": "F", "tunnel": "F", "Shape_Leng": 0.0045661166458399998 }, "geometry": { "type": "LineString", "coordinates": [ [ 88.438686500381721, 26.680449699893813 ], [ 88.43851970042391, 26.680430500267448 ], [ 88.434150400020997, 26.67992700043078 ] ] } },
{ "type": "Feature", "properties": { "osm_id": "116619596", "code": 6101, "fclass": "rail", "name": null, "layer": 0.0, "bridge": "F", "tunnel": "F", "Shape_Leng": 0.00150233176674 }, "geometry": { "type": "LineString", "coordinates": [ [ 88.433121800430797, 26.679921000154081 ], [ 88.431630399823177, 26.679740099725848 ] ] } },
{ "type": "Feature", "properties": { "osm_id": "116619598", "code": 6101, "fclass": "rail", "name": null, "layer": 0.0, "bridge": "F", "tunnel": "F", "Shape_Leng": 0.00085298694429499996 }, "geometry": { "type": "LineString", "coordinates": [ [ 88.437126200014177, 26.681325900370041 ], [ 88.437977300412115, 26.681382599927076 ] ] } },
{ "type": "Feature", "properties": { "osm_id": "116619612", "code": 6101, "fclass": "rail", "name": null, "layer": 0.0, "bridge": "F", "tunnel": "F", "Shape_Leng": 0.000617491444713 }, "geometry": { "type": "LineString", "coordinates": [ [ 88.43944639963172, 26.680580400165411 ], [ 88.439751800405304, 26.680658099791515 ], [ 88.440028500215192, 26.680780000196876 ] ] } },
{ "type": "Feature", "properties": { "osm_id": "116619617", "code": 6101, "fclass": "rail", "name": null, "layer": 0.0, "bridge": "F", "tunnel": "F", "Shape_Leng": 0.0045288673064899998 }, "geometry": { "type": "LineString", "coordinates": [ [ 88.445284899978219, 26.681719399630651 ], [ 88.441564599826506, 26.681306400370147 ], [ 88.440784699654216, 26.681211000287476 ] ] } },
{ "type": "Feature", "properties": { "osm_id": "116619620", "code": 6101, "fclass": "rail", "name": null, "layer": 0.0, "bridge": "F", "tunnel": "F", "Shape_Leng": 0.0093418360767100004 }, "geometry": { "type": "LineString", "coordinates": [ [ 88.433669400322628, 26.682775100290712 ], [ 88.434590899650345, 26.682785900249144 ], [ 88.442958999558243, 26.683721800420813 ] ] } },
{ "type": "Feature", "properties": { "osm_id": "116619621", "code": 6101, "fclass": "rail", "name": null, "layer": 0.0, "bridge": "F", "tunnel": "F", "Shape_Leng": 0.00140349124826 }, "geometry": { "type": "LineString", "coordinates": [ [ 88.446193100131552, 26.684351199947969 ], [ 88.446563100107028, 26.684353700063241 ], [ 88.446634199608695, 26.684354200086318 ], [ 88.446915500350144, 26.684355999629702 ], [ 88.446998100382075, 26.684356600376873 ], [ 88.44759300011691, 26.684421900150596 ] ] } },
{ "type": "Feature", "properties": { "osm_id": "116619624", "code": 6101, "fclass": "rail", "name": null, "layer": 0.0, "bridge": "F", "tunnel": "F", "Shape_Leng": 0.0037012939091599999 }, "geometry": { "type": "LineString", "coordinates": [ [ 88.433219000056852, 26.681697000216445 ], [ 88.433646099787723, 26.681767800243847 ], [ 88.436892299839826, 26.682147799781205 ] ] } },
{ "type": "Feature", "properties": { "osm_id": "116619625", "code": 6101, "fclass": "rail", "name": null, "layer": 0.0, "bridge": "F", "tunnel": "F", "Shape_Leng": 0.0088832098498500007 }, "geometry": { "type": "LineString", "coordinates": [ [ 88.439069500057428, 26.681753400299215 ], [ 88.444281299742272, 26.682351800195477 ], [ 88.447897499769851, 26.68274180019398 ] ] } },
{ "type": "Feature", "properties": { "osm_id": "116619630", "code": 6101, "fclass": "rail", "name": null, "layer": 0.0, "bridge": "F", "tunnel": "F", "Shape_Leng": 0.00533679430183 }, "geometry": { "type": "LineString", "coordinates": [ [ 88.445729999639809, 26.681815000262077 ], [ 88.441559800144717, 26.681347399562867 ], [ 88.440426100384286, 26.681223400139856 ] ] } },
{ "type": "Feature", "properties": { "osm_id": "116619632", "code": 6101, "fclass": "rail", "name": null, "layer": 0.0, "bridge": "F", "tunnel": "F", "Shape_Leng": 0.0081798090099299992 }, "geometry": { "type": "LineString", "coordinates": [ [ 88.44760220018145, 26.682667900203455 ], [ 88.444282799811447, 26.682302400435503 ], [ 88.439474400023585, 26.681747200373024 ] ] } },
{ "type": "Feature", "properties": { "osm_id": "116619634", "code": 6101, "fclass": "rail", "name": null, "layer": 0.0, "bridge": "F", "tunnel": "F", "Shape_Leng": 0.0025090833601300001 }, "geometry": { "type": "LineString", "coordinates": [ [ 88.441617800121435, 26.684539900196285 ], [ 88.441314000141062, 26.684499900150342 ], [ 88.441121400432337, 26.684474499698467 ], [ 88.439812000123766, 26.684318399874314 ], [ 88.439462600019056, 26.684304300303268 ], [ 88.439279099650776, 26.684297700178774 ], [ 88.439123300200208, 26.684283800257219 ] ] } },
{ "type": "Feature", "properties": { "osm_id": "116619637", "code": 6101, "fclass": "rail", "name": null, "layer": 0.0, "bridge": "F", "tunnel": "F", "Shape_Leng": 0.0094377092960100002 }, "geometry": { "type": "LineString", "coordinates": [ [ 88.448151099593645, 26.682813299893951 ], [ 88.444266999622414, 26.682388599554258 ], [ 88.438772300201549, 26.681760700096277 ] ] } },
{ "type": "Feature", "properties": { "osm_id": "116619639", "code": 6101, "fclass": "rail", "name": null, "layer": 0.0, "bridge": "F", "tunnel": "F", "Shape_Leng": 0.00244858793147 }, "geometry": { "type": "LineString", "coordinates": [ [ 88.441516100287856, 26.681256700236588 ], [ 88.442320099592962, 26.681260599696941 ], [ 88.44395589984498, 26.68143029996844 ] ] } },
{ "type": "Feature", "properties": { "osm_id": "116619644", "code": 6101, "fclass": "rail", "name": null, "layer": 0.0, "bridge": "F", "tunnel": "F", "Shape_Leng": 0.00113409366642 }, "geometry": { "type": "LineString", "coordinates": [ [ 88.437169499672734, 26.682516900434678 ], [ 88.437847500361897, 26.682592799618078 ], [ 88.438295899636103, 26.682648599853053 ] ] } },
{ "type": "Feature", "properties": { "osm_id": "116619645", "code": 6101, "fclass": "rail", "name": null, "layer": 0.0, "bridge": "F", "tunnel": "F", "Shape_Leng": 0.0023932391227200001 }, "geometry": { "type": "LineString", "coordinates": [ [ 88.447763499885696, 26.683594200112282 ], [ 88.449179299884861, 26.683542900084831 ], [ 88.450155399751964, 26.6835146002187 ] ] } },
{ "type": "Feature", "properties": { "osm_id": "116619647", "code": 6101, "fclass": "rail", "name": null, "layer": 0.0, "bridge": "F", "tunnel": "F", "Shape_Leng": 0.0048679837180099998 }, "geometry": { "type": "LineString", "coordinates": [ [ 88.440832100221314, 26.685082700406326 ], [ 88.436518199855072, 26.684553599569028 ], [ 88.436004599732541, 26.684461699647784 ] ] } },
{ "type": "Feature", "properties": { "osm_id": "116619651", "code": 6101, "fclass": "rail", "name": null, "layer": 0.0, "bridge": "F", "tunnel": "F", "Shape_Leng": 0.0081128853366100005 }, "geometry": { "type": "LineString", "coordinates": [ [ 88.433271800153534, 26.68278369960808 ], [ 88.43677629988639, 26.683187399878648 ], [ 88.441334199813525, 26.68368710007968 ] ] } },
{ "type": "Feature", "properties": { "osm_id": "116619652", "code": 6106, "fclass": "narrow_gauge", "name": null, "layer": 0.0, "bridge": "F", "tunnel": "F", "Shape_Leng": 0.00071842902625399998 }, "geometry": { "type": "LineString", "coordinates": [ [ 88.442896500273321, 26.683788700088485 ], [ 88.44326080034574, 26.683827200065309 ], [ 88.443612900215214, 26.683826700042232 ] ] } },
{ "type": "Feature", "properties": { "osm_id": "116619656", "code": 6101, "fclass": "rail", "name": null, "layer": 0.0, "bridge": "F", "tunnel": "F", "Shape_Leng": 0.00120556093808 }, "geometry": { "type": "LineString", "coordinates": [ [ 88.44773629989038, 26.682945299685855 ], [ 88.446961499773465, 26.682856999750811 ], [ 88.446543299733548, 26.682777200207681 ] ] } },
{ "type": "Feature", "properties": { "osm_id": "116619659", "code": 6101, "fclass": "rail", "name": null, "layer": 0.0, "bridge": "F", "tunnel": "F", "Shape_Leng": 0.0281847038309 }, "geometry": { "type": "LineString", "coordinates": [ [ 88.430134300257805, 26.681999599601909 ], [ 88.430465200408719, 26.682107199887412 ], [ 88.430834800185949, 26.682188399674942 ], [ 88.430901400379355, 26.68219559964723 ], [ 88.431605699943134, 26.682271399905233 ], [ 88.43377589983794, 26.682492199655314 ], [ 88.434016400136841, 26.682519500374667 ], [ 88.434779500073944, 26.682606200415876 ], [ 88.435811699650287, 26.682723499889676 ], [ 88.438224999783984, 26.682995499842491 ], [ 88.440693600129578, 26.683281600265673 ], [ 88.44309710035094, 26.683539399923404 ], [ 88.443899300112662, 26.683623900222869 ], [ 88.444674299879068, 26.683705400383985 ], [ 88.445198100112293, 26.683761900291529 ], [ 88.446694900249497, 26.683794499816372 ], [ 88.446754000097087, 26.683795800236055 ], [ 88.446811300401237, 26.683796599733341 ], [ 88.447827500139056, 26.683811200226785 ], [ 88.448327700363166, 26.683859299567075 ], [ 88.449391899616558, 26.683985800004734 ], [ 88.449549200035619, 26.684004499608022 ], [ 88.450430200193637, 26.684108900105684 ], [ 88.450623299925383, 26.68412990017481 ], [ 88.450777799855643, 26.684154400405305 ], [ 88.45093310018251, 26.684185599685748 ], [ 88.451149700098654, 26.684235899667101 ], [ 88.451358500194658, 26.684302999883585 ], [ 88.451568099788005, 26.684382099754146 ], [ 88.451716700165662, 26.684450500390312 ], [ 88.451871200095866, 26.684524100007252 ], [ 88.452018699703274, 26.684606200016162 ], [ 88.452189700394399, 26.68471530037084 ], [ 88.452323599554518, 26.68481669983089 ], [ 88.452473199978272, 26.684932500134835 ], [ 88.452670500443276, 26.685113700037277 ], [ 88.452768999589694, 26.685213399778604 ], [ 88.45288980012424, 26.685353899962536 ], [ 88.452990999934741, 26.68548510025721 ], [ 88.453081600335622, 26.685613400238253 ], [ 88.453158700113988, 26.685742200242373 ], [ 88.453245199606329, 26.685903900144922 ], [ 88.453297800053463, 26.686018599678675 ], [ 88.453358499795002, 26.686161599977879 ], [ 88.453402699674882, 26.686289800134205 ], [ 88.453440300329646, 26.686413799557272 ], [ 88.453471799983618, 26.686544400004095 ], [ 88.453503299637646, 26.686694799925135 ], [ 88.453523400384654, 26.686828399610988 ], [ 88.453535499863506, 26.686939199684389 ], [ 88.453540699743542, 26.687115500080324 ], [ 88.453542900384605, 26.687289099812176 ], [ 88.45353080000649, 26.687475999617732 ], [ 88.45351540001576, 26.687571299875628 ], [ 88.453479900177285, 26.68774260004102 ], [ 88.453431600288184, 26.687892999962003 ], [ 88.453371899693479, 26.688056600132029 ], [ 88.453312899670664, 26.688218899882372 ], [ 88.453229299592579, 26.68840479964183 ], [ 88.453135899602159, 26.688589200231434 ], [ 88.4530407000683, 26.688751300332285 ], [ 88.452954500050168, 26.688870400248845 ], [ 88.452867200161222, 26.688975399694982 ], [ 88.452763000212371, 26.689091799846722 ], [ 88.45260710003771, 26.689241699744684 ], [ 88.452433899604841, 26.689400799707187 ], [ 88.452137599970342, 26.689649400199698 ] ] } },
{ "type": "Feature", "properties": { "osm_id": "116619660", "code": 6106, "fclass": "narrow_gauge", "name": null, "layer": 0.0, "bridge": "F", "tunnel": "F", "Shape_Leng": 0.00066093971607 }, "geometry": { "type": "LineString", "coordinates": [ [ 88.44326080034574, 26.683827200065309 ], [ 88.443425799860847, 26.683849700203552 ], [ 88.443514099795948, 26.683866899737666 ], [ 88.443588599634211, 26.683885299866745 ], [ 88.443900200334042, 26.683986800050832 ] ] } },
{ "type": "Feature", "properties": { "osm_id": "116619661", "code": 6101, "fclass": "rail", "name": null, "layer": 0.0, "bridge": "F", "tunnel": "F", "Shape_Leng": 0.0013416518806 }, "geometry": { "type": "LineString", "coordinates": [ [ 88.435709399968914, 26.682328800034156 ], [ 88.43624309993919, 26.682397199771003 ], [ 88.436606200315964, 26.682492199655314 ], [ 88.437025699876187, 26.682578399673446 ] ] } },
{ "type": "Feature", "properties": { "osm_id": "116619662", "code": 6101, "fclass": "rail", "name": null, "layer": 0.0, "bridge": "F", "tunnel": "F", "Shape_Leng": 0.0026156587447300002 }, "geometry": { "type": "LineString", "coordinates": [ [ 88.432019399775527, 26.682768099967916 ], [ 88.432447999575572, 26.682848500258103 ], [ 88.433746199727409, 26.682989799939378 ], [ 88.434614300009969, 26.683088700183418 ] ] } },
{ "type": "Feature", "properties": { "osm_id": "116619663", "code": 6101, "fclass": "rail", "name": null, "layer": 0.0, "bridge": "F", "tunnel": "F", "Shape_Leng": 0.00117735932886 }, "geometry": { "type": "LineString", "coordinates": [ [ 88.432459799580158, 26.682907500280976 ], [ 88.433270300084359, 26.682999699676429 ], [ 88.433629599926178, 26.683040699768526 ] ] } },
{ "type": "Feature", "properties": { "osm_id": "116619664", "code": 6101, "fclass": "rail", "name": null, "layer": 0.0, "bridge": "F", "tunnel": "F", "Shape_Leng": 0.00194820761523 }, "geometry": { "type": "LineString", "coordinates": [ [ 88.439232399655566, 26.682330300103331 ], [ 88.439773099948638, 26.682426399858514 ], [ 88.441163000372228, 26.682585999844093 ] ] } },
{ "type": "Feature", "properties": { "osm_id": "116619665", "code": 6101, "fclass": "rail", "name": null, "layer": 0.0, "bridge": "F", "tunnel": "F", "Shape_Leng": 0.0034294245206900002 }, "geometry": { "type": "LineString", "coordinates": [ [ 88.429752299728932, 26.681888400229525 ], [ 88.43010839978291, 26.682092200094985 ], [ 88.430431199740156, 26.682247600246626 ], [ 88.430693299955863, 26.682365299918729 ], [ 88.431955100047901, 26.682932100336188 ], [ 88.432900999781396, 26.683225300007621 ] ] } },
{ "type": "Feature", "properties": { "osm_id": "116619670", "code": 6101, "fclass": "rail", "name": null, "layer": 0.0, "bridge": "F", "tunnel": "F", "Shape_Leng": 0.0030559197467800001 }, "geometry": { "type": "LineString", "coordinates": [ [ 88.434143700071786, 26.679988800043134 ], [ 88.435571499724972, 26.680326099769729 ], [ 88.43608740031334, 26.680417999690974 ], [ 88.437144799792748, 26.680543300433044 ] ] } },
{ "type": "Feature", "properties": { "osm_id": "116619671", "code": 6101, "fclass": "rail", "name": null, "layer": 0.0, "bridge": "F", "tunnel": "F", "Shape_Leng": 0.0045600569902999998 }, "geometry": { "type": "LineString", "coordinates": [ [ 88.440545200300789, 26.685264599981338 ], [ 88.436818300024584, 26.684808200338239 ], [ 88.436473599776889, 26.68473340012639 ], [ 88.436039899921525, 26.684604000274419 ] ] } },
{ "type": "Feature", "properties": { "osm_id": "116619672", "code": 6101, "fclass": "rail", "name": null, "layer": 0.0, "bridge": "F", "tunnel": "F", "Shape_Leng": 0.0054859674946299997 }, "geometry": { "type": "LineString", "coordinates": [ [ 88.448562599684294, 26.689889199926711 ], [ 88.448222000345083, 26.689928100101781 ], [ 88.447656299798439, 26.689995099594228 ], [ 88.447254899993709, 26.690066100170441 ], [ 88.446951000188562, 26.690164000368384 ], [ 88.44666400044332, 26.690288900012774 ], [ 88.446392200139996, 26.690455600145867 ], [ 88.443808599887006, 26.692368600230793 ] ] } },
{ "type": "Feature", "properties": { "osm_id": "116619673", "code": 6101, "fclass": "rail", "name": null, "layer": 0.0, "bridge": "F", "tunnel": "F", "Shape_Leng": 0.0030506463479300001 }, "geometry": { "type": "LineString", "coordinates": [ [ 88.434060799666213, 26.68314410022009 ], [ 88.434625299617949, 26.683279399624666 ], [ 88.43707940019425, 26.683560599642021 ] ] } },
{ "type": "Feature", "properties": { "osm_id": "116619674", "code": 6101, "fclass": "rail", "name": null, "layer": 0.0, "bridge": "F", "tunnel": "F", "Shape_Leng": 0.0015164234975 }, "geometry": { "type": "LineString", "coordinates": [ [ 88.444907799855116, 26.682764699631207 ], [ 88.445435200074485, 26.682784800378272 ], [ 88.44596389981416, 26.682843599852276 ], [ 88.446412100338193, 26.682931200114865 ] ] } },
{ "type": "Feature", "properties": { "osm_id": "116619676", "code": 6101, "fclass": "rail", "name": null, "layer": 0.0, "bridge": "F", "tunnel": "F", "Shape_Leng": 0.0021961128642800001 }, "geometry": { "type": "LineString", "coordinates": [ [ 88.437003299562662, 26.685208000249077 ], [ 88.435618099895464, 26.684641500205146 ], [ 88.435265500002856, 26.684542599961048 ], [ 88.434950900064052, 26.684432399735499 ] ] } },
{ "type": "Feature", "properties": { "osm_id": "116619678", "code": 6101, "fclass": "rail", "name": null, "layer": 0.0, "bridge": "F", "tunnel": "F", "Shape_Leng": 0.0022186677882300001 }, "geometry": { "type": "LineString", "coordinates": [ [ 88.445130700421544, 26.683232900178268 ], [ 88.445887600432457, 26.683302100311721 ], [ 88.446032000076798, 26.683312099873547 ], [ 88.446145999937983, 26.683317500302451 ], [ 88.446253100200465, 26.683317000279374 ], [ 88.446426299734014, 26.683304899901259 ], [ 88.44680289983404, 26.683264999680034 ], [ 88.446903099598444, 26.683257299684669 ], [ 88.447003800285188, 26.683252699652428 ], [ 88.447342799730507, 26.683250599735459 ] ] } },
{ "type": "Feature", "properties": { "osm_id": "116619679", "code": 6101, "fclass": "rail", "name": null, "layer": 0.0, "bridge": "F", "tunnel": "F", "Shape_Leng": 0.0040981401846399996 }, "geometry": { "type": "LineString", "coordinates": [ [ 88.443272299976741, 26.682775499589695 ], [ 88.447002999888582, 26.683208700321302 ], [ 88.447342799730507, 26.683250599735459 ] ] } },
{ "type": "Feature", "properties": { "osm_id": "116619682", "code": 6101, "fclass": "rail", "name": null, "layer": 0.0, "bridge": "F", "tunnel": "F", "Shape_Leng": 0.0082386492795199998 }, "geometry": { "type": "LineString", "coordinates": [ [ 88.428999499727183, 26.681308799761325 ], [ 88.432705999782115, 26.681706499755194 ], [ 88.436749099891131, 26.682176900043942 ], [ 88.437189600419799, 26.682177700440548 ] ] } },
{ "type": "Feature", "properties": { "osm_id": "116619683", "code": 6101, "fclass": "rail", "name": null, "layer": 0.0, "bridge": "F", "tunnel": "F", "Shape_Leng": 0.0081357592513499992 }, "geometry": { "type": "LineString", "coordinates": [ [ 88.442928999973446, 26.683467800398716 ], [ 88.442278800026656, 26.683338100173216 ], [ 88.435823499654816, 26.682617600222102 ], [ 88.435394600380562, 26.682560999590521 ], [ 88.434849899903043, 26.68255390034227 ] ] } },
{ "type": "Feature", "properties": { "osm_id": "116619686", "code": 6101, "fclass": "rail", "name": null, "layer": 0.0, "bridge": "F", "tunnel": "F", "Shape_Leng": 0.0055473168656100004 }, "geometry": { "type": "LineString", "coordinates": [ [ 88.435344699698192, 26.684300700317124 ], [ 88.435563600080116, 26.684360900035585 ], [ 88.435777199857966, 26.684412600261339 ], [ 88.436004599732541, 26.684461699647784 ], [ 88.436292300049672, 26.684494600445532 ], [ 88.436529400011864, 26.684530700131745 ], [ 88.440838499796996, 26.68503469999149 ] ] } },
{ "type": "Feature", "properties": { "osm_id": "116619688", "code": 6101, "fclass": "rail", "name": null, "layer": 0.0, "bridge": "F", "tunnel": "F", "Shape_Leng": 0.00042440496272600002 }, "geometry": { "type": "LineString", "coordinates": [ [ 88.445284899978219, 26.681719399630651 ], [ 88.444870299924446, 26.681628700304316 ] ] } },
{ "type": "Feature", "properties": { "osm_id": "116619689", "code": 6101, "fclass": "rail", "name": null, "layer": 0.0, "bridge": "F", "tunnel": "F", "Shape_Leng": 0.0055631550550299998 }, "geometry": { "type": "LineString", "coordinates": [ [ 88.443298400101128, 26.682586700415925 ], [ 88.439799999570369, 26.68218200009926 ], [ 88.438110099701419, 26.68198650007696 ], [ 88.437772100302254, 26.681947400252398 ] ] } },
{ "type": "Feature", "properties": { "osm_id": "116619690", "code": 6101, "fclass": "rail", "name": null, "layer": 0.0, "bridge": "F", "tunnel": "F", "Shape_Leng": 0.00372530341359 }, "geometry": { "type": "LineString", "coordinates": [ [ 88.436739200154022, 26.685212299907789 ], [ 88.434950900064052, 26.684432399735499 ], [ 88.43464090015749, 26.684275600238834 ], [ 88.434335799757434, 26.684075000161158 ], [ 88.433459500355696, 26.683475399669987 ] ] } },
{ "type": "Feature", "properties": { "osm_id": "116619691", "code": 6101, "fclass": "rail", "name": null, "layer": 0.0, "bridge": "F", "tunnel": "F", "Shape_Leng": 0.0022213120329299999 }, "geometry": { "type": "LineString", "coordinates": [ [ 88.436497500159589, 26.680687100229534 ], [ 88.43691749974289, 26.680767600344552 ], [ 88.437892499739121, 26.680889800224179 ], [ 88.438335200009533, 26.680932199661356 ], [ 88.43845300040573, 26.680929300247044 ], [ 88.43870140034943, 26.680923100320854 ] ] } },
{ "type": "Feature", "properties": { "osm_id": "116619692", "code": 6101, "fclass": "rail", "name": null, "layer": 0.0, "bridge": "F", "tunnel": "F", "Shape_Leng": 0.0034388975179400001 }, "geometry": { "type": "LineString", "coordinates": [ [ 88.450795600136871, 26.689079900017418 ], [ 88.449882999600788, 26.689537799729749 ], [ 88.449410399570354, 26.689759100402227 ], [ 88.449093800438618, 26.689870399599329 ], [ 88.448858699669302, 26.689965600032451 ], [ 88.448676700269573, 26.69007830037333 ], [ 88.447814899737864, 26.690750100236983 ] ] } },
{ "type": "Feature", "properties": { "osm_id": "116619697", "code": 6101, "fclass": "rail", "name": null, "layer": 0.0, "bridge": "F", "tunnel": "F", "Shape_Leng": 0.0018393683911699999 }, "geometry": { "type": "LineString", "coordinates": [ [ 88.436168799750362, 26.681129699775852 ], [ 88.436538400426912, 26.68121370005224 ], [ 88.436864800370302, 26.681330100204036 ], [ 88.437332800368495, 26.681542600110959 ], [ 88.437565599772654, 26.681617199773996 ], [ 88.437910300020405, 26.681703600340938 ] ] } },
{ "type": "Feature", "properties": { "osm_id": "116619699", "code": 6101, "fclass": "rail", "name": null, "layer": 0.0, "bridge": "F", "tunnel": "F", "Shape_Leng": 0.0099241080861100003 }, "geometry": { "type": "LineString", "coordinates": [ [ 88.438833400141334, 26.681848400183583 ], [ 88.439415200351277, 26.681959800104721 ], [ 88.446543299733548, 26.682777200207681 ], [ 88.447360699836509, 26.682856999750811 ], [ 88.448050499630938, 26.682934700276235 ], [ 88.448690500366354, 26.682978199584284 ] ] } },
{ "type": "Feature", "properties": { "osm_id": "116619701", "code": 6101, "fclass": "rail", "name": null, "layer": 0.0, "bridge": "F", "tunnel": "F", "Shape_Leng": 0.0039057327067099998 }, "geometry": { "type": "LineString", "coordinates": [ [ 88.433716200142555, 26.681865999915999 ], [ 88.436740700223197, 26.682212999730211 ], [ 88.436960800300767, 26.68222429971172 ], [ 88.437153099635907, 26.682219699679422 ], [ 88.437601700358243, 26.682226199979198 ] ] } },
{ "type": "Feature", "properties": { "osm_id": "116619702", "code": 6101, "fclass": "rail", "name": null, "layer": 0.0, "bridge": "F", "tunnel": "F", "Shape_Leng": 0.0094101741916699996 }, "geometry": { "type": "LineString", "coordinates": [ [ 88.444674299879068, 26.683705400383985 ], [ 88.443632699689374, 26.683664799590872 ], [ 88.443273800045915, 26.683624000047587 ], [ 88.442466600053592, 26.683532399600608 ], [ 88.4406916998621, 26.683336299730513 ], [ 88.438217100139127, 26.683050200206651 ], [ 88.435316499656778, 26.682737499635948 ] ] } },
{ "type": "Feature", "properties": { "osm_id": "116619704", "code": 6101, "fclass": "rail", "name": null, "layer": 0.0, "bridge": "F", "tunnel": "F", "Shape_Leng": 0.0029695391918399998 }, "geometry": { "type": "LineString", "coordinates": [ [ 88.448327700363166, 26.683859299567075 ], [ 88.44894589973353, 26.683877500046663 ], [ 88.449390199897891, 26.683817900175995 ], [ 88.450000399798682, 26.683696499793655 ], [ 88.450571099676552, 26.683628100056808 ], [ 88.450899700261004, 26.683628100056808 ], [ 88.451276699660013, 26.683641800328871 ] ] } },
{ "type": "Feature", "properties": { "osm_id": "116619706", "code": 6101, "fclass": "rail", "name": null, "layer": 0.0, "bridge": "F", "tunnel": "F", "Shape_Leng": 0.0099494914062699998 }, "geometry": { "type": "LineString", "coordinates": [ [ 88.434016400136841, 26.682519500374667 ], [ 88.434637599645555, 26.682529300287001 ], [ 88.434849899903043, 26.68255390034227 ], [ 88.440705499958938, 26.683233900224366 ], [ 88.442928999973446, 26.683467800398716 ], [ 88.443324400400797, 26.683509400338608 ], [ 88.443899300112662, 26.683623900222869 ] ] } },
{ "type": "Feature", "properties": { "osm_id": "116619707", "code": 6101, "fclass": "rail", "name": null, "layer": 0.0, "bridge": "F", "tunnel": "F", "Shape_Leng": 0.0085650227736000003 }, "geometry": { "type": "LineString", "coordinates": [ [ 88.434779500073944, 26.682606200415876 ], [ 88.435316499656778, 26.682737499635948 ], [ 88.435750400060954, 26.682843599852276 ], [ 88.438215100046875, 26.683103199952768 ], [ 88.440689699769905, 26.68338930037595 ], [ 88.4424764997907, 26.683590600126138 ], [ 88.443273800045915, 26.683624000047587 ] ] } },
{ "type": "Feature", "properties": { "osm_id": "116619710", "code": 6101, "fclass": "rail", "name": null, "layer": 0.0, "bridge": "F", "tunnel": "F", "Shape_Leng": 0.0064815108555800003 }, "geometry": { "type": "LineString", "coordinates": [ [ 88.430999799701056, 26.681714199750559 ], [ 88.43147420017425, 26.681718600133365 ], [ 88.433262899563204, 26.681906300335527 ], [ 88.434965600382213, 26.6820954997076 ], [ 88.435688300075071, 26.682181699725732 ], [ 88.436990299862487, 26.682339199794285 ], [ 88.437445700358865, 26.682364000398366 ] ] } },
{ "type": "Feature", "properties": { "osm_id": "116619711", "code": 6106, "fclass": "narrow_gauge", "name": null, "layer": 0.0, "bridge": "F", "tunnel": "F", "Shape_Leng": 0.0033556644090299999 }, "geometry": { "type": "LineString", "coordinates": [ [ 88.443173600281511, 26.683892700387844 ], [ 88.443900200334042, 26.683986800050832 ], [ 88.445921700026474, 26.684194899575004 ], [ 88.446019299850889, 26.684201200225289 ], [ 88.446091699772182, 26.684201200225289 ], [ 88.44615090034381, 26.684197399690277 ], [ 88.446221800195985, 26.684189199671891 ], [ 88.446282800311053, 26.684181999699604 ], [ 88.446354899858818, 26.684170699718095 ], [ 88.446414200255219, 26.684166400059382 ], [ 88.446510200185628, 26.684163100446767 ] ] } },
{ "type": "Feature", "properties": { "osm_id": "116619712", "code": 6101, "fclass": "rail", "name": null, "layer": 0.0, "bridge": "F", "tunnel": "F", "Shape_Leng": 0.0075143673322500002 }, "geometry": { "type": "LineString", "coordinates": [ [ 88.435837699949957, 26.681807200441995 ], [ 88.437953999877266, 26.681846699565597 ], [ 88.438141200056407, 26.681868500031328 ], [ 88.439106300315586, 26.681980999823338 ], [ 88.440804099829393, 26.682175200325275 ], [ 88.44331720042851, 26.68245590031961 ] ] } },
{ "type": "Feature", "properties": { "osm_id": "116619713", "code": 6101, "fclass": "rail", "name": null, "layer": 0.0, "bridge": "F", "tunnel": "F", "Shape_Leng": 0.0089880628322400007 }, "geometry": { "type": "LineString", "coordinates": [ [ 88.44861810044506, 26.682602999728715 ], [ 88.448292800372485, 26.68239979971105 ], [ 88.448033599571033, 26.682264299757662 ], [ 88.44791890003728, 26.682224799734797 ], [ 88.447661399853757, 26.682146299712031 ], [ 88.447513300398555, 26.682119200440809 ], [ 88.447369200228479, 26.682098599670667 ], [ 88.447269499587776, 26.682084400274903 ], [ 88.446697099991241, 26.682029000238231 ], [ 88.443586200243033, 26.6816755001243 ], [ 88.44192150027709, 26.681487700097307 ], [ 88.441164500441403, 26.681398999963903 ], [ 88.440797700253711, 26.681358300245392 ], [ 88.440464700185828, 26.681316099558387 ], [ 88.440185500260668, 26.681284599904416 ], [ 88.439791699727209, 26.681247199798463 ] ] } },
{ "type": "Feature", "properties": { "osm_id": "116619714", "code": 6101, "fclass": "rail", "name": null, "layer": 0.0, "bridge": "F", "tunnel": "F", "Shape_Leng": 0.0073870754782799997 }, "geometry": { "type": "LineString", "coordinates": [ [ 88.433459500355696, 26.683475399669987 ], [ 88.434772200276882, 26.684049599709283 ], [ 88.435344699698192, 26.684300700317124 ], [ 88.435986499977048, 26.684582199808744 ], [ 88.436039899921525, 26.684604000274419 ], [ 88.436467200201207, 26.684778600052425 ], [ 88.436802499835551, 26.684861899756925 ], [ 88.440538799825788, 26.685313999741368 ] ] } },
{ "type": "Feature", "properties": { "osm_id": "116619715", "code": 6101, "fclass": "rail", "name": null, "layer": 0.0, "bridge": "F", "tunnel": "F", "Shape_Leng": 0.011462046536600001 }, "geometry": { "type": "LineString", "coordinates": [ [ 88.447971899783397, 26.684553999767331 ], [ 88.448553600168566, 26.684582699831765 ], [ 88.449827899937702, 26.684730800186344 ], [ 88.450106699664502, 26.684775699738793 ], [ 88.45039930038746, 26.684831999996845 ], [ 88.450634900280477, 26.684888400079672 ], [ 88.450984500034735, 26.685013000249796 ], [ 88.45117210041218, 26.685113600212503 ], [ 88.45145269968242, 26.685321400262467 ], [ 88.451731799782806, 26.685631099795444 ], [ 88.451928399675978, 26.685917999715969 ], [ 88.452040900367308, 26.686167399705766 ], [ 88.452105399744482, 26.686361799857252 ], [ 88.452150400021026, 26.686562899957892 ], [ 88.452171400090094, 26.686757300109377 ], [ 88.452177400366793, 26.686966500403742 ], [ 88.452162399675046, 26.687214500149139 ], [ 88.452096400228754, 26.68750269958997 ], [ 88.452042400436483, 26.687671700188844 ], [ 88.451944900436843, 26.687868800105093 ], [ 88.451796300059243, 26.688098000422428 ], [ 88.451688299575437, 26.688260200347997 ], [ 88.451544200304681, 26.688438599761639 ], [ 88.451338599996461, 26.688647999705495 ], [ 88.450795600136871, 26.689079900017418 ], [ 88.450681499551649, 26.689170600243074 ], [ 88.450333600415377, 26.689463000417163 ], [ 88.45006049969237, 26.689746800374564 ], [ 88.449938899660538, 26.689952100309256 ], [ 88.449775400214605, 26.690260600146644 ], [ 88.449671899938267, 26.690421700201341 ], [ 88.449399800160734, 26.690668799725358 ], [ 88.44843319983238, 26.691413200059174 ] ] } },
{ "type": "Feature", "properties": { "osm_id": "116619716", "code": 6101, "fclass": "rail", "name": null, "layer": 0.0, "bridge": "F", "tunnel": "F", "Shape_Leng": 0.0097623485150699994 }, "geometry": { "type": "LineString", "coordinates": [ [ 88.448643699647107, 26.682672299686942 ], [ 88.448321100238616, 26.682518199955041 ], [ 88.447987199949353, 26.682367999683493 ], [ 88.447770000185415, 26.682306500444668 ], [ 88.447522499563775, 26.682238500006804 ], [ 88.447249000441047, 26.682189000422056 ], [ 88.446687700277209, 26.682141000007221 ], [ 88.4404672003011, 26.681432100411143 ], [ 88.439698500285601, 26.681346500240863 ], [ 88.439021899840839, 26.681271100181164 ] ] } },
{ "type": "Feature", "properties": { "osm_id": "116619717", "code": 6101, "fclass": "rail", "name": null, "layer": 0.0, "bridge": "F", "tunnel": "F", "Shape_Leng": 0.00931915811854 }, "geometry": { "type": "LineString", "coordinates": [ [ 88.432165000014777, 26.682895999750656 ], [ 88.433188399724941, 26.683225999680189 ], [ 88.433749799713553, 26.683411099942361 ], [ 88.435547700066365, 26.683991699557339 ], [ 88.436033899644826, 26.68411889966751 ], [ 88.436518199855072, 26.684223099616418 ], [ 88.436883800347175, 26.684284900128091 ], [ 88.439127500034147, 26.68456140028843 ], [ 88.439440099880755, 26.684578699647318 ], [ 88.439764300082459, 26.684568500436001 ], [ 88.440455199747703, 26.68452300013638 ], [ 88.440591900295999, 26.684506500274836 ], [ 88.440717100313975, 26.684491399758315 ], [ 88.4410583004003, 26.684495200293327 ], [ 88.441257199859933, 26.68450529967987 ] ] } },
{ "type": "Feature", "properties": { "osm_id": "116619719", "code": 6101, "fclass": "rail", "name": null, "layer": 0.0, "bridge": "F", "tunnel": "F", "Shape_Leng": 0.0034632927023 }, "geometry": { "type": "LineString", "coordinates": [ [ 88.434737199562164, 26.679915900098763 ], [ 88.435366000140846, 26.67990400026946 ], [ 88.437721900145618, 26.680181299927085 ], [ 88.438167200356077, 26.680305200424698 ] ] } },
{ "type": "Feature", "properties": { "osm_id": "116619720", "code": 6101, "fclass": "rail", "name": null, "layer": 0.0, "bridge": "F", "tunnel": "F", "Shape_Leng": 0.0085886847468199991 }, "geometry": { "type": "LineString", "coordinates": [ [ 88.441558200250824, 26.684855299632432 ], [ 88.441392599988546, 26.684837500250467 ], [ 88.441264700205807, 26.684823700153686 ], [ 88.4403296004308, 26.684723200015696 ], [ 88.439529800060257, 26.684631499743944 ], [ 88.436863599775393, 26.684325800395413 ], [ 88.436496799587701, 26.684267900243469 ], [ 88.435987699672637, 26.68415910026232 ], [ 88.435507000347855, 26.684034799566405 ], [ 88.433935300174028, 26.683516700135669 ], [ 88.433152700236974, 26.683268700390272 ] ] } },
{ "type": "Feature", "properties": { "osm_id": "116619721", "code": 6101, "fclass": "rail", "name": null, "layer": 0.0, "bridge": "F", "tunnel": "F", "Shape_Leng": 0.0017403911372399999 }, "geometry": { "type": "LineString", "coordinates": [ [ 88.436909500273259, 26.681210799738665 ], [ 88.437249499764675, 26.681215700144492 ], [ 88.437560999740413, 26.681208599996921 ], [ 88.437883600048167, 26.681194500425931 ], [ 88.438177600116205, 26.681210299715588 ], [ 88.438277299857589, 26.681215700144492 ], [ 88.438647700031368, 26.681245500079797 ] ] } },
{ "type": "Feature", "properties": { "osm_id": "116619722", "code": 6101, "fclass": "rail", "name": null, "layer": 0.0, "bridge": "F", "tunnel": "F", "Shape_Leng": 0.0085969804115400006 }, "geometry": { "type": "LineString", "coordinates": [ [ 88.441548699812699, 26.684905099590708 ], [ 88.441365499818005, 26.684884399895168 ], [ 88.441263200136632, 26.68487280043945 ], [ 88.436863599775393, 26.684375299980161 ], [ 88.436536299610623, 26.684331500298526 ], [ 88.435967099801871, 26.684214199925464 ], [ 88.435502199766745, 26.68408139973684 ], [ 88.433577899700367, 26.683445599734682 ], [ 88.433152700236974, 26.683268700390272 ] ] } },
{ "type": "Feature", "properties": { "osm_id": "116619723", "code": 6101, "fclass": "rail", "name": null, "layer": 0.0, "bridge": "F", "tunnel": "F", "Shape_Leng": 0.0068187004794500001 }, "geometry": { "type": "LineString", "coordinates": [ [ 88.439123300200208, 26.684283800257219 ], [ 88.438505799603035, 26.68421729988853 ], [ 88.437843000154373, 26.684141700179396 ], [ 88.437179400309162, 26.684058199926028 ], [ 88.43683239959563, 26.684004799981608 ], [ 88.436480600099685, 26.683943500392274 ], [ 88.435972900429078, 26.683833499816217 ], [ 88.434347400112472, 26.683423800168271 ], [ 88.433082500057367, 26.683104500372451 ], [ 88.432459799580158, 26.682907500280976 ] ] } },
{ "type": "Feature", "properties": { "osm_id": "116619724", "code": 6101, "fclass": "rail", "name": null, "layer": 0.0, "bridge": "F", "tunnel": "F", "Shape_Leng": 0.0093937281403100002 }, "geometry": { "type": "LineString", "coordinates": [ [ 88.44861810044506, 26.682602999728715 ], [ 88.448012999700211, 26.682314200440032 ], [ 88.447847500162084, 26.682269100338772 ], [ 88.447620399761718, 26.682203199817877 ], [ 88.447366399739622, 26.682158200440654 ], [ 88.447292999772174, 26.682145199841159 ], [ 88.446701700023482, 26.68209160024719 ], [ 88.440476699839905, 26.681381300406713 ], [ 88.439704200188771, 26.681300900116526 ], [ 88.439358700443734, 26.681269199913686 ] ] } },
{ "type": "Feature", "properties": { "osm_id": "116637507", "code": 6106, "fclass": "narrow_gauge", "name": "Darjeeling Himalayan Railway", "layer": 1.0, "bridge": "T", "tunnel": "F", "Shape_Leng": 0.00024774033318899997 }, "geometry": { "type": "LineString", "coordinates": [ [ 88.366175000176156, 26.786108000184129 ], [ 88.36599109960963, 26.786273999745333 ] ] } },
{ "type": "Feature", "properties": { "osm_id": "116637534", "code": 6101, "fclass": "rail", "name": null, "layer": 1.0, "bridge": "T", "tunnel": "F", "Shape_Leng": 0.00048948363696800002 }, "geometry": { "type": "LineString", "coordinates": [ [ 88.425339900216272, 26.680704699962007 ], [ 88.425823999877764, 26.680777099883301 ] ] } },
{ "type": "Feature", "properties": { "osm_id": "116637535", "code": 6101, "fclass": "rail", "name": null, "layer": 1.0, "bridge": "T", "tunnel": "F", "Shape_Leng": 0.00047910233542599999 }, "geometry": { "type": "LineString", "coordinates": [ [ 88.425337400101, 26.680761000220059 ], [ 88.425812100048461, 26.680825799970762 ] ] } },
{ "type": "Feature", "properties": { "osm_id": "116637537", "code": 6101, "fclass": "rail", "name": null, "layer": 1.0, "bridge": "T", "tunnel": "F", "Shape_Leng": 0.00053495872201699999 }, "geometry": { "type": "LineString", "coordinates": [ [ 88.425868199757645, 26.680637900119052 ], [ 88.42534090026237, 26.680547699916474 ] ] } },
{ "type": "Feature", "properties": { "osm_id": "116637539", "code": 6101, "fclass": "rail", "name": null, "layer": 0.0, "bridge": "F", "tunnel": "F", "Shape_Leng": 0.0110336913745 }, "geometry": { "type": "LineString", "coordinates": [ [ 88.424018600078398, 26.680378100369069 ], [ 88.423787399668811, 26.680321200263222 ], [ 88.423347200413048, 26.680211599885467 ], [ 88.423063600105138, 26.680105399844365 ], [ 88.422758700253894, 26.679973300227687 ], [ 88.422412900135271, 26.679797599679546 ], [ 88.42201449956957, 26.679567199666565 ], [ 88.421048900186634, 26.678915600374694 ], [ 88.420649600298873, 26.678645899988339 ], [ 88.42023589956716, 26.678404399643398 ], [ 88.419618600418119, 26.678085599870599 ], [ 88.419231499833927, 26.677944400014098 ], [ 88.418707599775985, 26.677787700342151 ], [ 88.418244099985259, 26.677700899576905 ], [ 88.417676300420965, 26.677644500393455 ], [ 88.417408699951579, 26.677630100448823 ], [ 88.416833999889263, 26.677597300375169 ], [ 88.416184200140776, 26.677542099987988 ], [ 88.415655000378024, 26.677531600403086 ], [ 88.415097900048124, 26.677546000347661 ], [ 88.413648600302736, 26.677672599710775 ] ] } },
{ "type": "Feature", "properties": { "osm_id": "116637542", "code": 6101, "fclass": "rail", "name": null, "layer": 0.0, "bridge": "F", "tunnel": "F", "Shape_Leng": 0.019654727023100001 }, "geometry": { "type": "LineString", "coordinates": [ [ 88.452749299940308, 26.683814200365077 ], [ 88.4549616996228, 26.684058000276536 ], [ 88.455564099703508, 26.684121399782839 ], [ 88.456013300273639, 26.684144700317688 ], [ 88.456620599860855, 26.684140999607507 ], [ 88.457341599835047, 26.684086700341027 ], [ 88.458136700348518, 26.683960799751162 ], [ 88.458892399764522, 26.683795099664167 ], [ 88.459505499978889, 26.683595600356739 ], [ 88.460146099662836, 26.683337799799688 ], [ 88.460709399918926, 26.683063199906826 ], [ 88.461408399777895, 26.682662700323419 ], [ 88.462097099701452, 26.682176200371373 ], [ 88.464726200254006, 26.68026670044793 ], [ 88.464768999889486, 26.68023569991766 ], [ 88.465174300053945, 26.679941299651318 ], [ 88.465651599941452, 26.679590299652659 ], [ 88.46621769978708, 26.679200699852458 ], [ 88.466509900311735, 26.679024299631749 ], [ 88.466912300162562, 26.678784900103096 ], [ 88.467320200267068, 26.678598399596524 ], [ 88.468033299697083, 26.67829880034941 ], [ 88.468851699846141, 26.678032100101404 ], [ 88.469575399585096, 26.677865599617803 ], [ 88.470448500098257, 26.677707899899701 ], [ 88.470693899903608, 26.677667600379493 ] ] } },
{ "type": "Feature", "properties": { "osm_id": "116637544", "code": 6101, "fclass": "rail", "name": null, "layer": 0.0, "bridge": "F", "tunnel": "F", "Shape_Leng": 0.0028023479890900002 }, "geometry": { "type": "LineString", "coordinates": [ [ 88.428068099763038, 26.681055899610158 ], [ 88.428635699677841, 26.681115700029579 ], [ 88.430017200433497, 26.681279999872174 ], [ 88.430854099637031, 26.681356300153197 ] ] } },
{ "type": "Feature", "properties": { "osm_id": "116645419", "code": 6106, "fclass": "narrow_gauge", "name": "Darjeeling Himalayan Railway", "layer": 0.0, "bridge": "F", "tunnel": "F", "Shape_Leng": 0.0171905516923 }, "geometry": { "type": "LineString", "coordinates": [ [ 88.40910520014495, 26.731986900175343 ], [ 88.408895900025811, 26.733378500317599 ], [ 88.40876070044601, 26.734443199594011 ], [ 88.4086372001467, 26.734750899934113 ], [ 88.408506499875102, 26.73500990018681 ], [ 88.408282100138877, 26.735318200374707 ], [ 88.408153099585945, 26.73549249977907 ], [ 88.407554199666663, 26.73630140038938 ], [ 88.4074042997687, 26.736507300171809 ], [ 88.405456899716228, 26.739182499972458 ], [ 88.40436460024614, 26.740671299740768 ], [ 88.403285000102755, 26.742082700256447 ], [ 88.402997699983928, 26.742463099992108 ], [ 88.402390400396712, 26.743174100404474 ], [ 88.401850499600926, 26.743714399599924 ], [ 88.401563400030966, 26.744003599986229 ], [ 88.4014448999622, 26.744111300096449 ], [ 88.401326499718266, 26.744214499999202 ], [ 88.40115549992646, 26.744348300233924 ], [ 88.401040800392707, 26.74442769957875 ], [ 88.400917200268623, 26.744500300048855 ], [ 88.400756200038643, 26.744586699716479 ], [ 88.400585800094632, 26.744655600375722 ], [ 88.400464299887574, 26.744698599660694 ], [ 88.400341000137132, 26.74473549974357 ], [ 88.40023179995768, 26.744767199946352 ], [ 88.399860899760768, 26.744855400056736 ], [ 88.399499400177262, 26.744941299701281 ], [ 88.399113699837415, 26.745067300115863 ] ] } },
{ "type": "Feature", "properties": { "osm_id": "116645434", "code": 6101, "fclass": "rail", "name": null, "layer": 0.0, "bridge": "F", "tunnel": "F", "Shape_Leng": 0.0044943732326100001 }, "geometry": { "type": "LineString", "coordinates": [ [ 88.508583399804138, 26.643148799977212 ], [ 88.509126399663671, 26.642699499582307 ], [ 88.510435899797017, 26.641399400062312 ], [ 88.511850299551725, 26.640065299873754 ] ] } },
{ "type": "Feature", "properties": { "osm_id": "116645435", "code": 6101, "fclass": "rail", "name": null, "layer": 0.0, "bridge": "F", "tunnel": "F", "Shape_Leng": 0.0077043827255100002 }, "geometry": { "type": "LineString", "coordinates": [ [ 88.508095999630712, 26.643538299952638 ], [ 88.508732199831229, 26.642826199669457 ], [ 88.510505599953547, 26.641147599781959 ], [ 88.513626799637166, 26.638178800111575 ] ] } },
{ "type": "Feature", "properties": { "osm_id": "116645444", "code": 6101, "fclass": "rail", "name": null, "layer": 0.0, "bridge": "F", "tunnel": "F", "Shape_Leng": 0.073426693997100001 }, "geometry": { "type": "LineString", "coordinates": [ [ 88.514855600006001, 26.637150400170867 ], [ 88.514885200291815, 26.637121999580643 ], [ 88.515503899685257, 26.636528900288567 ], [ 88.516735299994139, 26.635327700113294 ], [ 88.520942799770467, 26.631327799838118 ], [ 88.522550900004092, 26.629755700365308 ], [ 88.524045799873818, 26.628432199586371 ], [ 88.525472100357206, 26.627078100274161 ], [ 88.52708229960848, 26.625460399777694 ], [ 88.527864100048248, 26.624675000251102 ], [ 88.528920899679861, 26.623717599987287 ], [ 88.539520800344746, 26.613613400238307 ], [ 88.541000999896312, 26.612164800165431 ], [ 88.543208800445825, 26.610051600201245 ], [ 88.548488400019721, 26.60507600025727 ], [ 88.550878500342549, 26.602779499574297 ], [ 88.551761999716575, 26.601925800135632 ], [ 88.552266200125075, 26.601527799768178 ], [ 88.552824400325846, 26.601178200013976 ], [ 88.553730700211702, 26.600717200338579 ], [ 88.55490950007345, 26.600323499629837 ], [ 88.559543399908023, 26.598959200206991 ], [ 88.566824300401208, 26.596878599767592 ], [ 88.572451999660132, 26.595256300138203 ], [ 88.573011799754795, 26.595088199760653 ] ] } },
{ "type": "Feature", "properties": { "osm_id": "116727605", "code": 6101, "fclass": "rail", "name": null, "layer": 1.0, "bridge": "T", "tunnel": "F", "Shape_Leng": 0.0013642420721799999 }, "geometry": { "type": "LineString", "coordinates": [ [ 88.380128700279329, 26.71526069992143 ], [ 88.378925599836634, 26.714617500297436 ] ] } },
{ "type": "Feature", "properties": { "osm_id": "116727606", "code": 6101, "fclass": "rail", "name": null, "layer": 0.0, "bridge": "F", "tunnel": "F", "Shape_Leng": 0.028825147450600001 }, "geometry": { "type": "LineString", "coordinates": [ [ 88.378925599836634, 26.714617500297436 ], [ 88.370534700316227, 26.710129699825814 ], [ 88.369699900130342, 26.709713999901226 ], [ 88.36920200037207, 26.70948159979605 ], [ 88.368786900295277, 26.709303200382465 ], [ 88.368361699932564, 26.709144700267757 ], [ 88.36369380032869, 26.707544899877291 ], [ 88.36142549968713, 26.706797799778712 ], [ 88.357839800166687, 26.70560119963568 ], [ 88.356699699931255, 26.705217199913875 ], [ 88.353757600233109, 26.704226299903894 ], [ 88.352337800049497, 26.703707400076496 ] ] } },
{ "type": "Feature", "properties": { "osm_id": "116759114", "code": 6101, "fclass": "rail", "name": null, "layer": 0.0, "bridge": "F", "tunnel": "F", "Shape_Leng": 0.0162798292969 }, "geometry": { "type": "LineString", "coordinates": [ [ 88.446028400090654, 26.694217199863942 ], [ 88.451315699659858, 26.69026320008669 ], [ 88.451568099788005, 26.690068999584696 ], [ 88.452137599970342, 26.689649400199698 ], [ 88.454494800394798, 26.687869999800682 ], [ 88.454659999559397, 26.687704899561538 ], [ 88.454802200361314, 26.687535899861928 ], [ 88.454979599728802, 26.687279299899842 ], [ 88.455037499880746, 26.687174699752632 ], [ 88.455084500249541, 26.687068600435623 ], [ 88.455127399709795, 26.686954200376078 ], [ 88.455167600304549, 26.68684100001218 ], [ 88.455202500295229, 26.686704400187978 ], [ 88.455235400193601, 26.686552799672029 ], [ 88.455253400124377, 26.686406700309021 ], [ 88.455262199990614, 26.686220900374281 ], [ 88.455252999926074, 26.686011500430425 ], [ 88.455230700336585, 26.685817100278996 ], [ 88.455188399824863, 26.685628300205963 ], [ 88.455118699668333, 26.685416199597967 ], [ 88.455050299931429, 26.685263500110466 ], [ 88.454967199876421, 26.685111699945026 ], [ 88.454868600005966, 26.684954900448361 ], [ 88.454753899572893, 26.684802700084617 ], [ 88.454587800186914, 26.684625600191339 ], [ 88.454553800417614, 26.684595499882448 ], [ 88.45442670013216, 26.684482800440946 ], [ 88.45422819997151, 26.684334200063347 ], [ 88.454010900382798, 26.684197600239088 ], [ 88.453860700111306, 26.684123300050317 ], [ 88.453680400430187, 26.684047599617088 ], [ 88.453458200435648, 26.683977099963272 ], [ 88.453270600058204, 26.683926499608333 ], [ 88.452749299940308, 26.683814200365077 ] ] } },
{ "type": "Feature", "properties": { "osm_id": "116759115", "code": 6101, "fclass": "rail", "name": null, "layer": 0.0, "bridge": "F", "tunnel": "F", "Shape_Leng": 9.6566488668299995e-05 }, "geometry": { "type": "LineString", "coordinates": [ [ 88.416973099828738, 26.718398900388991 ], [ 88.416989700414376, 26.718372200416752 ], [ 88.41702410038198, 26.718316900204854 ] ] } },
{ "type": "Feature", "properties": { "osm_id": "116759116", "code": 6106, "fclass": "narrow_gauge", "name": null, "layer": 1.0, "bridge": "T", "tunnel": "F", "Shape_Leng": 0.000106378962721 }, "geometry": { "type": "LineString", "coordinates": [ [ 88.440575500259172, 26.698311699825126 ], [ 88.440662300125098, 26.698250199687038 ] ] } },
{ "type": "Feature", "properties": { "osm_id": "116759117", "code": 6106, "fclass": "narrow_gauge", "name": null, "layer": 1.0, "bridge": "T", "tunnel": "F", "Shape_Leng": 0.000101079151113 }, "geometry": { "type": "LineString", "coordinates": [ [ 88.445970300289162, 26.694302999683714 ], [ 88.446053500168944, 26.694245599554847 ] ] } },
{ "type": "Feature", "properties": { "osm_id": "116759118", "code": 6101, "fclass": "rail", "name": null, "layer": 1.0, "bridge": "T", "tunnel": "F", "Shape_Leng": 0.00010364502296300001 }, "geometry": { "type": "LineString", "coordinates": [ [ 88.445944899837343, 26.694278600177313 ], [ 88.446028400090654, 26.694217199863942 ] ] } },
{ "type": "Feature", "properties": { "osm_id": "116759119", "code": 6101, "fclass": "rail", "name": null, "layer": 1.0, "bridge": "T", "tunnel": "F", "Shape_Leng": 0.0013132860677200001 }, "geometry": { "type": "LineString", "coordinates": [ [ 88.416279200025144, 26.719513899646813 ], [ 88.416665299663919, 26.718893600359422 ], [ 88.416973099828738, 26.718398900388991 ] ] } },
{ "type": "Feature", "properties": { "osm_id": "116759120", "code": 6101, "fclass": "rail", "name": null, "layer": 1.0, "bridge": "T", "tunnel": "F", "Shape_Leng": 0.000102881861769 }, "geometry": { "type": "LineString", "coordinates": [ [ 88.440538000328502, 26.698265999876071 ], [ 88.440620700185207, 26.698204800111512 ] ] } },
{ "type": "Feature", "properties": { "osm_id": "116759121", "code": 6106, "fclass": "narrow_gauge", "name": null, "layer": 0.0, "bridge": "F", "tunnel": "F", "Shape_Leng": 0.0127268501031 }, "geometry": { "type": "LineString", "coordinates": [ [ 88.446053500168944, 26.694245599554847 ], [ 88.451338799645953, 26.690283600307964 ], [ 88.451568099788005, 26.690068999584696 ], [ 88.451577799875622, 26.690053399944475 ], [ 88.451588599834054, 26.69003830032733 ], [ 88.451599499617259, 26.690026100124498 ], [ 88.451610299575748, 26.690013999746327 ], [ 88.451687500078151, 26.689944099940305 ], [ 88.452258799803815, 26.689469300168128 ], [ 88.452363399951025, 26.689372499841056 ], [ 88.45247560026877, 26.689273899970544 ], [ 88.452575999682722, 26.689179900132331 ], [ 88.452709100244817, 26.689043900155923 ], [ 88.452775599714187, 26.688969500142377 ], [ 88.452868999704606, 26.688841399810826 ], [ 88.452942100197845, 26.688718000235554 ], [ 88.452998399556577, 26.688616699700958 ], [ 88.453045300100598, 26.688524500305505 ], [ 88.453110699699096, 26.688388799803306 ], [ 88.45316599991105, 26.688267799619325 ], [ 88.45321410015066, 26.688128000007225 ], [ 88.453245800353443, 26.688009499938516 ], [ 88.453271600104301, 26.687884600294126 ], [ 88.453286699721446, 26.687765100179263 ], [ 88.453295499587682, 26.687648000355011 ], [ 88.453302200436269, 26.687527099995691 ], [ 88.453304199629144, 26.687378399793374 ], [ 88.453298800099617, 26.687175299600426 ], [ 88.453286699721446, 26.687003899610318 ], [ 88.453264599781505, 26.686837400026036 ], [ 88.453230099989185, 26.686686099883673 ], [ 88.453165400063199, 26.686526599722868 ], [ 88.453074600012826, 26.686316599931217 ], [ 88.452951999934896, 26.686072299996681 ], [ 88.452781500166168, 26.685827300389633 ], [ 88.452600599737934, 26.68560720031212 ], [ 88.45220920039435, 26.685288299815227 ] ] } },
{ "type": "Feature", "properties": { "osm_id": "116759122", "code": 6106, "fclass": "narrow_gauge", "name": null, "layer": 0.0, "bridge": "F", "tunnel": "F", "Shape_Leng": 0.0049702688354199996 }, "geometry": { "type": "LineString", "coordinates": [ [ 88.440662300125098, 26.698250199687038 ], [ 88.44262899962871, 26.696736899688233 ], [ 88.444620100437362, 26.69524380026121 ] ] } },
{ "type": "Feature", "properties": { "osm_id": "116759123", "code": 6101, "fclass": "rail", "name": null, "layer": 0.0, "bridge": "F", "tunnel": "F", "Shape_Leng": 0.0049705870639900002 }, "geometry": { "type": "LineString", "coordinates": [ [ 88.440620700185207, 26.698204800111512 ], [ 88.44242750022903, 26.696840099590986 ], [ 88.443273800045915, 26.696201599824008 ], [ 88.444594100137692, 26.695218399809335 ] ] } },
{ "type": "Feature", "properties": { "osm_id": "117523396", "code": 6101, "fclass": "rail", "name": null, "layer": 1.0, "bridge": "T", "tunnel": "F", "Shape_Leng": 0.000618495863585 }, "geometry": { "type": "LineString", "coordinates": [ [ 88.485251099958361, 26.667082499857543 ], [ 88.484838099798537, 26.667542899685145 ] ] } },
{ "type": "Feature", "properties": { "osm_id": "117523401", "code": 6101, "fclass": "rail", "name": null, "layer": 1.0, "bridge": "T", "tunnel": "F", "Shape_Leng": 0.00061790735475099996 }, "geometry": { "type": "LineString", "coordinates": [ [ 88.485048999811568, 26.667689900168796 ], [ 88.485454200151253, 26.667223400239777 ] ] } },
{ "type": "Feature", "properties": { "osm_id": "117523405", "code": 6101, "fclass": "rail", "name": null, "layer": 0.0, "bridge": "F", "tunnel": "F", "Shape_Leng": 0.026956452688399999 }, "geometry": { "type": "LineString", "coordinates": [ [ 88.485454200151253, 26.667223400239777 ], [ 88.485954699849572, 26.666666399734595 ], [ 88.486568700285375, 26.665973800350685 ], [ 88.487274999941349, 26.66507990031721 ], [ 88.487897499869803, 26.664291399928231 ], [ 88.488623099876236, 26.663449200120567 ], [ 88.490456400242749, 26.661438600211284 ], [ 88.491984899683416, 26.659752199604384 ], [ 88.493695900345585, 26.657879699588534 ], [ 88.493898399791362, 26.657658299990601 ], [ 88.495443399992951, 26.655978399683477 ], [ 88.496991199784077, 26.654270900081997 ], [ 88.497787599817912, 26.653403700020817 ], [ 88.49864850012824, 26.652559500120901 ], [ 88.499831300174435, 26.651435100249728 ], [ 88.500881100382514, 26.6504720000828 ], [ 88.502040300419594, 26.649512599726734 ], [ 88.502806699969312, 26.648867900033622 ], [ 88.503982100393671, 26.64769559957233 ] ] } },
{ "type": "Feature", "properties": { "osm_id": "117523408", "code": 6101, "fclass": "rail", "name": null, "layer": 0.0, "bridge": "F", "tunnel": "F", "Shape_Leng": 0.020571288754000001 }, "geometry": { "type": "LineString", "coordinates": [ [ 88.470680199631545, 26.677573399992468 ], [ 88.47041620004768, 26.677617099849328 ], [ 88.469555399562125, 26.67778010017156 ], [ 88.468821399887759, 26.677957700087859 ], [ 88.467995799766413, 26.678228399620991 ], [ 88.467289500110383, 26.678532999998026 ], [ 88.466869999650839, 26.678739899826553 ], [ 88.466467699624673, 26.67896579963201 ], [ 88.466184399690349, 26.679145399640504 ], [ 88.465629199627926, 26.679551799675892 ], [ 88.465148799777353, 26.679910100370876 ], [ 88.464743299963402, 26.680202600369739 ], [ 88.464700399603828, 26.680233500175916 ], [ 88.461655299652421, 26.682429499821637 ], [ 88.460891099844446, 26.682909100174868 ], [ 88.460066700318009, 26.68331960021942 ], [ 88.459377600196149, 26.683593799913979 ], [ 88.458600499613397, 26.683808700111456 ], [ 88.457844800197449, 26.683967899898732 ], [ 88.457142800200131, 26.684058000276536 ], [ 88.456473000428673, 26.684096400428587 ], [ 88.455764599956353, 26.684084899898266 ], [ 88.45495959970583, 26.684011999953896 ], [ 88.453463099942155, 26.683848999631664 ], [ 88.451842900229735, 26.683660699581651 ] ] } },
{ "type": "Feature", "properties": { "osm_id": "117535756", "code": 6106, "fclass": "narrow_gauge", "name": null, "layer": 0.0, "bridge": "F", "tunnel": "F", "Shape_Leng": 0.0039541972615699996 }, "geometry": { "type": "LineString", "coordinates": [ [ 88.412348599708196, 26.72514040010941 ], [ 88.412490199762942, 26.724807700415113 ], [ 88.412605199670281, 26.72458009999167 ], [ 88.41299369959961, 26.723838900345015 ], [ 88.41305900027271, 26.723630700096805 ], [ 88.413108700406269, 26.723139299738932 ], [ 88.413180899778752, 26.722656700146672 ], [ 88.413192599958563, 26.722578499598114 ], [ 88.413295200013522, 26.722256500037474 ], [ 88.413767600394522, 26.721509700312481 ] ] } },
{ "type": "Feature", "properties": { "osm_id": "117535763", "code": 6106, "fclass": "narrow_gauge", "name": null, "layer": 0.0, "bridge": "F", "tunnel": "F", "Shape_Leng": 0.00025867281788399999 }, "geometry": { "type": "LineString", "coordinates": [ [ 88.414232700079083, 26.722137999968766 ], [ 88.414323799603721, 26.72189589977603 ] ] } },
{ "type": "Feature", "properties": { "osm_id": "117535765", "code": 6106, "fclass": "narrow_gauge", "name": null, "layer": 0.0, "bridge": "F", "tunnel": "F", "Shape_Leng": 0.00053238391213299998 }, "geometry": { "type": "LineString", "coordinates": [ [ 88.414284199756082, 26.722138499991843 ], [ 88.41452970028547, 26.721666099610843 ] ] } },
{ "type": "Feature", "properties": { "osm_id": "117535768", "code": 6106, "fclass": "narrow_gauge", "name": null, "layer": 0.0, "bridge": "F", "tunnel": "F", "Shape_Leng": 0.0017837727393200001 }, "geometry": { "type": "LineString", "coordinates": [ [ 88.413180899778752, 26.722656700146672 ], [ 88.413246499926061, 26.722476399566233 ], [ 88.413341900008731, 26.722328599585239 ], [ 88.414101200310199, 26.721133399686721 ] ] } },
{ "type": "Feature", "properties": { "osm_id": "117535774", "code": 6106, "fclass": "narrow_gauge", "name": null, "layer": 0.0, "bridge": "F", "tunnel": "F", "Shape_Leng": 0.0022607810839200002 }, "geometry": { "type": "LineString", "coordinates": [ [ 88.414150799719664, 26.721154999603584 ], [ 88.41331570005957, 26.72248659967687 ], [ 88.413254600119785, 26.722593500289861 ], [ 88.413213900401217, 26.72269699966688 ], [ 88.413108700406269, 26.723139299738932 ] ] } },
{ "type": "Feature", "properties": { "osm_id": "117535776", "code": 6106, "fclass": "narrow_gauge", "name": null, "layer": 0.0, "bridge": "F", "tunnel": "F", "Shape_Leng": 0.00401477730225 }, "geometry": { "type": "LineString", "coordinates": [ [ 88.414634900280475, 26.721467799999004 ], [ 88.41452970028547, 26.721666099610843 ], [ 88.414232700079083, 26.722137999968766 ], [ 88.412990599636544, 26.724110900297887 ], [ 88.412761099844943, 26.724478300333317 ], [ 88.412543599707419, 26.72489290038709 ] ] } },
{ "type": "Feature", "properties": { "osm_id": "117535783", "code": 6106, "fclass": "narrow_gauge", "name": null, "layer": 0.0, "bridge": "F", "tunnel": "F", "Shape_Leng": 0.0046322543698400004 }, "geometry": { "type": "LineString", "coordinates": [ [ 88.412228300096046, 26.725433999979145 ], [ 88.412348599708196, 26.72514040010941 ], [ 88.412452900381084, 26.724963200391414 ], [ 88.412667400380258, 26.724563399581257 ], [ 88.412866299839948, 26.724244199610155 ], [ 88.414323799603721, 26.72189589977603 ], [ 88.414590800225312, 26.721454699574792 ] ] } },
{ "type": "Feature", "properties": { "osm_id": "117732428", "code": 6101, "fclass": "rail", "name": null, "layer": 1.0, "bridge": "T", "tunnel": "F", "Shape_Leng": 0.000142881855373 }, "geometry": { "type": "LineString", "coordinates": [ [ 88.438433399681685, 26.699899899860554 ], [ 88.438548100114815, 26.69981469988852 ] ] } },
{ "type": "Feature", "properties": { "osm_id": "117732434", "code": 6106, "fclass": "narrow_gauge", "name": null, "layer": 1.0, "bridge": "T", "tunnel": "F", "Shape_Leng": 0.00019627270052100001 }, "geometry": { "type": "LineString", "coordinates": [ [ 88.444620100437362, 26.69524380026121 ], [ 88.444779800247659, 26.695129699675931 ] ] } },
{ "type": "Feature", "properties": { "osm_id": "117732437", "code": 6106, "fclass": "narrow_gauge", "name": null, "layer": 1.0, "bridge": "T", "tunnel": "F", "Shape_Leng": 0.00015815825657799999 }, "geometry": { "type": "LineString", "coordinates": [ [ 88.438465799557036, 26.699938499662096 ], [ 88.438588899658043, 26.699839200119015 ] ] } },
{ "type": "Feature", "properties": { "osm_id": "117732439", "code": 6106, "fclass": "narrow_gauge", "name": null, "layer": 0.0, "bridge": "F", "tunnel": "F", "Shape_Leng": 0.0014493871898 }, "geometry": { "type": "LineString", "coordinates": [ [ 88.444779800247659, 26.695129699675931 ], [ 88.445970300289162, 26.694302999683714 ] ] } },
{ "type": "Feature", "properties": { "osm_id": "117732440", "code": 6101, "fclass": "rail", "name": null, "layer": 0.0, "bridge": "F", "tunnel": "F", "Shape_Leng": 0.00252175419876 }, "geometry": { "type": "LineString", "coordinates": [ [ 88.438548100114815, 26.69981469988852 ], [ 88.438966999827244, 26.69950369993586 ], [ 88.439373200213083, 26.699189799669568 ], [ 88.439513800221789, 26.699075799808384 ], [ 88.439741299921138, 26.698895900325567 ], [ 88.440538000328502, 26.698265999876071 ] ] } },
{ "type": "Feature", "properties": { "osm_id": "117732446", "code": 6101, "fclass": "rail", "name": null, "layer": 0.0, "bridge": "F", "tunnel": "F", "Shape_Leng": 0.0014539470569200001 }, "geometry": { "type": "LineString", "coordinates": [ [ 88.444748299694311, 26.695104499772924 ], [ 88.445944899837343, 26.694278600177313 ] ] } },
{ "type": "Feature", "properties": { "osm_id": "117732448", "code": 6101, "fclass": "rail", "name": null, "layer": 1.0, "bridge": "T", "tunnel": "F", "Shape_Leng": 0.000191704777081 }, "geometry": { "type": "LineString", "coordinates": [ [ 88.444594100137692, 26.695218399809335 ], [ 88.444748299694311, 26.695104499772924 ] ] } },
{ "type": "Feature", "properties": { "osm_id": "117732449", "code": 6106, "fclass": "narrow_gauge", "name": null, "layer": 0.0, "bridge": "F", "tunnel": "F", "Shape_Leng": 0.0025062932020199998 }, "geometry": { "type": "LineString", "coordinates": [ [ 88.438588899658043, 26.699839200119015 ], [ 88.438989999988564, 26.699543600157085 ], [ 88.43940179955348, 26.699229699890793 ], [ 88.439813299644129, 26.698900000334788 ], [ 88.440131899767437, 26.698644699893009 ], [ 88.440575500259172, 26.698311699825126 ] ] } },
{ "type": "Feature", "properties": { "osm_id": "130106453", "code": 6101, "fclass": "rail", "name": "New Jalpaiguri Road - Alipurduar Railway", "layer": 0.0, "bridge": "F", "tunnel": "F", "Shape_Leng": 0.0156237824796 }, "geometry": { "type": "LineString", "coordinates": [ [ 88.667785799575029, 26.539279399624661 ], [ 88.661980100201504, 26.537930000169411 ], [ 88.661562599834156, 26.537843599602468 ], [ 88.661145100366127, 26.537761799967143 ], [ 88.660648099929915, 26.53769700021644 ], [ 88.660238699756235, 26.537655500101323 ], [ 88.659966699803419, 26.537640399584802 ], [ 88.659693400330241, 26.537629899999956 ], [ 88.65917849978797, 26.537633199612515 ], [ 88.658771599729619, 26.537654000032148 ], [ 88.658369799726529, 26.537688599649186 ], [ 88.657991300258345, 26.537739000354634 ], [ 88.657629299752443, 26.53780420030364 ], [ 88.657207100427399, 26.537906300335521 ], [ 88.656784699654224, 26.538013799896987 ], [ 88.6558648002204, 26.538328600384659 ], [ 88.655132400439982, 26.538657700092813 ], [ 88.654306300295559, 26.539136000026417 ], [ 88.653606900238287, 26.539625900315116 ], [ 88.652954399825774, 26.540128599755121 ] ] } },
{ "type": "Feature", "properties": { "osm_id": "242109154", "code": 6101, "fclass": "rail", "name": null, "layer": 0.0, "bridge": "F", "tunnel": "F", "Shape_Leng": 0.016622567505500001 }, "geometry": { "type": "LineString", "coordinates": [ [ 88.41702410038198, 26.718316900204854 ], [ 88.41761130012145, 26.717300300268676 ], [ 88.418461199924479, 26.715947899775813 ], [ 88.419354599934877, 26.71453020040849 ], [ 88.419757800182367, 26.713956399668177 ], [ 88.420256799811511, 26.713442599896098 ], [ 88.420582900280692, 26.713158399740394 ], [ 88.421401199705656, 26.71252319958603 ], [ 88.422185400435922, 26.711998099832499 ], [ 88.423862000231168, 26.710682600321775 ], [ 88.425017600282104, 26.709806100371281 ], [ 88.425302299561508, 26.709590100302933 ], [ 88.425532499924998, 26.709424699690203 ], [ 88.42722670035198, 26.708207700225216 ], [ 88.427510500309381, 26.70803620041039 ], [ 88.428021899790906, 26.707695299798274 ], [ 88.428696699792908, 26.707183500118504 ], [ 88.428890900294846, 26.707035200114433 ] ] } },
{ "type": "Feature", "properties": { "osm_id": "242109155", "code": 6101, "fclass": "rail", "name": null, "layer": 0.0, "bridge": "F", "tunnel": "F", "Shape_Leng": 0.00026562628955699999 }, "geometry": { "type": "LineString", "coordinates": [ [ 88.416137699795058, 26.719738699581399 ], [ 88.416279200025144, 26.719513899646813 ] ] } },
{ "type": "Feature", "properties": { "osm_id": "242109156", "code": 6106, "fclass": "narrow_gauge", "name": null, "layer": 0.0, "bridge": "F", "tunnel": "F", "Shape_Leng": 0.0028639704532900001 }, "geometry": { "type": "LineString", "coordinates": [ [ 88.412221100123702, 26.726555000412986 ], [ 88.411956999815743, 26.726965000434461 ], [ 88.411867500185053, 26.727194199852477 ], [ 88.411701800098058, 26.727821700011475 ], [ 88.411695500347093, 26.727869900075859 ], [ 88.411652199789273, 26.728198700309804 ], [ 88.411523700158682, 26.728568899934828 ], [ 88.411438199813119, 26.728723200215541 ], [ 88.411148000280036, 26.729169899771136 ] ] } },
{ "type": "Feature", "properties": { "osm_id": "242109157", "code": 6106, "fclass": "narrow_gauge", "name": null, "layer": 0.0, "bridge": "F", "tunnel": "F", "Shape_Leng": 0.0285968621969 }, "geometry": { "type": "LineString", "coordinates": [ [ 88.41702410038198, 26.718316900204854 ], [ 88.417251400431837, 26.718037899929186 ], [ 88.417334399762808, 26.717901999777496 ], [ 88.417662000301107, 26.717313200144133 ], [ 88.419404800091513, 26.71451779965679 ], [ 88.419687900376346, 26.714125199718239 ], [ 88.419997799558871, 26.713770599733436 ], [ 88.420407299557269, 26.713362499979439 ], [ 88.420789999758767, 26.713044700252738 ], [ 88.421705499709105, 26.712356799826523 ], [ 88.422195999845599, 26.712049499684724 ], [ 88.424047300142831, 26.71059550008232 ], [ 88.425055200037491, 26.709833800389617 ], [ 88.425546200197061, 26.70946269964395 ], [ 88.427088100435526, 26.708356100054004 ], [ 88.427215400370471, 26.708266999722298 ], [ 88.427505400254063, 26.708137500045666 ], [ 88.427855800404927, 26.708024299681711 ], [ 88.428195899721061, 26.707890699995858 ], [ 88.428430999591001, 26.707758999678163 ], [ 88.428799100198376, 26.707506899923544 ], [ 88.429619600264402, 26.706876500350234 ], [ 88.429732299705904, 26.706789900133856 ], [ 88.430904299793667, 26.705918500238624 ], [ 88.430979799678084, 26.705863899699239 ], [ 88.431518700427716, 26.70547899975611 ], [ 88.431638900215148, 26.705406900208345 ], [ 88.431712200357822, 26.705364099673488 ], [ 88.431781699965541, 26.705320200167137 ], [ 88.431893000061962, 26.705224200236728 ], [ 88.431996699987792, 26.705125399817405 ], [ 88.432105099770581, 26.704997300385173 ], [ 88.432234899820855, 26.704813499643365 ], [ 88.432374300133915, 26.70464919980077 ], [ 88.432539400373059, 26.704487300248786 ], [ 88.432585399796437, 26.704448099700073 ], [ 88.433596500378258, 26.703689099772191 ], [ 88.434040500169033, 26.70335330011477 ], [ 88.434445300310415, 26.703028599890047 ], [ 88.435111099897426, 26.702504699832105 ], [ 88.435316200182569, 26.702349600054049 ], [ 88.435868800304945, 26.701920900429286 ], [ 88.436223699764014, 26.701652100264255 ], [ 88.43656420017777, 26.701377700020885 ], [ 88.436969100143926, 26.701081900409406 ], [ 88.437188399824834, 26.700907199907419 ], [ 88.437407800229835, 26.700724400111028 ], [ 88.437576600279954, 26.700581200162333 ], [ 88.438323499829721, 26.700048600062871 ], [ 88.438465799557036, 26.699938499662096 ] ] } },
{ "type": "Feature", "properties": { "osm_id": "244260479", "code": 6101, "fclass": "rail", "name": null, "layer": 0.0, "bridge": "F", "tunnel": "F", "Shape_Leng": 0.026915447068899999 }, "geometry": { "type": "LineString", "coordinates": [ [ 88.503770800182338, 26.647568400361422 ], [ 88.501245600104426, 26.650025299627941 ], [ 88.499811499800956, 26.651395200028503 ], [ 88.498617899796272, 26.652523400434632 ], [ 88.497742100417668, 26.653379099965548 ], [ 88.496960700176203, 26.654242500391149 ], [ 88.495395699951644, 26.655946200356937 ], [ 88.493855500331108, 26.657639399838502 ], [ 88.493658900437936, 26.657854800058999 ], [ 88.49195630034302, 26.659726300028751 ], [ 88.491049999557902, 26.660707599775947 ], [ 88.489242400016792, 26.6627027996945 ], [ 88.488076699679993, 26.663978600432131 ], [ 88.486941099652086, 26.665227499749392 ], [ 88.485738900330034, 26.666543600007174 ], [ 88.485251099958361, 26.667082499857543 ] ] } },
{ "type": "Feature", "properties": { "osm_id": "244260488", "code": 6101, "fclass": "rail", "name": null, "layer": 1.0, "bridge": "T", "tunnel": "F", "Shape_Leng": 0.000565372300964 }, "geometry": { "type": "LineString", "coordinates": [ [ 88.503982100393671, 26.64769559957233 ], [ 88.504391899866334, 26.647306099596847 ] ] } },
{ "type": "Feature", "properties": { "osm_id": "244260491", "code": 6101, "fclass": "rail", "name": null, "layer": 1.0, "bridge": "T", "tunnel": "F", "Shape_Leng": 0.00012374921569500001 }, "geometry": { "type": "LineString", "coordinates": [ [ 88.730270500183508, 26.490205800357444 ], [ 88.730295000414003, 26.490327100015691 ] ] } },
{ "type": "Feature", "properties": { "osm_id": "244260538", "code": 6101, "fclass": "rail", "name": null, "layer": 1.0, "bridge": "T", "tunnel": "F", "Shape_Leng": 0.00061531414631499999 }, "geometry": { "type": "LineString", "coordinates": [ [ 88.504228000222099, 26.647156599897244 ], [ 88.503770800182338, 26.647568400361422 ] ] } },
{ "type": "Feature", "properties": { "osm_id": "373038902", "code": 6101, "fclass": "rail", "name": null, "layer": 0.0, "bridge": "F", "tunnel": "F", "Shape_Leng": 0.0043417158351700003 }, "geometry": { "type": "LineString", "coordinates": [ [ 88.410451700185888, 26.728770599883319 ], [ 88.41029849977599, 26.72896170042219 ], [ 88.410115100131804, 26.729132100366201 ], [ 88.409877000123515, 26.729333400116388 ], [ 88.409701799598452, 26.729444399839224 ], [ 88.409524500055682, 26.72954129999107 ], [ 88.409241399770849, 26.729658200165829 ], [ 88.408901199730622, 26.729752899676612 ], [ 88.408585699570438, 26.72980119956577 ], [ 88.408315400235608, 26.729814999662551 ], [ 88.408004799581875, 26.729791700026965 ], [ 88.407902900098804, 26.729767699819547 ], [ 88.407648700427217, 26.729721099649055 ], [ 88.407291600327142, 26.72960089986168 ], [ 88.406935199899635, 26.72942489983933 ], [ 88.40655079997947, 26.729238800430323 ] ] } },
{ "type": "Feature", "properties": { "osm_id": "419951293", "code": 6101, "fclass": "rail", "name": null, "layer": 0.0, "bridge": "F", "tunnel": "F", "Shape_Leng": 0.017307861668899999 }, "geometry": { "type": "LineString", "coordinates": [ [ 88.484838099798537, 26.667542899685145 ], [ 88.483424100242075, 26.669071700398717 ], [ 88.481928300150969, 26.670713300378566 ], [ 88.481054599790014, 26.671677299867554 ], [ 88.478957799862656, 26.673997200010831 ], [ 88.478497599684545, 26.674449999667786 ], [ 88.478116299727503, 26.674804499827871 ], [ 88.477563300306144, 26.67523880043035 ], [ 88.47678190006468, 26.67577429994401 ], [ 88.476180800403654, 26.676121199933505 ], [ 88.475433700305075, 26.676469500167343 ], [ 88.474771700353756, 26.67673110036003 ], [ 88.474020299697145, 26.676965100359155 ], [ 88.473189499695707, 26.677149300399947 ], [ 88.472021399967673, 26.677355499656642 ], [ 88.471324800399259, 26.67746729977614 ] ] } },
{ "type": "Feature", "properties": { "osm_id": "419951295", "code": 6101, "fclass": "rail", "name": null, "layer": 0.0, "bridge": "F", "tunnel": "F", "Shape_Leng": 0.0173941825855 }, "geometry": { "type": "LineString", "coordinates": [ [ 88.471346400316179, 26.677560599941785 ], [ 88.472007500046175, 26.677455099573251 ], [ 88.473465499833026, 26.677196000395156 ], [ 88.474047700241215, 26.677051699676269 ], [ 88.47481190004919, 26.67681230014756 ], [ 88.47558470007391, 26.676505400204121 ], [ 88.476055300012149, 26.676273699771457 ], [ 88.476701099576132, 26.675911499616063 ], [ 88.47748590015425, 26.675392800337534 ], [ 88.47798570018, 26.674999900025398 ], [ 88.478542099938011, 26.674507299971992 ], [ 88.479007499996214, 26.674022399913895 ], [ 88.481119299715942, 26.671698999609191 ], [ 88.481978500307605, 26.670770900156981 ], [ 88.482517400157974, 26.67023570011753 ], [ 88.483560799891052, 26.669238600181302 ], [ 88.485048999811568, 26.667689900168796 ] ] } },
{ "type": "Feature", "properties": { "osm_id": "419951296", "code": 6101, "fclass": "rail", "name": null, "layer": 1.0, "bridge": "T", "tunnel": "F", "Shape_Leng": 0.00065327437240600005 }, "geometry": { "type": "LineString", "coordinates": [ [ 88.471324800399259, 26.67746729977614 ], [ 88.470680199631545, 26.677573399992468 ] ] } },
{ "type": "Feature", "properties": { "osm_id": "419951297", "code": 6101, "fclass": "rail", "name": null, "layer": 1.0, "bridge": "T", "tunnel": "F", "Shape_Leng": 0.00066121545813300001 }, "geometry": { "type": "LineString", "coordinates": [ [ 88.470693899903608, 26.677667600379493 ], [ 88.471346400316179, 26.677560599941785 ] ] } },
{ "type": "Feature", "properties": { "osm_id": "429236840", "code": 6101, "fclass": "rail", "name": null, "layer": 0.0, "bridge": "F", "tunnel": "F", "Shape_Leng": 0.0115231744182 }, "geometry": { "type": "LineString", "coordinates": [ [ 88.651851800420332, 26.541026900171346 ], [ 88.651386400362128, 26.541428100326641 ], [ 88.650966200230016, 26.541795600186845 ], [ 88.65088420004588, 26.541861599633194 ], [ 88.650455799895326, 26.542206299880888 ], [ 88.650216099993088, 26.542433199732443 ], [ 88.650107200187222, 26.5425418000641 ], [ 88.649999599901662, 26.542647799556335 ], [ 88.649849500354208, 26.542784500104631 ], [ 88.647867200311111, 26.544348299734281 ], [ 88.645998499930897, 26.54582240008375 ], [ 88.645905400314007, 26.545897800143393 ], [ 88.645827400314317, 26.54595470024924 ], [ 88.644705899857456, 26.54673759966056 ], [ 88.644284800403284, 26.547084999673075 ], [ 88.643565099949456, 26.547674300228834 ], [ 88.642875900002821, 26.548240999922257 ] ] } },
{ "type": "Feature", "properties": { "osm_id": "504891071", "code": 6101, "fclass": "rail", "name": null, "layer": 0.0, "bridge": "F", "tunnel": "F", "Shape_Leng": 0.000125563854566 }, "geometry": { "type": "LineString", "coordinates": [ [ 88.351771800028587, 26.703522899662119 ], [ 88.351652675830394, 26.703483204486361 ] ] } },
{ "type": "Feature", "properties": { "osm_id": "504891075", "code": 6101, "fclass": "rail", "name": null, "layer": 1.0, "bridge": "T", "tunnel": "F", "Shape_Leng": 0.00059531204135 }, "geometry": { "type": "LineString", "coordinates": [ [ 88.352337800049497, 26.703707400076496 ], [ 88.351771800028587, 26.703522899662119 ] ] } },
{ "type": "Feature", "properties": { "osm_id": "505107208", "code": 6101, "fclass": "rail", "name": null, "layer": 0.0, "bridge": "F", "tunnel": "F", "Shape_Leng": 0.00062241507147500004 }, "geometry": { "type": "LineString", "coordinates": [ [ 88.400786900195328, 26.678858999743113 ], [ 88.40140070008232, 26.678962199645866 ] ] } },
{ "type": "Feature", "properties": { "osm_id": "505107209", "code": 6101, "fclass": "rail", "name": null, "layer": 0.0, "bridge": "F", "tunnel": "F", "Shape_Leng": 0.00062386154293499999 }, "geometry": { "type": "LineString", "coordinates": [ [ 88.401415400400481, 26.678899300162641 ], [ 88.400799300047709, 26.678801200315206 ] ] } },
{ "type": "Feature", "properties": { "osm_id": "505107214", "code": 6101, "fclass": "rail", "name": null, "layer": 1.0, "bridge": "T", "tunnel": "F", "Shape_Leng": 0.000171434802361 }, "geometry": { "type": "LineString", "coordinates": [ [ 88.401584499924809, 26.678927500203997 ], [ 88.401415400400481, 26.678899300162641 ] ] } },
{ "type": "Feature", "properties": { "osm_id": "505107220", "code": 6101, "fclass": "rail", "name": null, "layer": 0.0, "bridge": "F", "tunnel": "F", "Shape_Leng": 0.0026931162291200001 }, "geometry": { "type": "LineString", "coordinates": [ [ 88.400799300047709, 26.678801200315206 ], [ 88.400172200087013, 26.678672900334107 ], [ 88.399521199743617, 26.678488700293315 ], [ 88.39888420004587, 26.678277699556247 ], [ 88.398236199840824, 26.67799889982939 ] ] } },
{ "type": "Feature", "properties": { "osm_id": "505107225", "code": 6101, "fclass": "rail", "name": null, "layer": 1.0, "bridge": "T", "tunnel": "F", "Shape_Leng": 0.00016866341513899999 }, "geometry": { "type": "LineString", "coordinates": [ [ 88.40140070008232, 26.678962199645866 ], [ 88.40156840026151, 26.678980199576586 ] ] } },
{ "type": "Feature", "properties": { "osm_id": "505107227", "code": 6101, "fclass": "rail", "name": null, "layer": 0.0, "bridge": "F", "tunnel": "F", "Shape_Leng": 0.00271978911466 }, "geometry": { "type": "LineString", "coordinates": [ [ 88.398203700140698, 26.678035600262774 ], [ 88.39882329975552, 26.678312399897379 ], [ 88.399537599780444, 26.678546200247013 ], [ 88.400166699833392, 26.678737999559075 ], [ 88.400786900195328, 26.678858999743113 ] ] } },
{ "type": "Feature", "properties": { "osm_id": "505107228", "code": 6101, "fclass": "rail", "name": null, "layer": 0.0, "bridge": "F", "tunnel": "F", "Shape_Leng": 0.0017531291979499999 }, "geometry": { "type": "LineString", "coordinates": [ [ 88.398236199840824, 26.67799889982939 ], [ 88.3976001003644, 26.677652499863029 ], [ 88.397103799600757, 26.67737210024228 ], [ 88.396705499759037, 26.67714439999412 ] ] } },
{ "type": "Feature", "properties": { "osm_id": "505107229", "code": 6101, "fclass": "rail", "name": null, "layer": 0.0, "bridge": "F", "tunnel": "F", "Shape_Leng": 0.00189162080617 }, "geometry": { "type": "LineString", "coordinates": [ [ 88.396556699731946, 26.67710599984207 ], [ 88.397082400232648, 26.677419999933079 ], [ 88.39759829992164, 26.677712900130302 ], [ 88.398203700140698, 26.678035600262774 ] ] } },
{ "type": "Feature", "properties": { "osm_id": "505107230", "code": 6101, "fclass": "rail", "name": null, "layer": 1.0, "bridge": "T", "tunnel": "F", "Shape_Leng": 0.000349991775777 }, "geometry": { "type": "LineString", "coordinates": [ [ 88.396705499759037, 26.67714439999412 ], [ 88.396402400350553, 26.676969400017867 ] ] } },
{ "type": "Feature", "properties": { "osm_id": "505107231", "code": 6101, "fclass": "rail", "name": null, "layer": 1.0, "bridge": "T", "tunnel": "F", "Shape_Leng": 0.000183243184357 }, "geometry": { "type": "LineString", "coordinates": [ [ 88.396398400166106, 26.677013699722522 ], [ 88.396556699731946, 26.67710599984207 ] ] } },
{ "type": "Feature", "properties": { "osm_id": "505107232", "code": 6101, "fclass": "rail", "name": null, "layer": 0.0, "bridge": "F", "tunnel": "F", "Shape_Leng": 0.0031167355082900002 }, "geometry": { "type": "LineString", "coordinates": [ [ 88.393699693885821, 26.675454721358335 ], [ 88.39453830000258, 26.675940000031005 ], [ 88.395576800229207, 26.676527699793553 ], [ 88.396398400166106, 26.677013699722522 ] ] } },
{ "type": "Feature", "properties": { "osm_id": "505107233", "code": 6101, "fclass": "rail", "name": null, "layer": 0.0, "bridge": "F", "tunnel": "F", "Shape_Leng": 0.00304256963434 }, "geometry": { "type": "LineString", "coordinates": [ [ 88.396402400350553, 26.676969400017867 ], [ 88.395607000362816, 26.676495000443992 ], [ 88.394585300371375, 26.675898099717585 ], [ 88.393778494282117, 26.675429224679021 ] ] } },
{ "type": "Feature", "properties": { "osm_id": "505109580", "code": 6101, "fclass": "rail", "name": null, "layer": 1.0, "bridge": "T", "tunnel": "F", "Shape_Leng": 0.00047140473195200002 }, "geometry": { "type": "LineString", "coordinates": [ [ 88.40655079997947, 26.729238800430323 ], [ 88.406132000091816, 26.729022400163672 ] ] } },
{ "type": "Feature", "properties": { "osm_id": "505109584", "code": 6101, "fclass": "rail", "name": null, "layer": 0.0, "bridge": "F", "tunnel": "F", "Shape_Leng": 0.014373220215 }, "geometry": { "type": "LineString", "coordinates": [ [ 88.392832699769315, 26.721983599863279 ], [ 88.389674299629291, 26.720322599708254 ], [ 88.388883300024361, 26.719903699995825 ], [ 88.387057400178946, 26.718936800193205 ], [ 88.380128700279329, 26.71526069992143 ] ] } },
{ "type": "Feature", "properties": { "osm_id": "505121923", "code": 6101, "fclass": "rail", "name": null, "layer": 0.0, "bridge": "F", "tunnel": "F", "Shape_Leng": 0.0010274831759600001 }, "geometry": { "type": "LineString", "coordinates": [ [ 88.43521389960182, 26.681735900391516 ], [ 88.436216399966952, 26.681961099625084 ] ] } },
{ "type": "Feature", "properties": { "osm_id": "505121924", "code": 6101, "fclass": "rail", "name": null, "layer": 0.0, "bridge": "F", "tunnel": "F", "Shape_Leng": 0.0011449985416800001 }, "geometry": { "type": "LineString", "coordinates": [ [ 88.425122400078749, 26.680679000035866 ], [ 88.424662199900638, 26.680576399980907 ], [ 88.424355100307707, 26.680485299557006 ], [ 88.424171400289936, 26.680425400212073 ], [ 88.424018600078398, 26.680378100369069 ] ] } },
{ "type": "Feature", "properties": { "osm_id": "505121930", "code": 6101, "fclass": "rail", "name": null, "layer": 0.0, "bridge": "F", "tunnel": "F", "Shape_Leng": 0.000199363193397 }, "geometry": { "type": "LineString", "coordinates": [ [ 88.425812100048461, 26.680825799970762 ], [ 88.426009799812448, 26.680851499896846 ] ] } },
{ "type": "Feature", "properties": { "osm_id": "505125724", "code": 6101, "fclass": "rail", "name": null, "layer": 0.0, "bridge": "F", "tunnel": "F", "Shape_Leng": 0.00074221039966499997 }, "geometry": { "type": "LineString", "coordinates": [ [ 88.428992699953199, 26.681506700074181 ], [ 88.429674500277997, 26.681799999570387 ] ] } },
{ "type": "Feature", "properties": { "osm_id": "505125727", "code": 6101, "fclass": "rail", "name": null, "layer": 0.0, "bridge": "F", "tunnel": "F", "Shape_Leng": 0.00046054734414700002 }, "geometry": { "type": "LineString", "coordinates": [ [ 88.429233999749329, 26.681665600387191 ], [ 88.429674500277997, 26.681799999570387 ] ] } },
{ "type": "Feature", "properties": { "osm_id": "505135495", "code": 6101, "fclass": "rail", "name": null, "layer": 0.0, "bridge": "F", "tunnel": "F", "Shape_Leng": 0.0047389240622700002 }, "geometry": { "type": "LineString", "coordinates": [ [ 88.725432699759324, 26.516054899713879 ], [ 88.725264100258073, 26.516538500251613 ], [ 88.725160500157017, 26.516784300255324 ], [ 88.724950299816555, 26.517244100235075 ], [ 88.724738399757427, 26.517587300413652 ], [ 88.724282400312575, 26.518264099608587 ], [ 88.724065099824543, 26.518561699662769 ], [ 88.724012899575712, 26.518625500266694 ], [ 88.723867400060499, 26.518803399657202 ], [ 88.723659099987515, 26.519045099651692 ], [ 88.723364800445268, 26.519343599927254 ], [ 88.723067300215803, 26.519634500032225 ], [ 88.72278589964958, 26.51991870018793 ] ] } },
{ "type": "Feature", "properties": { "osm_id": "505135496", "code": 6101, "fclass": "rail", "name": null, "layer": 0.0, "bridge": "F", "tunnel": "F", "Shape_Leng": 0.00421602143174 }, "geometry": { "type": "LineString", "coordinates": [ [ 88.64845239995833, 26.54368290034563 ], [ 88.647927200380025, 26.544100200164166 ], [ 88.64656700006708, 26.545169700021688 ], [ 88.645893999608461, 26.545708199673754 ], [ 88.645466399854513, 26.546059000022865 ], [ 88.645145699814236, 26.546297900427817 ] ] } },
{ "type": "Feature", "properties": { "osm_id": "505139911", "code": 6101, "fclass": "rail", "name": "New Jalpaiguri Road - Alipurduar railway", "layer": 1.0, "bridge": "T", "tunnel": "F", "Shape_Leng": 0.00096486750033900005 }, "geometry": { "type": "LineString", "coordinates": [ [ 88.668723000166381, 26.539508799591488 ], [ 88.667785799575029, 26.539279399624661 ] ] } },
{ "type": "Feature", "properties": { "osm_id": "505380190", "code": 6106, "fclass": "narrow_gauge", "name": "Darjeeling Himalayan Railway", "layer": 0.0, "bridge": "F", "tunnel": "F", "Shape_Leng": 0.00108206027711 }, "geometry": { "type": "LineString", "coordinates": [ [ 88.40910520014495, 26.731986900175343 ], [ 88.409224899909248, 26.73134819985961 ], [ 88.409369599927174, 26.730940899602899 ] ] } },
{ "type": "Feature", "properties": { "osm_id": "505391728", "code": 6101, "fclass": "rail", "name": null, "layer": 0.0, "bridge": "F", "tunnel": "F", "Shape_Leng": 0.00727551637895 }, "geometry": { "type": "LineString", "coordinates": [ [ 88.405851399922199, 26.752866499689276 ], [ 88.405715399945791, 26.75371929980588 ], [ 88.404892999612287, 26.758876900048961 ], [ 88.404686400157289, 26.760047999915287 ] ] } },
{ "type": "Feature", "properties": { "osm_id": "505391729", "code": 6101, "fclass": "rail", "name": null, "layer": 1.0, "bridge": "T", "tunnel": "F", "Shape_Leng": 0.00014765926349399999 }, "geometry": { "type": "LineString", "coordinates": [ [ 88.404686400157289, 26.760047999915287 ], [ 88.404664999889917, 26.760194100177614 ] ] } },
{ "type": "Feature", "properties": { "osm_id": "505391730", "code": 6101, "fclass": "rail", "name": null, "layer": 0.0, "bridge": "F", "tunnel": "F", "Shape_Leng": 0.0134250518151 }, "geometry": { "type": "LineString", "coordinates": [ [ 88.404664999889917, 26.760194100177614 ], [ 88.404453099830732, 26.761544899877265 ], [ 88.404249200140555, 26.762873999835278 ], [ 88.403974600247636, 26.764642200077503 ], [ 88.403622799852371, 26.766907399856677 ], [ 88.403437800314293, 26.768075499584711 ], [ 88.40309860032022, 26.770216500291326 ], [ 88.402851800270412, 26.771806599694855 ], [ 88.40259699985171, 26.773458899808418 ] ] } },
{ "type": "Feature", "properties": { "osm_id": "505391731", "code": 6101, "fclass": "rail", "name": null, "layer": 0.0, "bridge": "F", "tunnel": "F", "Shape_Leng": 0.001623748269 }, "geometry": { "type": "LineString", "coordinates": [ [ 88.402583699778006, 26.773543800306186 ], [ 88.402332500244768, 26.775148000180138 ] ] } },
{ "type": "Feature", "properties": { "osm_id": "505391732", "code": 6101, "fclass": "rail", "name": null, "layer": 1.0, "bridge": "T", "tunnel": "F", "Shape_Leng": 8.5935944061800004e-05 }, "geometry": { "type": "LineString", "coordinates": [ [ 88.40259699985171, 26.773458899808418 ], [ 88.402583699778006, 26.773543800306186 ] ] } },
{ "type": "Feature", "properties": { "osm_id": "505391733", "code": 6101, "fclass": "rail", "name": null, "layer": 0.0, "bridge": "F", "tunnel": "F", "Shape_Leng": 0.0042200128330300004 }, "geometry": { "type": "LineString", "coordinates": [ [ 88.402315399636052, 26.775254600419544 ], [ 88.401648600002943, 26.779421600126796 ] ] } },
{ "type": "Feature", "properties": { "osm_id": "505391734", "code": 6101, "fclass": "rail", "name": null, "layer": 1.0, "bridge": "T", "tunnel": "F", "Shape_Leng": 0.000107963150472 }, "geometry": { "type": "LineString", "coordinates": [ [ 88.402332500244768, 26.775148000180138 ], [ 88.402315399636052, 26.775254600419544 ] ] } },
{ "type": "Feature", "properties": { "osm_id": "505391736", "code": 6101, "fclass": "rail", "name": null, "layer": 1.0, "bridge": "T", "tunnel": "F", "Shape_Leng": 7.0577643957199995e-05 }, "geometry": { "type": "LineString", "coordinates": [ [ 88.401272300276503, 26.78177330029763 ], [ 88.401261199944486, 26.78184299955484 ] ] } },
{ "type": "Feature", "properties": { "osm_id": "505391737", "code": 6101, "fclass": "rail", "name": null, "layer": 0.0, "bridge": "F", "tunnel": "F", "Shape_Leng": 0.00229057028673 }, "geometry": { "type": "LineString", "coordinates": [ [ 88.401634200058368, 26.779511499955788 ], [ 88.401272300276503, 26.78177330029763 ] ] } },
{ "type": "Feature", "properties": { "osm_id": "505391738", "code": 6101, "fclass": "rail", "name": null, "layer": 0.0, "bridge": "F", "tunnel": "F", "Shape_Leng": 0.017571898241 }, "geometry": { "type": "LineString", "coordinates": [ [ 88.401261199944486, 26.78184299955484 ], [ 88.398981500395962, 26.796215999568801 ], [ 88.398761900341469, 26.797801099641106 ], [ 88.398773899995547, 26.798400399758691 ], [ 88.398916500096448, 26.798991300208399 ], [ 88.399030523340059, 26.799169677138934 ] ] } },
{ "type": "Feature", "properties": { "osm_id": "505391739", "code": 6101, "fclass": "rail", "name": null, "layer": 1.0, "bridge": "T", "tunnel": "F", "Shape_Leng": 9.1045799775099994e-05 }, "geometry": { "type": "LineString", "coordinates": [ [ 88.401648600002943, 26.779421600126796 ], [ 88.401634200058368, 26.779511499955788 ] ] } },
{ "type": "Feature", "properties": { "osm_id": "505690045", "code": 6101, "fclass": "rail", "name": "New Jalpaiguri Road - Alipurduar railway", "layer": 0.0, "bridge": "F", "tunnel": "F", "Shape_Leng": 0.0020826212968700001 }, "geometry": { "type": "LineString", "coordinates": [ [ 88.761991762409991, 26.56695902763704 ], [ 88.761248600442627, 26.566856700076698 ], [ 88.759928599825059, 26.566675000151179 ] ] } },
{ "type": "Feature", "properties": { "osm_id": "546108804", "code": 6101, "fclass": "rail", "name": null, "layer": 0.0, "bridge": "F", "tunnel": "F", "Shape_Leng": 0.058255720812900001 }, "geometry": { "type": "LineString", "coordinates": [ [ 88.751988900067715, 26.439109800277095 ], [ 88.751409500148384, 26.440790099883259 ], [ 88.750681900049699, 26.442900000234886 ], [ 88.747000199699528, 26.453575399884869 ], [ 88.74516540016316, 26.458895500427047 ], [ 88.744248599793082, 26.461553399969489 ], [ 88.743675600348752, 26.462999199553451 ], [ 88.743192200359829, 26.463959599955615 ], [ 88.742903400171826, 26.464471100161177 ], [ 88.74199160003235, 26.465790400206856 ], [ 88.74104139974088, 26.466836600428792 ], [ 88.740460800125902, 26.46734630019165 ], [ 88.73928760034255, 26.468376100376759 ], [ 88.737169599797255, 26.470235400143679 ], [ 88.736966499604307, 26.470413699732489 ], [ 88.734468200047445, 26.472606700139124 ], [ 88.73280540034898, 26.474066299819924 ], [ 88.732414299580341, 26.474412900335153 ], [ 88.732017300158361, 26.474840900287347 ], [ 88.7313360996813, 26.475717199689086 ], [ 88.730930000019555, 26.476327000290894 ], [ 88.730433799979949, 26.477130600297016 ], [ 88.729987499723393, 26.477994599671092 ], [ 88.729661900176609, 26.478990400086957 ], [ 88.729490900384803, 26.479513200274027 ], [ 88.729200899601892, 26.480745400080195 ], [ 88.729189099597306, 26.480833299816993 ], [ 88.729084299800661, 26.481613100164509 ], [ 88.729003699860925, 26.482553800017911 ], [ 88.729030700206692, 26.483559299622016 ], [ 88.729111200321711, 26.484472900204253 ], [ 88.730264900105112, 26.490178399813374 ], [ 88.730270500183508, 26.490205800357444 ] ] } },
{ "type": "Feature", "properties": { "osm_id": "604477773", "code": 6101, "fclass": "rail", "name": null, "layer": 0.0, "bridge": "F", "tunnel": "F", "Shape_Leng": 0.0051287568006100001 }, "geometry": { "type": "LineString", "coordinates": [ [ 88.65248849974455, 26.540519900173308 ], [ 88.652078700271886, 26.540806600444284 ], [ 88.652051699926062, 26.540827700338127 ], [ 88.651120100312426, 26.541554400215432 ], [ 88.650845700069056, 26.541774600117776 ], [ 88.650566299595084, 26.541990000338274 ], [ 88.64845239995833, 26.54368290034563 ] ] } },
{ "type": "Feature", "properties": { "osm_id": "608416229", "code": 6101, "fclass": "rail", "name": null, "layer": 0.0, "bridge": "F", "tunnel": "F", "Shape_Leng": 0.072805207038699998 }, "geometry": { "type": "LineString", "coordinates": [ [ 88.572980499750315, 26.594948099775024 ], [ 88.572417499867811, 26.595129900424638 ], [ 88.566809199884744, 26.59683680017821 ], [ 88.554893400410151, 26.60028200041404 ], [ 88.553709899792125, 26.600677200292637 ], [ 88.552798200376685, 26.601140999557515 ], [ 88.552235800341975, 26.60149320015114 ], [ 88.551727699573746, 26.601894400306378 ], [ 88.550842499581734, 26.602749699638991 ], [ 88.548452699632435, 26.605045999773097 ], [ 88.543173100058596, 26.610021599717129 ], [ 88.540965199684251, 26.612134799681314 ], [ 88.539486400377143, 26.613583200104642 ], [ 88.528887300108863, 26.623692699558489 ], [ 88.527828299836244, 26.624644999766986 ], [ 88.527041500065252, 26.625432099911507 ], [ 88.525414700228282, 26.627059499596271 ], [ 88.522515099792088, 26.629725699881192 ], [ 88.520885700015128, 26.631303099958131 ], [ 88.516699499782135, 26.635297699629177 ], [ 88.51547299987908, 26.636500499698343 ], [ 88.515293499695304, 26.636664699716164 ] ] } },
{ "type": "Feature", "properties": { "osm_id": "608416230", "code": 6101, "fclass": "rail", "name": null, "layer": 1.0, "bridge": "T", "tunnel": "F", "Shape_Leng": 0.00081758459961500001 }, "geometry": { "type": "LineString", "coordinates": [ [ 88.573766400199247, 26.594722699992644 ], [ 88.572980499750315, 26.594948099775024 ] ] } },
{ "type": "Feature", "properties": { "osm_id": "608416231", "code": 6101, "fclass": "rail", "name": null, "layer": 0.0, "bridge": "F", "tunnel": "F", "Shape_Leng": 0.0027156222484300001 }, "geometry": { "type": "LineString", "coordinates": [ [ 88.644090699726064, 26.547097799723701 ], [ 88.643558099626659, 26.547531100280082 ], [ 88.64273510034468, 26.548208199848602 ], [ 88.642013700172186, 26.5488017002383 ], [ 88.641991200033885, 26.548820200192154 ] ] } },
{ "type": "Feature", "properties": { "osm_id": "608416232", "code": 6101, "fclass": "rail", "name": null, "layer": 0.0, "bridge": "F", "tunnel": "F", "Shape_Leng": 0.0115724670146 }, "geometry": { "type": "LineString", "coordinates": [ [ 88.588506999898186, 26.590581300386759 ], [ 88.588741900118634, 26.590478599607763 ], [ 88.589325599696735, 26.590248199594782 ], [ 88.590020500445803, 26.589918099840474 ], [ 88.59108180028494, 26.589279799723045 ], [ 88.59195699981575, 26.588634099983778 ], [ 88.595014999642558, 26.586249499914516 ], [ 88.5964966003379, 26.585017899956142 ], [ 88.597899200088079, 26.583907900029601 ] ] } },
{ "type": "Feature", "properties": { "osm_id": "608416233", "code": 6101, "fclass": "rail", "name": null, "layer": 1.0, "bridge": "T", "tunnel": "F", "Shape_Leng": 0.00079117796555799999 }, "geometry": { "type": "LineString", "coordinates": [ [ 88.573011799754795, 26.595088199760653 ], [ 88.573770900406771, 26.594865200268828 ] ] } },
{ "type": "Feature", "properties": { "osm_id": "608416235", "code": 6101, "fclass": "rail", "name": null, "layer": 0.0, "bridge": "F", "tunnel": "F", "Shape_Leng": 0.014625108948 }, "geometry": { "type": "LineString", "coordinates": [ [ 88.667827299690202, 26.539113999911194 ], [ 88.666684999713027, 26.538851000373427 ], [ 88.666110199825937, 26.538736999612865 ], [ 88.665524500155641, 26.538642399926857 ], [ 88.664969800116239, 26.538547400042546 ], [ 88.664411900289053, 26.538441600199747 ], [ 88.663869299728447, 26.538320900389294 ], [ 88.663317599827451, 26.538194700325221 ], [ 88.662239899951487, 26.53793830001257 ], [ 88.661694200327133, 26.537812199773271 ], [ 88.661423900092984, 26.537756000239256 ], [ 88.661153500034061, 26.537708900045743 ], [ 88.660700200354029, 26.537645899838481 ], [ 88.66025969982536, 26.537607899884733 ], [ 88.65997520019539, 26.537586999640382 ], [ 88.659693299606147, 26.537579799668094 ], [ 88.659176800069304, 26.53757969984332 ], [ 88.658769399987875, 26.537602299806338 ], [ 88.658356800026354, 26.537640899607879 ], [ 88.657978000184642, 26.537691099764515 ], [ 88.657622199604873, 26.537755000193158 ], [ 88.657347800260823, 26.537822399883908 ], [ 88.656763599760382, 26.53795899970811 ], [ 88.655846499916095, 26.538283899582325 ], [ 88.655469899816069, 26.538447399927634 ], [ 88.655111400370913, 26.538623800148287 ], [ 88.654676900118886, 26.538845799594014 ], [ 88.654270300434064, 26.539101299685285 ], [ 88.653746900399199, 26.539432699859276 ] ] } },
{ "type": "Feature", "properties": { "osm_id": "608416236", "code": 6101, "fclass": "rail", "name": null, "layer": 1.0, "bridge": "T", "tunnel": "F", "Shape_Leng": 0.00098027950054899995 }, "geometry": { "type": "LineString", "coordinates": [ [ 88.668780599944796, 26.539342399831924 ], [ 88.667827299690202, 26.539113999911194 ] ] } },
{ "type": "Feature", "properties": { "osm_id": "608416237", "code": 6101, "fclass": "rail", "name": null, "layer": 0.0, "bridge": "F", "tunnel": "F", "Shape_Leng": 0.0019466305643 }, "geometry": { "type": "LineString", "coordinates": [ [ 88.759999800050764, 26.566330700101787 ], [ 88.761288800138061, 26.566529899935006 ], [ 88.761659399961388, 26.566587200239155 ], [ 88.761922618034475, 26.566633884046553 ] ] } },
{ "type": "Feature", "properties": { "osm_id": "608416238", "code": 6101, "fclass": "rail", "name": null, "layer": 1.0, "bridge": "T", "tunnel": "F", "Shape_Leng": 0.0096958079855 }, "geometry": { "type": "LineString", "coordinates": [ [ 88.759999800050764, 26.566330700101787 ], [ 88.750386499737203, 26.565068499811446 ] ] } },
{ "type": "Feature", "properties": { "osm_id": "608416240", "code": 6101, "fclass": "rail", "name": null, "layer": 0.0, "bridge": "F", "tunnel": "F", "Shape_Leng": 0.0186060758347 }, "geometry": { "type": "LineString", "coordinates": [ [ 88.71584770021127, 26.560504200308628 ], [ 88.71408059983986, 26.560180599954776 ], [ 88.705477499886797, 26.558624199946905 ], [ 88.703731899607533, 26.558315999583783 ], [ 88.703041699614801, 26.558185400036223 ], [ 88.702652599837677, 26.558098600170297 ], [ 88.702114399659877, 26.557956500092473 ], [ 88.701701299675278, 26.557812300097623 ], [ 88.701311900423946, 26.557660900130486 ], [ 88.700587900311405, 26.557310900177924 ], [ 88.697889499800624, 26.556053499569373 ] ] } },
{ "type": "Feature", "properties": { "osm_id": "664483524", "code": 6101, "fclass": "rail", "name": null, "layer": 0.0, "bridge": "F", "tunnel": "F", "Shape_Leng": 0.00749852802599 }, "geometry": { "type": "LineString", "coordinates": [ [ 88.44329210035022, 26.682618700092974 ], [ 88.440418400388921, 26.68229399986825 ], [ 88.439795000239144, 26.682223500214434 ], [ 88.438957500288438, 26.682128899629049 ], [ 88.438096000130372, 26.682040099670928 ], [ 88.435837699949957, 26.681807200441995 ] ] } },
{ "type": "Feature", "properties": { "osm_id": "664483525", "code": 6101, "fclass": "rail", "name": null, "layer": 0.0, "bridge": "F", "tunnel": "F", "Shape_Leng": 0.00235954026986 }, "geometry": { "type": "LineString", "coordinates": [ [ 88.436216399966952, 26.681961099625084 ], [ 88.438045200125941, 26.682176800219224 ], [ 88.438059500245799, 26.682178099739588 ], [ 88.43856109981499, 26.682224100062228 ] ] } },
{ "type": "Feature", "properties": { "osm_id": "693874034", "code": 6101, "fclass": "rail", "name": null, "layer": 1.0, "bridge": "T", "tunnel": "F", "Shape_Leng": 0.00062725816660299995 }, "geometry": { "type": "LineString", "coordinates": [ [ 88.393387899831794, 26.722275500014348 ], [ 88.392832699769315, 26.721983599863279 ] ] } },
{ "type": "Feature", "properties": { "osm_id": "693874035", "code": 6101, "fclass": "rail", "name": null, "layer": 0.0, "bridge": "F", "tunnel": "F", "Shape_Leng": 0.0144198853591 }, "geometry": { "type": "LineString", "coordinates": [ [ 88.406132000091816, 26.729022400163672 ], [ 88.39836719958663, 26.724921800101072 ], [ 88.396811199777119, 26.724094899560043 ], [ 88.394691899711461, 26.722968499596618 ], [ 88.393387899831794, 26.722275500014348 ] ] } },
{ "type": "Feature", "properties": { "osm_id": "815753465", "code": 6101, "fclass": "rail", "name": null, "layer": 0.0, "bridge": "F", "tunnel": "F", "Shape_Leng": 0.0013240669750199999 }, "geometry": { "type": "LineString", "coordinates": [ [ 88.514289500160373, 26.637764600256162 ], [ 88.515229299792395, 26.636831899872334 ] ] } },
{ "type": "Feature", "properties": { "osm_id": "815753466", "code": 6101, "fclass": "rail", "name": null, "layer": 0.0, "bridge": "F", "tunnel": "F", "Shape_Leng": 0.0013315524451399999 }, "geometry": { "type": "LineString", "coordinates": [ [ 88.51507069985297, 26.63679129997854 ], [ 88.514119500414665, 26.637723100140988 ] ] } },
{ "type": "Feature", "properties": { "osm_id": "815753467", "code": 6101, "fclass": "rail", "name": null, "layer": 0.0, "bridge": "F", "tunnel": "F", "Shape_Leng": 0.00067116393603800005 }, "geometry": { "type": "LineString", "coordinates": [ [ 88.514119500414665, 26.637723100140988 ], [ 88.513928600424606, 26.637904100393996 ], [ 88.513626799637166, 26.638178800111575 ] ] } },
{ "type": "Feature", "properties": { "osm_id": "815753468", "code": 6101, "fclass": "rail", "name": null, "layer": 0.0, "bridge": "F", "tunnel": "F", "Shape_Leng": 0.00061307343222399998 }, "geometry": { "type": "LineString", "coordinates": [ [ 88.514885200291815, 26.637121999580643 ], [ 88.515027199645601, 26.636959199807279 ], [ 88.515293499695304, 26.636664699716164 ] ] } },
{ "type": "Feature", "properties": { "osm_id": "815753469", "code": 6101, "fclass": "rail", "name": null, "layer": 0.0, "bridge": "F", "tunnel": "F", "Shape_Leng": 0.00041681620242599998 }, "geometry": { "type": "LineString", "coordinates": [ [ 88.513626799637166, 26.638178800111575 ], [ 88.513964299912573, 26.63793419980351 ] ] } },
{ "type": "Feature", "properties": { "osm_id": "815753470", "code": 6101, "fclass": "rail", "name": null, "layer": 0.0, "bridge": "F", "tunnel": "F", "Shape_Leng": 0.00068256139708500001 }, "geometry": { "type": "LineString", "coordinates": [ [ 88.643591500447428, 26.547563299606622 ], [ 88.644090699726064, 26.547097799723701 ] ] } },
{ "type": "Feature", "properties": { "osm_id": "815753471", "code": 6101, "fclass": "rail", "name": "New Jalpaiguri Road - Alipurduar railway", "layer": 0.0, "bridge": "F", "tunnel": "F", "Shape_Leng": 0.00055589635828500004 }, "geometry": { "type": "LineString", "coordinates": [ [ 88.652056700156663, 26.540869999950587 ], [ 88.652080099616967, 26.540850999973713 ], [ 88.65210299995357, 26.540832400195143 ], [ 88.65248849974455, 26.540519900173308 ] ] } },
{ "type": "Feature", "properties": { "osm_id": "815753472", "code": 6101, "fclass": "rail", "name": "New Jalpaiguri Road - Alipurduar railway", "layer": 0.0, "bridge": "F", "tunnel": "F", "Shape_Leng": 0.00060842329258300001 }, "geometry": { "type": "LineString", "coordinates": [ [ 88.652954399825774, 26.540128599755121 ], [ 88.65248849974455, 26.540519900173308 ] ] } },
{ "type": "Feature", "properties": { "osm_id": "815753473", "code": 6101, "fclass": "rail", "name": "New Jalpaiguri Road - Alipurduar railway", "layer": 0.0, "bridge": "F", "tunnel": "F", "Shape_Leng": 0.010534155904500001 }, "geometry": { "type": "LineString", "coordinates": [ [ 88.643591500447428, 26.547563299606622 ], [ 88.645110899648387, 26.546371300395265 ], [ 88.645513099849722, 26.546067899713876 ], [ 88.645889799774523, 26.545763900083955 ], [ 88.647780799744169, 26.544268099992848 ], [ 88.648354200286178, 26.543814499939288 ], [ 88.650397500444342, 26.542183699917871 ], [ 88.651139700137094, 26.541573800390609 ], [ 88.651451100288114, 26.541326899616763 ], [ 88.651851800420332, 26.541026900171346 ] ] } },
{ "type": "Feature", "properties": { "osm_id": "841299213", "code": 6101, "fclass": "rail", "name": null, "layer": 0.0, "bridge": "F", "tunnel": "F", "Shape_Leng": 0.00087191541226300001 }, "geometry": { "type": "LineString", "coordinates": [ [ 88.71972060002571, 26.521390800445147 ], [ 88.720061899936809, 26.521295099988947 ], [ 88.720376300226121, 26.521176300445973 ], [ 88.720546100322338, 26.521112599666765 ] ] } },
{ "type": "Feature", "properties": { "osm_id": "841299214", "code": 6101, "fclass": "rail", "name": null, "layer": 0.0, "bridge": "F", "tunnel": "F", "Shape_Leng": 0.000340384188765 }, "geometry": { "type": "LineString", "coordinates": [ [ 88.720246199802318, 26.521273599896745 ], [ 88.720546100322338, 26.521112599666765 ] ] } },
{ "type": "Feature", "properties": { "osm_id": "842061617", "code": 6101, "fclass": "rail", "name": null, "layer": 0.0, "bridge": "F", "tunnel": "F", "Shape_Leng": 0.0081673301537999992 }, "geometry": { "type": "LineString", "coordinates": [ [ 88.705724100287057, 26.558773099798771 ], [ 88.706116800050324, 26.55887800031951 ], [ 88.70626269976384, 26.558924200291642 ], [ 88.706616799725566, 26.559045499949889 ], [ 88.706756399688174, 26.559082800231124 ], [ 88.706901599729122, 26.559115299931193 ], [ 88.712556999905701, 26.560135099655156 ], [ 88.712697000066555, 26.560157499968682 ], [ 88.712830300278199, 26.560172200286843 ], [ 88.71336460009627, 26.56019340000546 ], [ 88.713746800274691, 26.560218300434258 ] ] } },
{ "type": "Feature", "properties": { "osm_id": "845330419", "code": 6101, "fclass": "rail", "name": null, "layer": 0.0, "bridge": "F", "tunnel": "F", "Shape_Leng": 0.0070417490405800002 }, "geometry": { "type": "LineString", "coordinates": [ [ 88.721126799762033, 26.520844900271982 ], [ 88.721405300014624, 26.520702700369384 ], [ 88.721631299644798, 26.520576399581216 ], [ 88.721920300381612, 26.520408800126063 ], [ 88.722274599992829, 26.520182900320663 ], [ 88.722576600429818, 26.519956600316902 ], [ 88.722851499796946, 26.519730099764331 ], [ 88.723253000325769, 26.519346100042526 ], [ 88.723586500416729, 26.518995799716436 ], [ 88.723900100309436, 26.518637300271223 ], [ 88.724117899921225, 26.518365699617391 ], [ 88.72431170022486, 26.518105499669105 ], [ 88.72460680016377, 26.517640599634035 ], [ 88.724879399964379, 26.517190300092352 ], [ 88.725080800438661, 26.516762300140101 ], [ 88.725343600326937, 26.516028099916923 ], [ 88.725395799676448, 26.515895799751434 ], [ 88.725538999625201, 26.515607299937017 ] ] } },
{ "type": "Feature", "properties": { "osm_id": "846328614", "code": 6101, "fclass": "rail", "name": null, "layer": 0.0, "bridge": "F", "tunnel": "F", "Shape_Leng": 0.0054913996495200004 }, "geometry": { "type": "LineString", "coordinates": [ [ 88.721126799762033, 26.520844900271982 ], [ 88.721318299599886, 26.52071500039699 ], [ 88.721620800059952, 26.520518199955006 ], [ 88.72204360013211, 26.520242699840765 ], [ 88.722293799619194, 26.520052500422594 ], [ 88.722516399812037, 26.51985960034034 ], [ 88.722798400226054, 26.519585299921687 ], [ 88.723396499748731, 26.518990800385154 ], [ 88.72359709982635, 26.51878250031217 ], [ 88.72391469990356, 26.518393700009312 ], [ 88.724166799658121, 26.518045200125925 ], [ 88.724408200178345, 26.517681400076583 ], [ 88.724610999997708, 26.517353099865716 ], [ 88.724771900402914, 26.517087100189599 ], [ 88.724858800093614, 26.516913399733653 ] ] } },
{ "type": "Feature", "properties": { "osm_id": "846863977", "code": 6101, "fclass": "rail", "name": null, "layer": 0.0, "bridge": "F", "tunnel": "F", "Shape_Leng": 0.00108526573205 }, "geometry": { "type": "LineString", "coordinates": [ [ 88.713513400123361, 26.560035800112132 ], [ 88.714582099584277, 26.56022470000994 ] ] } },
{ "type": "Feature", "properties": { "osm_id": "846863978", "code": 6101, "fclass": "rail", "name": null, "layer": 0.0, "bridge": "F", "tunnel": "F", "Shape_Leng": 0.0087454139341900002 }, "geometry": { "type": "LineString", "coordinates": [ [ 88.705477499886797, 26.558624199946905 ], [ 88.705971799658869, 26.558679599983577 ], [ 88.706163500045534, 26.558709399918939 ], [ 88.713513400123361, 26.560035800112132 ], [ 88.71408059983986, 26.560180599954776 ] ] } },
{ "type": "Feature", "properties": { "osm_id": "846863979", "code": 6101, "fclass": "rail", "name": null, "layer": 0.0, "bridge": "F", "tunnel": "F", "Shape_Leng": 0.00097899520875899997 }, "geometry": { "type": "LineString", "coordinates": [ [ 88.715104299923553, 26.560464599561669 ], [ 88.714141000107134, 26.56028999978372 ] ] } },
{ "type": "Feature", "properties": { "osm_id": "848303674", "code": 6101, "fclass": "rail", "name": null, "layer": 0.0, "bridge": "F", "tunnel": "F", "Shape_Leng": 0.010058923533200001 }, "geometry": { "type": "LineString", "coordinates": [ [ 88.714745299556, 26.560350800249296 ], [ 88.714141000107134, 26.56028999978372 ], [ 88.713746800274691, 26.560218300434258 ], [ 88.705724100287057, 26.558773099798771 ], [ 88.705328799684423, 26.558692900057338 ], [ 88.704849200230456, 26.55856750038987 ] ] } },
{ "type": "Feature", "properties": { "osm_id": "848303675", "code": 6101, "fclass": "rail", "name": null, "layer": 0.0, "bridge": "F", "tunnel": "F", "Shape_Leng": 0.000409308511742 }, "geometry": { "type": "LineString", "coordinates": [ [ 88.704122100154848, 26.55843959970781 ], [ 88.703731899607533, 26.558315999583783 ] ] } },
{ "type": "Feature", "properties": { "osm_id": "848303676", "code": 6101, "fclass": "rail", "name": null, "layer": 1.0, "bridge": "T", "tunnel": "F", "Shape_Leng": 0.00041555756047 }, "geometry": { "type": "LineString", "coordinates": [ [ 88.697889499800624, 26.556053499569373 ], [ 88.697513899746752, 26.555875700003583 ] ] } },
{ "type": "Feature", "properties": { "osm_id": "848303677", "code": 6101, "fclass": "rail", "name": null, "layer": 0.0, "bridge": "F", "tunnel": "F", "Shape_Leng": 0.010196890596300001 }, "geometry": { "type": "LineString", "coordinates": [ [ 88.697513899746752, 26.555875700003583 ], [ 88.696762699638953, 26.555520099972682 ], [ 88.695991700056993, 26.555142800200144 ], [ 88.695211700059986, 26.55478319998474 ], [ 88.694708499697583, 26.554544799602866 ], [ 88.694229699740902, 26.554287400143437 ], [ 88.693693399830579, 26.553945799858809 ], [ 88.693196500118461, 26.553577100302959 ], [ 88.692761300193922, 26.553209899917022 ], [ 88.692362199955596, 26.55282330025517 ], [ 88.692081599786036, 26.552524700154834 ], [ 88.691828300335828, 26.552215200271348 ], [ 88.691507700120326, 26.55177700020846 ], [ 88.691223400139847, 26.55132530042232 ], [ 88.690133199687466, 26.549320500240924 ] ] } },
{ "type": "Feature", "properties": { "osm_id": "848303678", "code": 6101, "fclass": "rail", "name": "New Jalpaiguri Road - Alipurduar railway", "layer": 0.0, "bridge": "F", "tunnel": "F", "Shape_Leng": 0.010264012761799999 }, "geometry": { "type": "LineString", "coordinates": [ [ 88.697486500101945, 26.555955200072503 ], [ 88.696932100436129, 26.555694400276423 ], [ 88.695171000341475, 26.554860500311918 ], [ 88.694670300094344, 26.554612499667201 ], [ 88.694184700363678, 26.554351000198551 ], [ 88.693640300259688, 26.55400810039356 ], [ 88.693125999565268, 26.553646099887658 ], [ 88.692692299709904, 26.553266600373377 ], [ 88.692280299596234, 26.552877499696876 ], [ 88.692003300312138, 26.552570300279172 ], [ 88.691747900045584, 26.552256599662371 ], [ 88.69142800040197, 26.551813799567242 ], [ 88.691141399955711, 26.551357399924143 ], [ 88.69005259974773, 26.549361199959435 ] ] } },
{ "type": "Feature", "properties": { "osm_id": "848303679", "code": 6101, "fclass": "rail", "name": "New Jalpaiguri Road - Alipurduar railway", "layer": 1.0, "bridge": "T", "tunnel": "F", "Shape_Leng": 0.00040574135142300001 }, "geometry": { "type": "LineString", "coordinates": [ [ 88.69785280026656, 26.556129700025679 ], [ 88.697486500101945, 26.555955200072503 ] ] } },
{ "type": "Feature", "properties": { "osm_id": "848303680", "code": 6101, "fclass": "rail", "name": null, "layer": 0.0, "bridge": "F", "tunnel": "F", "Shape_Leng": 0.0243102302567 }, "geometry": { "type": "LineString", "coordinates": [ [ 88.689942799720484, 26.548981200422133 ], [ 88.689495399593056, 26.548158499715043 ], [ 88.689050600304995, 26.54733010000416 ], [ 88.688719100306287, 26.546742300416895 ], [ 88.688459000182775, 26.546348499883436 ], [ 88.688122099755162, 26.545916999769759 ], [ 88.687769999885631, 26.545490900085042 ], [ 88.687394600380571, 26.54511610042772 ], [ 88.686988800193035, 26.544754799594386 ], [ 88.686753499774227, 26.544567700139282 ], [ 88.686505500028886, 26.544382900250696 ], [ 88.685986500376771, 26.544033900344289 ], [ 88.685701700373215, 26.543860000238851 ], [ 88.685399100088432, 26.543692899907455 ], [ 88.685085000172705, 26.543538300152477 ], [ 88.684760700146228, 26.543399800060797 ], [ 88.684315599585318, 26.543225599581831 ], [ 88.683860199988317, 26.543069700306489 ], [ 88.683410299745617, 26.54293790016402 ], [ 88.682952700406872, 26.542827500288979 ], [ 88.681474599872956, 26.542494900419342 ], [ 88.67511419956071, 26.540987099774895 ], [ 88.672700299579219, 26.540360300187729 ], [ 88.672081799835269, 26.540183099570413 ], [ 88.671690699965893, 26.540060700041352 ], [ 88.671297000156471, 26.539954400175475 ], [ 88.670484100261092, 26.539757699558265 ], [ 88.66909999956539, 26.539420300006896 ], [ 88.668780599944796, 26.539342399831924 ] ] } },
{ "type": "Feature", "properties": { "osm_id": "848303681", "code": 6101, "fclass": "rail", "name": null, "layer": 1.0, "bridge": "T", "tunnel": "F", "Shape_Leng": 0.00038907134880100002 }, "geometry": { "type": "LineString", "coordinates": [ [ 88.690133199687466, 26.549320500240924 ], [ 88.689942799720484, 26.548981200422133 ] ] } },
{ "type": "Feature", "properties": { "osm_id": "848303682", "code": 6101, "fclass": "rail", "name": "New Jalpaiguri Road - Alipurduar railway", "layer": 0.0, "bridge": "F", "tunnel": "F", "Shape_Leng": 0.0242466827298 }, "geometry": { "type": "LineString", "coordinates": [ [ 88.689854599610157, 26.549015200191377 ], [ 88.689398899639571, 26.548193600254478 ], [ 88.688963699715032, 26.547365099819558 ], [ 88.688676299771487, 26.546875200430179 ], [ 88.688367600284607, 26.546396100099969 ], [ 88.688057300004459, 26.545969399668138 ], [ 88.68770449956304, 26.545550800329238 ], [ 88.687326699767425, 26.545171799938657 ], [ 88.686924600290126, 26.544817299778629 ], [ 88.686694599576185, 26.544625899765492 ], [ 88.686456999590916, 26.544441400250491 ], [ 88.686207899974647, 26.544263800334193 ], [ 88.685948600247741, 26.544097500399403 ], [ 88.685657700142826, 26.543917799666758 ], [ 88.685356599927218, 26.543749499639773 ], [ 88.685041400140562, 26.543592600318277 ], [ 88.684713500127998, 26.54344480033734 ], [ 88.684375300180022, 26.543310699729034 ], [ 88.684028099816999, 26.54318630010772 ], [ 88.683786600371377, 26.543108800131051 ], [ 88.683385599865574, 26.542995300292944 ], [ 88.682899699761379, 26.542874499758398 ], [ 88.68143979970705, 26.542534500267038 ], [ 88.672617599722514, 26.540449199970681 ], [ 88.671568000063189, 26.540199200133031 ], [ 88.670158900013291, 26.539859199742352 ], [ 88.669028499865419, 26.53958330032907 ], [ 88.668723000166381, 26.539508799591488 ] ] } },
{ "type": "Feature", "properties": { "osm_id": "848303683", "code": 6101, "fclass": "rail", "name": "New Jalpaiguri Road - Alipurduar railway", "layer": 1.0, "bridge": "T", "tunnel": "F", "Shape_Leng": 0.00039864758117299999 }, "geometry": { "type": "LineString", "coordinates": [ [ 88.69005259974773, 26.549361199959435 ], [ 88.689854599610157, 26.549015200191377 ] ] } },
{ "type": "Feature", "properties": { "osm_id": "848309180", "code": 6101, "fclass": "rail", "name": null, "layer": 0.0, "bridge": "F", "tunnel": "F", "Shape_Leng": 0.0105379963251 }, "geometry": { "type": "LineString", "coordinates": [ [ 88.653376500225363, 26.539722500093376 ], [ 88.653096200429388, 26.539939199834237 ], [ 88.652640999582502, 26.540321999860453 ], [ 88.652296599708393, 26.54059210044511 ], [ 88.652048199764693, 26.540780299771086 ], [ 88.652019399875485, 26.540801200015437 ], [ 88.651871699719209, 26.540908400102637 ], [ 88.651557699628199, 26.54117170001399 ], [ 88.651100700137249, 26.541534400192461 ], [ 88.65036420034761, 26.54208479967383 ], [ 88.649453599903779, 26.542821599836998 ], [ 88.648821899910786, 26.543339499618241 ], [ 88.648017299858566, 26.543982600316781 ], [ 88.647933199757404, 26.544049599809227 ], [ 88.647175500249205, 26.544653599783828 ], [ 88.646426999906168, 26.545241099896884 ], [ 88.645642700250448, 26.545857800097451 ], [ 88.645314300214864, 26.546125100193251 ], [ 88.645145699814236, 26.546297900427817 ] ] } },
{ "type": "Feature", "properties": { "osm_id": "848309181", "code": 6101, "fclass": "rail", "name": null, "layer": 0.0, "bridge": "F", "tunnel": "F", "Shape_Leng": 0.000468645441322 }, "geometry": { "type": "LineString", "coordinates": [ [ 88.65088420004588, 26.541861599633194 ], [ 88.650612999590294, 26.542128299881199 ], [ 88.650548900411479, 26.542188999622681 ] ] } },
{ "type": "Feature", "properties": { "osm_id": "848309182", "code": 6101, "fclass": "rail", "name": null, "layer": 0.0, "bridge": "F", "tunnel": "F", "Shape_Leng": 0.0069977291077900003 }, "geometry": { "type": "LineString", "coordinates": [ [ 88.64479019960811, 26.546764199808024 ], [ 88.645138599666723, 26.546558899873389 ], [ 88.645558799798835, 26.546292900197216 ], [ 88.646049200110554, 26.545978300258412 ], [ 88.646498899804442, 26.545685300236471 ], [ 88.64694679995489, 26.545334300237812 ], [ 88.647657400168953, 26.54475660003709 ], [ 88.648671499989803, 26.543963600339907 ], [ 88.64933769977506, 26.543428900323534 ], [ 88.64966149977846, 26.543152400163194 ], [ 88.649916900044957, 26.542889200076559 ], [ 88.650267499845313, 26.542455500221195 ] ] } },
{ "type": "Feature", "properties": { "osm_id": "848309183", "code": 6101, "fclass": "rail", "name": null, "layer": 0.0, "bridge": "F", "tunnel": "F", "Shape_Leng": 0.0085100913234699999 }, "geometry": { "type": "LineString", "coordinates": [ [ 88.651460900200448, 26.541488499694537 ], [ 88.650548900411479, 26.542188999622681 ], [ 88.650267499845313, 26.542455500221195 ], [ 88.649893999708354, 26.542802099837104 ], [ 88.649369599627391, 26.543232300430361 ], [ 88.648607100437403, 26.543839299643992 ], [ 88.647626700012268, 26.544635500028335 ], [ 88.647237700059861, 26.54493479980124 ], [ 88.646529699785901, 26.54548749974839 ], [ 88.645925900360055, 26.545955200272317 ], [ 88.64479019960811, 26.546764199808024 ] ] } },
{ "type": "Feature", "properties": { "osm_id": "848309885", "code": 6101, "fclass": "rail", "name": null, "layer": 0.0, "bridge": "F", "tunnel": "F", "Shape_Leng": 0.0020285659577799998 }, "geometry": { "type": "LineString", "coordinates": [ [ 88.642032399775474, 26.548861099560156 ], [ 88.642053100370333, 26.548843800201269 ], [ 88.642772899749559, 26.548244599908401 ], [ 88.643591500447428, 26.547563299606622 ] ] } },
{ "type": "Feature", "properties": { "osm_id": "848309886", "code": 6101, "fclass": "rail", "name": null, "layer": 1.0, "bridge": "T", "tunnel": "F", "Shape_Leng": 9.7603467439400006e-05 }, "geometry": { "type": "LineString", "coordinates": [ [ 88.641954799974087, 26.548920300131783 ], [ 88.642032399775474, 26.548861099560156 ] ] } },
{ "type": "Feature", "properties": { "osm_id": "848309887", "code": 6101, "fclass": "rail", "name": null, "layer": 0.0, "bridge": "F", "tunnel": "F", "Shape_Leng": 0.042146597543100003 }, "geometry": { "type": "LineString", "coordinates": [ [ 88.630913100159489, 26.557630500347386 ], [ 88.628483900012043, 26.559618399569558 ], [ 88.614279000375632, 26.570873799885987 ], [ 88.611138500341553, 26.573333299991873 ], [ 88.602756299963346, 26.579992000030813 ], [ 88.599725500131797, 26.582406499860156 ], [ 88.597909000000413, 26.583841700034498 ] ] } },
{ "type": "Feature", "properties": { "osm_id": "848309888", "code": 6101, "fclass": "rail", "name": null, "layer": 1.0, "bridge": "T", "tunnel": "F", "Shape_Leng": 9.8048209878500003e-05 }, "geometry": { "type": "LineString", "coordinates": [ [ 88.641991200033885, 26.548820200192154 ], [ 88.64191420008035, 26.548880899933636 ] ] } },
{ "type": "Feature", "properties": { "osm_id": "849501206", "code": 6101, "fclass": "rail", "name": null, "layer": 0.0, "bridge": "F", "tunnel": "F", "Shape_Leng": 0.00101268741307 }, "geometry": { "type": "LineString", "coordinates": [ [ 88.705328799684423, 26.558692900057338 ], [ 88.704331400273986, 26.5585175997075 ] ] } },
{ "type": "Feature", "properties": { "osm_id": "851494520", "code": 6101, "fclass": "rail", "name": null, "layer": 0.0, "bridge": "F", "tunnel": "F", "Shape_Leng": 0.00277256519488 }, "geometry": { "type": "LineString", "coordinates": [ [ 88.513864699995963, 26.63816530038838 ], [ 88.513800400268337, 26.638246099977607 ], [ 88.513750100286984, 26.638306799719089 ], [ 88.512166799758063, 26.639813899791704 ], [ 88.512066799643151, 26.63990369979598 ], [ 88.511850299551725, 26.640065299873754 ] ] } },
{ "type": "Feature", "properties": { "osm_id": "854135855", "code": 6101, "fclass": "rail", "name": null, "layer": 0.0, "bridge": "F", "tunnel": "F", "Shape_Leng": 0.00051604318423400001 }, "geometry": { "type": "LineString", "coordinates": [ [ 88.578961199999412, 26.593404599642611 ], [ 88.579436700343479, 26.593204100289029 ] ] } },
{ "type": "Feature", "properties": { "osm_id": "854135856", "code": 6101, "fclass": "rail", "name": null, "layer": 0.0, "bridge": "F", "tunnel": "F", "Shape_Leng": 0.0093389812436799995 }, "geometry": { "type": "LineString", "coordinates": [ [ 88.579561400338434, 26.59323030023819 ], [ 88.579986499977053, 26.593147600381485 ], [ 88.580652299564008, 26.592970100289961 ], [ 88.585599800190664, 26.591522799737447 ], [ 88.587756100163972, 26.590906399910466 ], [ 88.588056599632409, 26.590798699800189 ], [ 88.588506999898186, 26.590581300386759 ] ] } },
{ "type": "Feature", "properties": { "osm_id": "854135857", "code": 6101, "fclass": "rail", "name": null, "layer": 0.0, "bridge": "F", "tunnel": "F", "Shape_Leng": 0.0086700827711200003 }, "geometry": { "type": "LineString", "coordinates": [ [ 88.5800434000829, 26.593031600428048 ], [ 88.580610099776322, 26.592836899903034 ], [ 88.582159799834926, 26.59238730003392 ], [ 88.585265300053607, 26.591505100180257 ], [ 88.588365499668157, 26.590602599930094 ] ] } },
{ "type": "Feature", "properties": { "osm_id": "854136700", "code": 6101, "fclass": "rail", "name": null, "layer": 0.0, "bridge": "F", "tunnel": "F", "Shape_Leng": 0.0116929718361 }, "geometry": { "type": "LineString", "coordinates": [ [ 88.597867599710014, 26.583874500108152 ], [ 88.596467800448693, 26.584985199707262 ], [ 88.594973500426761, 26.586211999983846 ], [ 88.591926299659065, 26.588599799840949 ], [ 88.591042599736227, 26.589245999603236 ], [ 88.589993500100036, 26.589871600394076 ], [ 88.589307199567656, 26.590203600415862 ], [ 88.588729899565294, 26.590447000129018 ], [ 88.588365499668157, 26.590602599930094 ] ] } },
{ "type": "Feature", "properties": { "osm_id": "854136701", "code": 6101, "fclass": "rail", "name": null, "layer": 1.0, "bridge": "T", "tunnel": "F", "Shape_Leng": 5.2818830703599998e-05 }, "geometry": { "type": "LineString", "coordinates": [ [ 88.597909000000413, 26.583841700034498 ], [ 88.597867599710014, 26.583874500108152 ] ] } },
{ "type": "Feature", "properties": { "osm_id": "854136702", "code": 6101, "fclass": "rail", "name": null, "layer": 0.0, "bridge": "F", "tunnel": "F", "Shape_Leng": 0.042140068175200003 }, "geometry": { "type": "LineString", "coordinates": [ [ 88.597940600378479, 26.583875000131229 ], [ 88.599739700426881, 26.582453500228894 ], [ 88.602793100221447, 26.580020799920021 ], [ 88.61118430011544, 26.573362900277687 ], [ 88.614312400297081, 26.570895100328642 ], [ 88.628523499859682, 26.55965519982766 ], [ 88.629945599609812, 26.558612700315905 ], [ 88.630995499642665, 26.557740300374633 ] ] } },
{ "type": "Feature", "properties": { "osm_id": "854136703", "code": 6101, "fclass": "rail", "name": null, "layer": 1.0, "bridge": "T", "tunnel": "F", "Shape_Leng": 5.2880878945399998e-05 }, "geometry": { "type": "LineString", "coordinates": [ [ 88.597899200088079, 26.583907900029601 ], [ 88.597940600378479, 26.583875000131229 ] ] } },
{ "type": "Feature", "properties": { "osm_id": "854145152", "code": 6101, "fclass": "rail", "name": null, "layer": 0.0, "bridge": "F", "tunnel": "F", "Shape_Leng": 0.03485877201 }, "geometry": { "type": "LineString", "coordinates": [ [ 88.750386499737203, 26.565068499811446 ], [ 88.749936100370803, 26.565008100443549 ], [ 88.749213299953908, 26.564917099844308 ], [ 88.748514300094939, 26.56485380016278 ], [ 88.747954699649711, 26.564813200269043 ], [ 88.747193300330594, 26.564792800047712 ], [ 88.745946500030982, 26.564751100283104 ], [ 88.745398599765622, 26.564704799586877 ], [ 88.744789700284514, 26.564640599683969 ], [ 88.734811599875513, 26.563331399924209 ], [ 88.725656200173546, 26.562137600270091 ], [ 88.724513199624539, 26.561999600201432 ], [ 88.721508999940454, 26.561509500263298 ], [ 88.71584770021127, 26.560504200308628 ] ] } },
{ "type": "Feature", "properties": { "osm_id": "865361407", "code": 6101, "fclass": "rail", "name": null, "layer": 0.0, "bridge": "F", "tunnel": "F", "Shape_Leng": 0.013727104558200001 }, "geometry": { "type": "LineString", "coordinates": [ [ 88.64191420008035, 26.548880899933636 ], [ 88.64097860028221, 26.54962349982469 ], [ 88.637075899633146, 26.55272099967442 ], [ 88.631162099950984, 26.557414699928529 ] ] } },
{ "type": "Feature", "properties": { "osm_id": "865361408", "code": 6101, "fclass": "rail", "name": null, "layer": 1.0, "bridge": "T", "tunnel": "F", "Shape_Leng": 0.00032950070856299998 }, "geometry": { "type": "LineString", "coordinates": [ [ 88.631162099950984, 26.557414699928529 ], [ 88.630913100159489, 26.557630500347386 ] ] } },
{ "type": "Feature", "properties": { "osm_id": "865361409", "code": 6101, "fclass": "rail", "name": null, "layer": 0.0, "bridge": "F", "tunnel": "F", "Shape_Leng": 0.0136955724174 }, "geometry": { "type": "LineString", "coordinates": [ [ 88.63128589972456, 26.557506599849773 ], [ 88.631843000054459, 26.557044799777714 ], [ 88.632379700163085, 26.556587599738009 ], [ 88.633024800054557, 26.55604340018283 ], [ 88.637146599835773, 26.552755700015609 ], [ 88.641018499604115, 26.549667199681551 ], [ 88.641954799974087, 26.548920300131783 ] ] } },
{ "type": "Feature", "properties": { "osm_id": "865361410", "code": 6101, "fclass": "rail", "name": null, "layer": 1.0, "bridge": "T", "tunnel": "F", "Shape_Leng": 0.00037275748534900001 }, "geometry": { "type": "LineString", "coordinates": [ [ 88.630995499642665, 26.557740300374633 ], [ 88.63128589972456, 26.557506599849773 ] ] } },
{ "type": "Feature", "properties": { "osm_id": "866577206", "code": 6101, "fclass": "rail", "name": null, "layer": 0.0, "bridge": "F", "tunnel": "F", "Shape_Leng": 0.0080645325074100004 }, "geometry": { "type": "LineString", "coordinates": [ [ 88.415836499754732, 26.720202499745596 ], [ 88.41569279978296, 26.720437099592516 ], [ 88.415535600087935, 26.720706899803645 ], [ 88.415251800130534, 26.721140499834235 ], [ 88.414930199868877, 26.721757100210084 ], [ 88.414703200192605, 26.72213719957216 ], [ 88.413214199875483, 26.724479800402491 ], [ 88.412619899988442, 26.725425600311269 ], [ 88.412120599985769, 26.726302499560745 ], [ 88.411846400291211, 26.726797499904762 ], [ 88.411646499886103, 26.727088499834451 ] ] } },
{ "type": "Feature", "properties": { "osm_id": "866577207", "code": 6101, "fclass": "rail", "name": null, "layer": 0.0, "bridge": "F", "tunnel": "F", "Shape_Leng": 0.0037361773303300001 }, "geometry": { "type": "LineString", "coordinates": [ [ 88.415555399562095, 26.720564799725764 ], [ 88.41535979971502, 26.720764799955589 ], [ 88.415170799992495, 26.720992799678015 ], [ 88.414921700376226, 26.721474199574686 ], [ 88.413525000178652, 26.723688799898241 ] ] } },
{ "type": "Feature", "properties": { "osm_id": "920084221", "code": 6101, "fclass": "rail", "name": null, "layer": 0.0, "bridge": "F", "tunnel": "F", "Shape_Leng": 0.00653532824683 }, "geometry": { "type": "LineString", "coordinates": [ [ 88.436267199971383, 26.701423399969997 ], [ 88.434151599716586, 26.703008099843998 ], [ 88.433469200443312, 26.703523299860478 ], [ 88.431944599563678, 26.704671100091275 ], [ 88.431042100212835, 26.705348800406853 ] ] } },
{ "type": "Feature", "properties": { "osm_id": "920084222", "code": 6101, "fclass": "rail", "name": null, "layer": 0.0, "bridge": "F", "tunnel": "F", "Shape_Leng": 0.00049270514465400001 }, "geometry": { "type": "LineString", "coordinates": [ [ 88.436691000089638, 26.701172099712664 ], [ 88.436267199971383, 26.701423399969997 ] ] } },
{ "type": "Feature", "properties": { "osm_id": "920084223", "code": 6101, "fclass": "rail", "name": null, "layer": 0.0, "bridge": "F", "tunnel": "F", "Shape_Leng": 0.0053994972428000002 }, "geometry": { "type": "LineString", "coordinates": [ [ 88.435428500325088, 26.702178899736509 ], [ 88.435026300123695, 26.702479099730738 ], [ 88.433532500124841, 26.703604800021537 ], [ 88.432681000427863, 26.704245600254296 ], [ 88.432417999990776, 26.704440899727786 ], [ 88.431113500088031, 26.705424699590253 ] ] } },
{ "type": "Feature", "properties": { "osm_id": "920084224", "code": 6101, "fclass": "rail", "name": null, "layer": 0.0, "bridge": "F", "tunnel": "F", "Shape_Leng": 0.000479328796479 }, "geometry": { "type": "LineString", "coordinates": [ [ 88.43577850027765, 26.701851399922248 ], [ 88.435428500325088, 26.702178899736509 ] ] } },
{ "type": "Feature", "properties": { "osm_id": "920084225", "code": 6101, "fclass": "rail", "name": null, "layer": 0.0, "bridge": "F", "tunnel": "F", "Shape_Leng": 0.00040491103287 }, "geometry": { "type": "LineString", "coordinates": [ [ 88.429214700298246, 26.70678780021683 ], [ 88.429503999609949, 26.706504500282506 ] ] } },
{ "type": "Feature", "properties": { "osm_id": "920084226", "code": 6101, "fclass": "rail", "name": null, "layer": 0.0, "bridge": "F", "tunnel": "F", "Shape_Leng": 0.00038191515162500002 }, "geometry": { "type": "LineString", "coordinates": [ [ 88.429222599943103, 26.706845900018322 ], [ 88.428890900294846, 26.707035200114433 ] ] } },
{ "type": "Feature", "properties": { "osm_id": "966794595", "code": 6101, "fclass": "rail", "name": null, "layer": 0.0, "bridge": "F", "tunnel": "F", "Shape_Leng": 0.00058573516422 }, "geometry": { "type": "LineString", "coordinates": [ [ 88.653376500225363, 26.539722500093376 ], [ 88.652954399825774, 26.540128599755121 ] ] } },
{ "type": "Feature", "properties": { "osm_id": "966794596", "code": 6101, "fclass": "rail", "name": null, "layer": 0.0, "bridge": "F", "tunnel": "F", "Shape_Leng": 0.00132396048146 }, "geometry": { "type": "LineString", "coordinates": [ [ 88.645145699814236, 26.546297900427817 ], [ 88.645091299823662, 26.546338399597516 ], [ 88.644090699726064, 26.547097799723701 ] ] } },
{ "type": "Feature", "properties": { "osm_id": "988296158", "code": 6101, "fclass": "rail", "name": null, "layer": 0.0, "bridge": "F", "tunnel": "F", "Shape_Leng": 0.00075348495565599998 }, "geometry": { "type": "LineString", "coordinates": [ [ 88.411521799891204, 26.727035300438843 ], [ 88.411363699974856, 26.727458599634701 ], [ 88.411313700367032, 26.727612100418128 ], [ 88.411285399601582, 26.727749399914899 ] ] } },
{ "type": "Feature", "properties": { "osm_id": "988296159", "code": 6101, "fclass": "rail", "name": null, "layer": 0.0, "bridge": "F", "tunnel": "F", "Shape_Leng": 0.00533702816637 }, "geometry": { "type": "LineString", "coordinates": [ [ 88.41148990003893, 26.724808099714096 ], [ 88.411450099642423, 26.724511899904314 ], [ 88.411454800398758, 26.72435120004792 ], [ 88.411445899808484, 26.724112699841271 ], [ 88.411467499725404, 26.723887700257194 ], [ 88.411509200389332, 26.723692700257971 ], [ 88.411609099780208, 26.723430000194412 ], [ 88.411751199858031, 26.72318439984025 ], [ 88.412011399806318, 26.722866899587814 ], [ 88.41218730000395, 26.722649299625516 ], [ 88.412413000159916, 26.722380199986276 ], [ 88.41249689971221, 26.72227220040179 ], [ 88.412619599614914, 26.722062599909123 ], [ 88.412679200384844, 26.721904699642209 ], [ 88.413404900216051, 26.719978299658862 ] ] } },
{ "type": "Feature", "properties": { "osm_id": "988296160", "code": 6101, "fclass": "rail", "name": null, "layer": 0.0, "bridge": "F", "tunnel": "F", "Shape_Leng": 0.0032695145980900001 }, "geometry": { "type": "LineString", "coordinates": [ [ 88.412011399806318, 26.722866899587814 ], [ 88.412147799981028, 26.722722199569887 ], [ 88.412263100261953, 26.722613799787098 ], [ 88.412376899574326, 26.722510800433156 ], [ 88.412504400058083, 26.722371199571228 ], [ 88.412563499905673, 26.72228720019416 ], [ 88.412650000297333, 26.722151600416055 ], [ 88.412725900380053, 26.721991700056947 ], [ 88.412753200200086, 26.721923999992669 ], [ 88.413474100349504, 26.719998199857116 ] ] } },
{ "type": "Feature", "properties": { "osm_id": "988296161", "code": 6101, "fclass": "rail", "name": null, "layer": 0.0, "bridge": "F", "tunnel": "F", "Shape_Leng": 0.0042813940170600001 }, "geometry": { "type": "LineString", "coordinates": [ [ 88.411450099642423, 26.724511899904314 ], [ 88.411405799937768, 26.724360499937177 ], [ 88.411393099711859, 26.724099999615362 ], [ 88.41140389967029, 26.723890700395543 ], [ 88.411453199605546, 26.723685100087323 ], [ 88.411573900315318, 26.723309500033452 ], [ 88.412573500366818, 26.720430799841608 ] ] } },
{ "type": "Feature", "properties": { "osm_id": "988296162", "code": 6101, "fclass": "rail", "name": null, "layer": 0.0, "bridge": "F", "tunnel": "F", "Shape_Leng": 0.0030446187484599999 }, "geometry": { "type": "LineString", "coordinates": [ [ 88.411573900315318, 26.723309500033452 ], [ 88.411613199789372, 26.723058199776176 ], [ 88.412464900035161, 26.720401099731021 ] ] } },
{ "type": "Feature", "properties": { "osm_id": "1040250431", "code": 6101, "fclass": "rail", "name": null, "layer": 0.0, "bridge": "F", "tunnel": "F", "Shape_Leng": 0.0092442254453800003 }, "geometry": { "type": "LineString", "coordinates": [ [ 88.456769600436758, 26.683192300284475 ], [ 88.454237599685541, 26.682918999911976 ], [ 88.453717199789025, 26.682904699792118 ], [ 88.453089599805253, 26.682914300054961 ], [ 88.452590700000883, 26.682880699584643 ], [ 88.449785100302222, 26.682549999982541 ], [ 88.44925939980152, 26.682449300195117 ], [ 88.447982699741885, 26.682113800011905 ], [ 88.447617199973877, 26.682063900228854 ] ] } },
{ "type": "Feature", "properties": { "osm_id": "1040250432", "code": 6101, "fclass": "rail", "name": null, "layer": 0.0, "bridge": "F", "tunnel": "F", "Shape_Leng": 0.0053826101301700001 }, "geometry": { "type": "LineString", "coordinates": [ [ 88.447687599802919, 26.682003599786356 ], [ 88.453030599782437, 26.682655399627038 ] ] } },
{ "type": "Feature", "properties": { "osm_id": "1040250433", "code": 6101, "fclass": "rail", "name": null, "layer": 0.0, "bridge": "F", "tunnel": "F", "Shape_Leng": 0.0164425249918 }, "geometry": { "type": "LineString", "coordinates": [ [ 88.459902399576151, 26.681011400255954 ], [ 88.453872799590101, 26.680359499691235 ], [ 88.453218299984599, 26.680369099954078 ], [ 88.4526979999128, 26.68048409986136 ], [ 88.452306400020404, 26.680670999666972 ], [ 88.45193620039538, 26.680920299831996 ], [ 88.451308600411664, 26.681404400392807 ], [ 88.450960700376072, 26.681573999940213 ], [ 88.450418099815522, 26.681797399630341 ], [ 88.449709999716788, 26.681989199841723 ], [ 88.448900000134984, 26.682046699795421 ], [ 88.448138199718187, 26.682013100224424 ], [ 88.447687599802919, 26.682003599786356 ], [ 88.447380600034705, 26.681970699887927 ], [ 88.446212399582635, 26.681845400045233 ], [ 88.4458369002528, 26.681763899884118 ], [ 88.4454398999315, 26.68162970035047 ], [ 88.445128800154066, 26.681572200396772 ], [ 88.44395589984498, 26.68143029996844 ] ] } },
{ "type": "Feature", "properties": { "osm_id": "1072280089", "code": 6101, "fclass": "rail", "name": null, "layer": 0.0, "bridge": "F", "tunnel": "F", "Shape_Leng": 0.00054008549339500003 }, "geometry": { "type": "LineString", "coordinates": [ [ 88.722328999983404, 26.520206600154552 ], [ 88.72258829971031, 26.520047299643238 ], [ 88.72278589964958, 26.51991870018793 ] ] } },
{ "type": "Feature", "properties": { "osm_id": "1196760855", "code": 6101, "fclass": "rail", "name": null, "layer": 0.0, "bridge": "F", "tunnel": "F", "Shape_Leng": 0.0023537635095699999 }, "geometry": { "type": "LineString", "coordinates": [ [ 88.726144999692053, 26.513812999570348 ], [ 88.725969499692724, 26.514488799618448 ], [ 88.725567199666614, 26.51566730000593 ], [ 88.725432699759324, 26.516054899713879 ] ] } },
{ "type": "Feature", "properties": { "osm_id": "1197473698", "code": 6101, "fclass": "rail", "name": null, "layer": 0.0, "bridge": "F", "tunnel": "F", "Shape_Leng": 0.0057101067879199996 }, "geometry": { "type": "LineString", "coordinates": [ [ 88.725538999625201, 26.515607299937017 ], [ 88.72538809968114, 26.516041499815401 ], [ 88.72512159998189, 26.516787400218391 ], [ 88.724915899848952, 26.517213900101467 ], [ 88.724706999928173, 26.517575500409066 ], [ 88.724282599962066, 26.518220700125255 ], [ 88.724035700087541, 26.518546799695116 ], [ 88.723643699996842, 26.519004599582672 ], [ 88.723051300377278, 26.51959369958962 ], [ 88.722784799778765, 26.519839499593274 ], [ 88.722328999983404, 26.520206600154552 ] ] } },
{ "type": "Feature", "properties": { "osm_id": "1212492794", "code": 6101, "fclass": "rail", "name": null, "layer": 0.0, "bridge": "F", "tunnel": "F", "Shape_Leng": 0.00454451102154 }, "geometry": { "type": "LineString", "coordinates": [ [ 88.44331720042851, 26.68245590031961 ], [ 88.446431200139841, 26.682811000327433 ], [ 88.447814399714844, 26.683086299892864 ] ] } },
{ "type": "Feature", "properties": { "osm_id": "1212492796", "code": 6101, "fclass": "rail", "name": null, "layer": 0.0, "bridge": "F", "tunnel": "F", "Shape_Leng": 0.00076228846026899996 }, "geometry": { "type": "LineString", "coordinates": [ [ 88.5147015002741, 26.637230799561792 ], [ 88.514119500414665, 26.637723100140988 ] ] } },
{ "type": "Feature", "properties": { "osm_id": "1212492797", "code": 6101, "fclass": "rail", "name": null, "layer": 0.0, "bridge": "F", "tunnel": "F", "Shape_Leng": 0.00101893879752 }, "geometry": { "type": "LineString", "coordinates": [ [ 88.5147015002741, 26.637230799561792 ], [ 88.513964299912573, 26.63793419980351 ] ] } },
{ "type": "Feature", "properties": { "osm_id": "1212492798", "code": 6101, "fclass": "rail", "name": null, "layer": 0.0, "bridge": "F", "tunnel": "F", "Shape_Leng": 0.00081910460255400005 }, "geometry": { "type": "LineString", "coordinates": [ [ 88.515293499695304, 26.636664699716164 ], [ 88.5147015002741, 26.637230799561792 ] ] } },
{ "type": "Feature", "properties": { "osm_id": "1212492799", "code": 6101, "fclass": "rail", "name": null, "layer": 0.0, "bridge": "F", "tunnel": "F", "Shape_Leng": 0.0023447285442200001 }, "geometry": { "type": "LineString", "coordinates": [ [ 88.722328999983404, 26.520206600154552 ], [ 88.722025100178314, 26.520392900112313 ], [ 88.721831700072983, 26.520510900157944 ], [ 88.721450400115941, 26.520726599852765 ], [ 88.720887199684569, 26.521010899833186 ], [ 88.720246199802318, 26.521273599896745 ] ] } },
{ "type": "Feature", "properties": { "osm_id": "1212492800", "code": 6101, "fclass": "rail", "name": null, "layer": 0.0, "bridge": "F", "tunnel": "F", "Shape_Leng": 0.0018939299795099999 }, "geometry": { "type": "LineString", "coordinates": [ [ 88.726144999692053, 26.513812999570348 ], [ 88.725757599633596, 26.514937599990276 ], [ 88.725538999625201, 26.515607299937017 ] ] } },
{ "type": "Feature", "properties": { "osm_id": "1212492814", "code": 6101, "fclass": "rail", "name": null, "layer": 0.0, "bridge": "F", "tunnel": "F", "Shape_Leng": 0.022328240519800001 }, "geometry": { "type": "LineString", "coordinates": [ [ 88.730295000414003, 26.490327100015691 ], [ 88.730298499676053, 26.490344199725087 ], [ 88.731256300138227, 26.495080900163487 ], [ 88.731370800022489, 26.496538499752035 ], [ 88.73138229965349, 26.497442699720864 ], [ 88.73122800027204, 26.498849000181281 ], [ 88.730908999950429, 26.500022399614124 ], [ 88.730626799886977, 26.500965200283815 ], [ 88.727985400206137, 26.508537500005673 ], [ 88.726840100090612, 26.511820699965369 ] ] } },
{ "type": "Feature", "properties": { "osm_id": "1212492815", "code": 6101, "fclass": "rail", "name": null, "layer": 0.0, "bridge": "F", "tunnel": "F", "Shape_Leng": 0.00069586104912999997 }, "geometry": { "type": "LineString", "coordinates": [ [ 88.72278589964958, 26.51991870018793 ], [ 88.722523300310115, 26.520132899813518 ], [ 88.722237799734728, 26.520347200163201 ] ] } },
{ "type": "Feature", "properties": { "osm_id": "1212492816", "code": 6101, "fclass": "rail", "name": null, "layer": 0.0, "bridge": "F", "tunnel": "F", "Shape_Leng": 0.00063956814897900001 }, "geometry": { "type": "LineString", "coordinates": [ [ 88.720546100322338, 26.521112599666765 ], [ 88.720658299740819, 26.521063399556283 ], [ 88.720945199661287, 26.520935300124052 ], [ 88.721126799762033, 26.520844900271982 ] ] } },
{ "type": "Feature", "properties": { "osm_id": "1212492817", "code": 6101, "fclass": "rail", "name": "New Jalpaiguri Road - Alipurduar railway", "layer": 0.0, "bridge": "F", "tunnel": "F", "Shape_Leng": 0.00025807282155 }, "geometry": { "type": "LineString", "coordinates": [ [ 88.651851800420332, 26.541026900171346 ], [ 88.652056700156663, 26.540869999950587 ] ] } },
{ "type": "Feature", "properties": { "osm_id": "1212492818", "code": 6101, "fclass": "rail", "name": null, "layer": 0.0, "bridge": "F", "tunnel": "F", "Shape_Leng": 0.0014821665372299999 }, "geometry": { "type": "LineString", "coordinates": [ [ 88.64479019960811, 26.546764199808024 ], [ 88.644595400157641, 26.546931099590608 ], [ 88.64362920002759, 26.54768520001204 ] ] } },
{ "type": "Feature", "properties": { "osm_id": "1212492819", "code": 6101, "fclass": "rail", "name": null, "layer": 0.0, "bridge": "F", "tunnel": "F", "Shape_Leng": 0.0086707177488299994 }, "geometry": { "type": "LineString", "coordinates": [ [ 88.588365499668157, 26.590602599930094 ], [ 88.588029199987659, 26.590730800086419 ], [ 88.587166299585135, 26.590995799716438 ], [ 88.585306099596892, 26.591535400138639 ], [ 88.5800434000829, 26.593031600428048 ] ] } },
{ "type": "Feature", "properties": { "osm_id": "1212492820", "code": 6101, "fclass": "rail", "name": null, "layer": 0.0, "bridge": "F", "tunnel": "F", "Shape_Leng": 0.0093321498397899993 }, "geometry": { "type": "LineString", "coordinates": [ [ 88.579561400338434, 26.59323030023819 ], [ 88.585313000094914, 26.591568499686559 ], [ 88.587177899940173, 26.591026499873124 ], [ 88.58804209986306, 26.590770300109341 ], [ 88.588506999898186, 26.590581300386759 ] ] } },
{ "type": "Feature", "properties": { "osm_id": "1212492821", "code": 6101, "fclass": "rail", "name": null, "layer": 0.0, "bridge": "F", "tunnel": "F", "Shape_Leng": 0.00063074620557899996 }, "geometry": { "type": "LineString", "coordinates": [ [ 88.5800434000829, 26.593031600428048 ], [ 88.579436700343479, 26.593204100289029 ] ] } },
{ "type": "Feature", "properties": { "osm_id": "1212492822", "code": 6101, "fclass": "rail", "name": null, "layer": 0.0, "bridge": "F", "tunnel": "F", "Shape_Leng": 0.00062499658346599997 }, "geometry": { "type": "LineString", "coordinates": [ [ 88.578961199999412, 26.593404599642611 ], [ 88.579561400338434, 26.59323030023819 ] ] } },
{ "type": "Feature", "properties": { "osm_id": "1212492823", "code": 6101, "fclass": "rail", "name": null, "layer": 0.0, "bridge": "F", "tunnel": "F", "Shape_Leng": 0.0058705407109599997 }, "geometry": { "type": "LineString", "coordinates": [ [ 88.579436700343479, 26.593204100289029 ], [ 88.576001600393624, 26.594159100262345 ], [ 88.573766400199247, 26.594722699992644 ] ] } },
{ "type": "Feature", "properties": { "osm_id": "1212492824", "code": 6101, "fclass": "rail", "name": null, "layer": 0.0, "bridge": "F", "tunnel": "F", "Shape_Leng": 0.0053921639503500002 }, "geometry": { "type": "LineString", "coordinates": [ [ 88.573770900406771, 26.594865200268828 ], [ 88.575945800158593, 26.594280599570084 ], [ 88.578961199999412, 26.593404599642611 ] ] } },
{ "type": "Feature", "properties": { "osm_id": "1212492825", "code": 6101, "fclass": "rail", "name": null, "layer": 0.0, "bridge": "F", "tunnel": "F", "Shape_Leng": 0.0027690805683799999 }, "geometry": { "type": "LineString", "coordinates": [ [ 88.511850299551725, 26.640065299873754 ], [ 88.513864699995963, 26.63816530038838 ] ] } },
{ "type": "Feature", "properties": { "osm_id": "1212492826", "code": 6101, "fclass": "rail", "name": null, "layer": 0.0, "bridge": "F", "tunnel": "F", "Shape_Leng": 0.0014192563959000001 }, "geometry": { "type": "LineString", "coordinates": [ [ 88.513864699995963, 26.63816530038838 ], [ 88.514289500160373, 26.637764600256162 ], [ 88.514855600006001, 26.637150400170867 ] ] } },
{ "type": "Feature", "properties": { "osm_id": "1212492827", "code": 6101, "fclass": "rail", "name": null, "layer": 0.0, "bridge": "F", "tunnel": "F", "Shape_Leng": 0.0059107169776 }, "geometry": { "type": "LineString", "coordinates": [ [ 88.504391899866334, 26.647306099596847 ], [ 88.505015700214472, 26.646774600267634 ], [ 88.505586800290644, 26.646187500352937 ], [ 88.506505599853597, 26.645137899794292 ], [ 88.507078700022021, 26.644548799787344 ], [ 88.507599000093819, 26.644064399752324 ], [ 88.507924599640603, 26.643769799836434 ], [ 88.508583399804138, 26.643148799977212 ] ] } },
{ "type": "Feature", "properties": { "osm_id": "1212492828", "code": 6101, "fclass": "rail", "name": null, "layer": 0.0, "bridge": "F", "tunnel": "F", "Shape_Leng": 0.0011284916268299999 }, "geometry": { "type": "LineString", "coordinates": [ [ 88.450155399751964, 26.6835146002187 ], [ 88.451276699660013, 26.683641800328871 ] ] } },
{ "type": "Feature", "properties": { "osm_id": "1212492829", "code": 6101, "fclass": "rail", "name": null, "layer": 0.0, "bridge": "F", "tunnel": "F", "Shape_Leng": 0.0011316687639700001 }, "geometry": { "type": "LineString", "coordinates": [ [ 88.448887700107321, 26.683724000162556 ], [ 88.447763499885696, 26.683594200112282 ] ] } },
{ "type": "Feature", "properties": { "osm_id": "1212492830", "code": 6101, "fclass": "rail", "name": null, "layer": 0.0, "bridge": "F", "tunnel": "F", "Shape_Leng": 0.00114393676126 }, "geometry": { "type": "LineString", "coordinates": [ [ 88.447342799730507, 26.683250599735459 ], [ 88.448228399920765, 26.683332799569087 ], [ 88.448482899965938, 26.683336699928816 ] ] } },
{ "type": "Feature", "properties": { "osm_id": "1212492831", "code": 6101, "fclass": "rail", "name": null, "layer": 0.0, "bridge": "F", "tunnel": "F", "Shape_Leng": 0.0016819831447499999 }, "geometry": { "type": "LineString", "coordinates": [ [ 88.448482899965938, 26.683336699928816 ], [ 88.449242499741615, 26.683411099942361 ], [ 88.450155399751964, 26.6835146002187 ] ] } },
{ "type": "Feature", "properties": { "osm_id": "1212492832", "code": 6101, "fclass": "rail", "name": null, "layer": 0.0, "bridge": "F", "tunnel": "F", "Shape_Leng": 0.000555217602045 }, "geometry": { "type": "LineString", "coordinates": [ [ 88.44431860002345, 26.681566299944848 ], [ 88.444870299924446, 26.681628700304316 ] ] } },
{ "type": "Feature", "properties": { "osm_id": "1212492833", "code": 6101, "fclass": "rail", "name": null, "layer": 0.0, "bridge": "F", "tunnel": "F", "Shape_Leng": 0.00093567633218100002 }, "geometry": { "type": "LineString", "coordinates": [ [ 88.444870299924446, 26.681628700304316 ], [ 88.44395589984498, 26.68143029996844 ] ] } },
{ "type": "Feature", "properties": { "osm_id": "1212492834", "code": 6101, "fclass": "rail", "name": null, "layer": 0.0, "bridge": "F", "tunnel": "F", "Shape_Leng": 0.000455250688606 }, "geometry": { "type": "LineString", "coordinates": [ [ 88.445729999639809, 26.681815000262077 ], [ 88.445284899978219, 26.681719399630651 ] ] } },
{ "type": "Feature", "properties": { "osm_id": "1212492835", "code": 6101, "fclass": "rail", "name": null, "layer": 0.0, "bridge": "F", "tunnel": "F", "Shape_Leng": 0.00033324364803399999 }, "geometry": { "type": "LineString", "coordinates": [ [ 88.446052299574035, 26.681899700211034 ], [ 88.445729999639809, 26.681815000262077 ] ] } },
{ "type": "Feature", "properties": { "osm_id": "1212492836", "code": 6101, "fclass": "rail", "name": null, "layer": 0.0, "bridge": "F", "tunnel": "F", "Shape_Leng": 0.005966958554 }, "geometry": { "type": "LineString", "coordinates": [ [ 88.446052299574035, 26.681899700211034 ], [ 88.445067300015921, 26.681788199565801 ], [ 88.443344500248543, 26.68159130019842 ], [ 88.441852800166657, 26.68141699989468 ], [ 88.440864799570875, 26.681307299692151 ], [ 88.440122599878123, 26.681234799946139 ] ] } },
{ "type": "Feature", "properties": { "osm_id": "1212492838", "code": 6101, "fclass": "rail", "name": null, "layer": 0.0, "bridge": "F", "tunnel": "F", "Shape_Leng": 0.000422249604504 }, "geometry": { "type": "LineString", "coordinates": [ [ 88.446221599647174, 26.682223299665623 ], [ 88.446643600222046, 26.682208799896273 ] ] } },
{ "type": "Feature", "properties": { "osm_id": "1212492840", "code": 6101, "fclass": "rail", "name": null, "layer": 0.0, "bridge": "F", "tunnel": "F", "Shape_Leng": 0.0020713405476500001 }, "geometry": { "type": "LineString", "coordinates": [ [ 88.446643600222046, 26.682208799896273 ], [ 88.446870199700015, 26.6822137003021 ], [ 88.447187399578866, 26.68222870009447 ], [ 88.447530499932668, 26.682286600246471 ], [ 88.447702999793648, 26.682338799595982 ], [ 88.447969600216936, 26.682413300333621 ], [ 88.448643699647107, 26.682672299686942 ] ] } },
{ "type": "Feature", "properties": { "osm_id": "1212492841", "code": 6101, "fclass": "rail", "name": null, "layer": 0.0, "bridge": "F", "tunnel": "F", "Shape_Leng": 0.00039068667506300003 }, "geometry": { "type": "LineString", "coordinates": [ [ 88.448643699647107, 26.682672299686942 ], [ 88.449001100120711, 26.682830100129081 ] ] } },
{ "type": "Feature", "properties": { "osm_id": "1212492842", "code": 6101, "fclass": "rail", "name": null, "layer": 0.0, "bridge": "F", "tunnel": "F", "Shape_Leng": 0.00026710108461500001 }, "geometry": { "type": "LineString", "coordinates": [ [ 88.448846000342712, 26.682742300217058 ], [ 88.44861810044506, 26.682602999728715 ] ] } },
{ "type": "Feature", "properties": { "osm_id": "1212492843", "code": 6101, "fclass": "rail", "name": null, "layer": 0.0, "bridge": "F", "tunnel": "F", "Shape_Leng": 0.000178226725512 }, "geometry": { "type": "LineString", "coordinates": [ [ 88.449001100120711, 26.682830100129081 ], [ 88.448846000342712, 26.682742300217058 ] ] } },
{ "type": "Feature", "properties": { "osm_id": "1212492844", "code": 6101, "fclass": "rail", "name": null, "layer": 0.0, "bridge": "F", "tunnel": "F", "Shape_Leng": 0.00097046851557800004 }, "geometry": { "type": "LineString", "coordinates": [ [ 88.449001100120711, 26.682830100129081 ], [ 88.44918759972802, 26.682917200368536 ], [ 88.449887499808312, 26.683225100358129 ] ] } },
{ "type": "Feature", "properties": { "osm_id": "1212492845", "code": 6101, "fclass": "rail", "name": null, "layer": 0.0, "bridge": "F", "tunnel": "F", "Shape_Leng": 0.00046415468359400002 }, "geometry": { "type": "LineString", "coordinates": [ [ 88.449445599934563, 26.683083100105023 ], [ 88.449887499808312, 26.683225100358129 ] ] } },
{ "type": "Feature", "properties": { "osm_id": "1212492846", "code": 6101, "fclass": "rail", "name": null, "layer": 0.0, "bridge": "F", "tunnel": "F", "Shape_Leng": 0.00093611028481099996 }, "geometry": { "type": "LineString", "coordinates": [ [ 88.449887499808312, 26.683225100358129 ], [ 88.450021100393542, 26.683289300261038 ], [ 88.450130400397711, 26.68334260038074 ], [ 88.450265099954436, 26.683398799914755 ], [ 88.450410100345891, 26.683445099711605 ], [ 88.450580399565865, 26.683483999886732 ], [ 88.450770099860279, 26.683521800190988 ] ] } },
{ "type": "Feature", "properties": { "osm_id": "1212492847", "code": 6101, "fclass": "rail", "name": null, "layer": 0.0, "bridge": "F", "tunnel": "F", "Shape_Leng": 0.0099216717145200004 }, "geometry": { "type": "LineString", "coordinates": [ [ 88.438833400141334, 26.681848400183583 ], [ 88.446948599898008, 26.682768400341445 ], [ 88.448690500366354, 26.682978199584284 ] ] } },
{ "type": "Feature", "properties": { "osm_id": "1212492848", "code": 6101, "fclass": "rail", "name": null, "layer": 0.0, "bridge": "F", "tunnel": "F", "Shape_Leng": 0.010238874834400001 }, "geometry": { "type": "LineString", "coordinates": [ [ 88.438282200263416, 26.681747999870367 ], [ 88.446722500443116, 26.682697600314043 ], [ 88.4484561999937, 26.682898700414739 ] ] } },
{ "type": "Feature", "properties": { "osm_id": "1212492849", "code": 6101, "fclass": "rail", "name": null, "layer": 0.0, "bridge": "F", "tunnel": "F", "Shape_Leng": 0.00031682724482699998 }, "geometry": { "type": "LineString", "coordinates": [ [ 88.448151099593645, 26.682813299893951 ], [ 88.4484561999937, 26.682898700414739 ] ] } },
{ "type": "Feature", "properties": { "osm_id": "1212492850", "code": 6101, "fclass": "rail", "name": null, "layer": 0.0, "bridge": "F", "tunnel": "F", "Shape_Leng": 0.00030440607009299999 }, "geometry": { "type": "LineString", "coordinates": [ [ 88.44760220018145, 26.682667900203455 ], [ 88.447897499769851, 26.68274180019398 ] ] } },
{ "type": "Feature", "properties": { "osm_id": "1212492851", "code": 6101, "fclass": "rail", "name": null, "layer": 0.0, "bridge": "F", "tunnel": "F", "Shape_Leng": 0.00026348639001600002 }, "geometry": { "type": "LineString", "coordinates": [ [ 88.447897499769851, 26.68274180019398 ], [ 88.448151099593645, 26.682813299893951 ] ] } },
{ "type": "Feature", "properties": { "osm_id": "1212492852", "code": 6101, "fclass": "rail", "name": null, "layer": 0.0, "bridge": "F", "tunnel": "F", "Shape_Leng": 0.0014826810080499999 }, "geometry": { "type": "LineString", "coordinates": [ [ 88.451276699660013, 26.683641800328871 ], [ 88.451687500078151, 26.68368829977527 ], [ 88.452593999613441, 26.683793499770275 ], [ 88.452749299940308, 26.683814200365077 ] ] } },
{ "type": "Feature", "properties": { "osm_id": "1212492853", "code": 6101, "fclass": "rail", "name": null, "layer": 0.0, "bridge": "F", "tunnel": "F", "Shape_Leng": 0.0052400873891700001 }, "geometry": { "type": "LineString", "coordinates": [ [ 88.443276399985905, 26.682744499958744 ], [ 88.446872699815287, 26.683147899855726 ], [ 88.446987199699549, 26.683160600081692 ], [ 88.448482899965938, 26.683336699928816 ] ] } },
{ "type": "Feature", "properties": { "osm_id": "1212492854", "code": 6101, "fclass": "rail", "name": null, "layer": 0.0, "bridge": "F", "tunnel": "F", "Shape_Leng": 0.0012749303769900001 }, "geometry": { "type": "LineString", "coordinates": [ [ 88.438295899636103, 26.682648599853053 ], [ 88.43796999971579, 26.682637899719339 ], [ 88.437643900145929, 26.682651099968325 ], [ 88.437216500041529, 26.682598100222208 ], [ 88.437140799608301, 26.682590300402069 ], [ 88.437025699876187, 26.682578399673446 ] ] } },
{ "type": "Feature", "properties": { "osm_id": "1212492855", "code": 6101, "fclass": "rail", "name": null, "layer": 0.0, "bridge": "F", "tunnel": "F", "Shape_Leng": 0.0064841474705800003 }, "geometry": { "type": "LineString", "coordinates": [ [ 88.430999799701056, 26.681714199750559 ], [ 88.435686700181122, 26.682236800288138 ], [ 88.436939700406924, 26.682385200116926 ], [ 88.437445700358865, 26.682364000398366 ] ] } },
{ "type": "Feature", "properties": { "osm_id": "1212492856", "code": 6101, "fclass": "rail", "name": null, "layer": 0.0, "bridge": "F", "tunnel": "F", "Shape_Leng": 0.0081261147537899994 }, "geometry": { "type": "LineString", "coordinates": [ [ 88.437025699876187, 26.682578399673446 ], [ 88.435081899809859, 26.682377400296843 ], [ 88.432815100136793, 26.682146199887256 ], [ 88.432155100277726, 26.682078900021281 ], [ 88.430435600122905, 26.68190940029865 ], [ 88.430060099893751, 26.681849300404963 ], [ 88.429650900268882, 26.681739799851925 ], [ 88.428992699953199, 26.681506700074181 ] ] } },
{ "type": "Feature", "properties": { "osm_id": "1212492857", "code": 6101, "fclass": "rail", "name": null, "layer": 0.0, "bridge": "F", "tunnel": "F", "Shape_Leng": 0.00044624251280400002 }, "geometry": { "type": "LineString", "coordinates": [ [ 88.437601700358243, 26.682226199979198 ], [ 88.438045200125941, 26.682176800219224 ] ] } },
{ "type": "Feature", "properties": { "osm_id": "1212492858", "code": 6101, "fclass": "rail", "name": null, "layer": 0.0, "bridge": "F", "tunnel": "F", "Shape_Leng": 0.00068290573912800005 }, "geometry": { "type": "LineString", "coordinates": [ [ 88.43856109981499, 26.682224100062228 ], [ 88.439241999918409, 26.682276400135834 ] ] } },
{ "type": "Feature", "properties": { "osm_id": "1212492859", "code": 6101, "fclass": "rail", "name": null, "layer": 0.0, "bridge": "F", "tunnel": "F", "Shape_Leng": 0.000679648383127 }, "geometry": { "type": "LineString", "coordinates": [ [ 88.43856109981499, 26.682224100062228 ], [ 88.439232399655566, 26.682330300103331 ] ] } },
{ "type": "Feature", "properties": { "osm_id": "1212492860", "code": 6101, "fclass": "rail", "name": null, "layer": 0.0, "bridge": "F", "tunnel": "F", "Shape_Leng": 0.0040614654188900002 }, "geometry": { "type": "LineString", "coordinates": [ [ 88.439241999918409, 26.682276400135834 ], [ 88.443276399985905, 26.682744499958744 ] ] } },
{ "type": "Feature", "properties": { "osm_id": "1212492861", "code": 6101, "fclass": "rail", "name": null, "layer": 0.0, "bridge": "F", "tunnel": "F", "Shape_Leng": 0.00029728949085300002 }, "geometry": { "type": "LineString", "coordinates": [ [ 88.438772300201549, 26.681760700096277 ], [ 88.439069500057428, 26.681753400299215 ] ] } },
{ "type": "Feature", "properties": { "osm_id": "1212492862", "code": 6101, "fclass": "rail", "name": null, "layer": 0.0, "bridge": "F", "tunnel": "F", "Shape_Leng": 0.0020181824472099998 }, "geometry": { "type": "LineString", "coordinates": [ [ 88.436827900287426, 26.681622500378126 ], [ 88.438166399959471, 26.681773299598149 ], [ 88.438833400141334, 26.681848400183583 ] ] } },
{ "type": "Feature", "properties": { "osm_id": "1212492863", "code": 6101, "fclass": "rail", "name": null, "layer": 0.0, "bridge": "F", "tunnel": "F", "Shape_Leng": 0.00049026446444399999 }, "geometry": { "type": "LineString", "coordinates": [ [ 88.438282200263416, 26.681747999870367 ], [ 88.438772300201549, 26.681760700096277 ] ] } },
{ "type": "Feature", "properties": { "osm_id": "1212492864", "code": 6101, "fclass": "rail", "name": null, "layer": 0.0, "bridge": "F", "tunnel": "F", "Shape_Leng": 0.00037454120436 }, "geometry": { "type": "LineString", "coordinates": [ [ 88.437910300020405, 26.681703600340938 ], [ 88.438176400420616, 26.681735400368495 ], [ 88.438282200263416, 26.681747999870367 ] ] } },
{ "type": "Feature", "properties": { "osm_id": "1212492865", "code": 6101, "fclass": "rail", "name": null, "layer": 0.0, "bridge": "F", "tunnel": "F", "Shape_Leng": 0.0026132077249 }, "geometry": { "type": "LineString", "coordinates": [ [ 88.43521389960182, 26.681735900391516 ], [ 88.432616799625634, 26.68144619998219 ] ] } },
{ "type": "Feature", "properties": { "osm_id": "1212492866", "code": 6101, "fclass": "rail", "name": null, "layer": 0.0, "bridge": "F", "tunnel": "F", "Shape_Leng": 0.00062786190482800003 }, "geometry": { "type": "LineString", "coordinates": [ [ 88.435837699949957, 26.681807200441995 ], [ 88.43521389960182, 26.681735900391516 ] ] } },
{ "type": "Feature", "properties": { "osm_id": "1212492867", "code": 6101, "fclass": "rail", "name": null, "layer": 0.0, "bridge": "F", "tunnel": "F", "Shape_Leng": 0.0053962994382700004 }, "geometry": { "type": "LineString", "coordinates": [ [ 88.430854099637031, 26.681356300153197 ], [ 88.432124900144061, 26.681499900300196 ], [ 88.436216399966952, 26.681961099625084 ] ] } },
{ "type": "Feature", "properties": { "osm_id": "1212492868", "code": 6101, "fclass": "rail", "name": null, "layer": 0.0, "bridge": "F", "tunnel": "F", "Shape_Leng": 0.00029880040877100001 }, "geometry": { "type": "LineString", "coordinates": [ [ 88.436892299839826, 26.682147799781205 ], [ 88.437189600419799, 26.682177700440548 ] ] } },
{ "type": "Feature", "properties": { "osm_id": "1212492869", "code": 6101, "fclass": "rail", "name": null, "layer": 0.0, "bridge": "F", "tunnel": "F", "Shape_Leng": 0.00041494404986099998 }, "geometry": { "type": "LineString", "coordinates": [ [ 88.437189600419799, 26.682177700440548 ], [ 88.437601700358243, 26.682226199979198 ] ] } },
{ "type": "Feature", "properties": { "osm_id": "1212492870", "code": 6101, "fclass": "rail", "name": null, "layer": 0.0, "bridge": "F", "tunnel": "F", "Shape_Leng": 0.00062222064591200004 }, "geometry": { "type": "LineString", "coordinates": [ [ 88.431659300436422, 26.680479200354853 ], [ 88.431039100074486, 26.680429100022991 ] ] } },
{ "type": "Feature", "properties": { "osm_id": "1212492872", "code": 6101, "fclass": "rail", "name": null, "layer": 0.0, "bridge": "F", "tunnel": "F", "Shape_Leng": 0.00033680596361499999 }, "geometry": { "type": "LineString", "coordinates": [ [ 88.439021899840839, 26.681271100181164 ], [ 88.439358700443734, 26.681269199913686 ] ] } },
{ "type": "Feature", "properties": { "osm_id": "1212492873", "code": 6101, "fclass": "rail", "name": null, "layer": 0.0, "bridge": "F", "tunnel": "F", "Shape_Leng": 0.00043358684866399999 }, "geometry": { "type": "LineString", "coordinates": [ [ 88.439358700443734, 26.681269199913686 ], [ 88.439607700235229, 26.681254100296542 ], [ 88.439699100133396, 26.681250399586304 ], [ 88.439791699727209, 26.681247199798463 ] ] } },
{ "type": "Feature", "properties": { "osm_id": "1212492874", "code": 6101, "fclass": "rail", "name": null, "layer": 0.0, "bridge": "F", "tunnel": "F", "Shape_Leng": 0.00030371452521199999 }, "geometry": { "type": "LineString", "coordinates": [ [ 88.440122599878123, 26.681234799946139 ], [ 88.440426100384286, 26.681223400139856 ] ] } },
{ "type": "Feature", "properties": { "osm_id": "1212492876", "code": 6101, "fclass": "rail", "name": null, "layer": 0.0, "bridge": "F", "tunnel": "F", "Shape_Leng": 0.00042466400743399997 }, "geometry": { "type": "LineString", "coordinates": [ [ 88.441094999934364, 26.681201800222937 ], [ 88.441516100287856, 26.681256700236588 ] ] } },
{ "type": "Feature", "properties": { "osm_id": "1212492877", "code": 6101, "fclass": "rail", "name": null, "layer": 0.0, "bridge": "F", "tunnel": "F", "Shape_Leng": 0.00031043663612300001 }, "geometry": { "type": "LineString", "coordinates": [ [ 88.440784699654216, 26.681211000287476 ], [ 88.441094999934364, 26.681201800222937 ] ] } },
{ "type": "Feature", "properties": { "osm_id": "1212492878", "code": 6101, "fclass": "rail", "name": null, "layer": 0.0, "bridge": "F", "tunnel": "F", "Shape_Leng": 0.00035881661600500002 }, "geometry": { "type": "LineString", "coordinates": [ [ 88.440426100384286, 26.681223400139856 ], [ 88.440663300171252, 26.681214500448903 ], [ 88.440784699654216, 26.681211000287476 ] ] } },
{ "type": "Feature", "properties": { "osm_id": "1212492879", "code": 6101, "fclass": "rail", "name": null, "layer": 0.0, "bridge": "F", "tunnel": "F", "Shape_Leng": 0.000331132399823 }, "geometry": { "type": "LineString", "coordinates": [ [ 88.439791699727209, 26.681247199798463 ], [ 88.440122599878123, 26.681234799946139 ] ] } },
{ "type": "Feature", "properties": { "osm_id": "1212492880", "code": 6101, "fclass": "rail", "name": null, "layer": 0.0, "bridge": "F", "tunnel": "F", "Shape_Leng": 0.00044342402865699999 }, "geometry": { "type": "LineString", "coordinates": [ [ 88.433629599926178, 26.683040699768526 ], [ 88.434060799666213, 26.68314410022009 ] ] } },
{ "type": "Feature", "properties": { "osm_id": "1212492881", "code": 6101, "fclass": "rail", "name": null, "layer": 0.0, "bridge": "F", "tunnel": "F", "Shape_Leng": 0.00289123136521 }, "geometry": { "type": "LineString", "coordinates": [ [ 88.433629599926178, 26.683040699768526 ], [ 88.436502200016548, 26.683368400131599 ] ] } },
{ "type": "Feature", "properties": { "osm_id": "1212492882", "code": 6101, "fclass": "rail", "name": null, "layer": 0.0, "bridge": "F", "tunnel": "F", "Shape_Leng": 0.00087437532653500004 }, "geometry": { "type": "LineString", "coordinates": [ [ 88.432800299993914, 26.682679200184964 ], [ 88.433669400322628, 26.682775100290712 ] ] } },
{ "type": "Feature", "properties": { "osm_id": "1212492883", "code": 6101, "fclass": "rail", "name": null, "layer": 0.0, "bridge": "F", "tunnel": "F", "Shape_Leng": 0.00048294153885599999 }, "geometry": { "type": "LineString", "coordinates": [ [ 88.432800299993914, 26.682679200184964 ], [ 88.433271800153534, 26.68278369960808 ] ] } },
{ "type": "Feature", "properties": { "osm_id": "1212492884", "code": 6101, "fclass": "rail", "name": null, "layer": 0.0, "bridge": "F", "tunnel": "F", "Shape_Leng": 0.00088463453363300001 }, "geometry": { "type": "LineString", "coordinates": [ [ 88.431920999554563, 26.682582200208401 ], [ 88.432800299993914, 26.682679200184964 ] ] } },
{ "type": "Feature", "properties": { "osm_id": "1212492885", "code": 6101, "fclass": "rail", "name": null, "layer": 0.0, "bridge": "F", "tunnel": "F", "Shape_Leng": 0.00093308183970300005 }, "geometry": { "type": "LineString", "coordinates": [ [ 88.431009499788615, 26.682390999844813 ], [ 88.431527299745142, 26.682528200416186 ], [ 88.431861299859179, 26.682575699908682 ], [ 88.431920999554563, 26.682582200208401 ] ] } },
{ "type": "Feature", "properties": { "osm_id": "1212492886", "code": 6101, "fclass": "rail", "name": null, "layer": 0.0, "bridge": "F", "tunnel": "F", "Shape_Leng": 0.00065305276486200001 }, "geometry": { "type": "LineString", "coordinates": [ [ 88.433152700236974, 26.683268700390272 ], [ 88.432984900233009, 26.683206899878599 ], [ 88.432533699570627, 26.683060900340308 ] ] } },
{ "type": "Feature", "properties": { "osm_id": "1212492887", "code": 6101, "fclass": "rail", "name": null, "layer": 0.0, "bridge": "F", "tunnel": "F", "Shape_Leng": 0.00040241358754800001 }, "geometry": { "type": "LineString", "coordinates": [ [ 88.432533699570627, 26.683060900340308 ], [ 88.432900999781396, 26.683225300007621 ] ] } },
{ "type": "Feature", "properties": { "osm_id": "1212492888", "code": 6101, "fclass": "rail", "name": null, "layer": 0.0, "bridge": "F", "tunnel": "F", "Shape_Leng": 0.000461935531433 }, "geometry": { "type": "LineString", "coordinates": [ [ 88.432459799580158, 26.682907500280976 ], [ 88.432019399775527, 26.682768099967916 ] ] } },
{ "type": "Feature", "properties": { "osm_id": "1212492889", "code": 6101, "fclass": "rail", "name": null, "layer": 0.0, "bridge": "F", "tunnel": "F", "Shape_Leng": 0.000403895490135 }, "geometry": { "type": "LineString", "coordinates": [ [ 88.432165000014777, 26.682895999750656 ], [ 88.432533699570627, 26.683060900340308 ] ] } },
{ "type": "Feature", "properties": { "osm_id": "1212492890", "code": 6101, "fclass": "rail", "name": null, "layer": 0.0, "bridge": "F", "tunnel": "F", "Shape_Leng": 0.00021951855049899999 }, "geometry": { "type": "LineString", "coordinates": [ [ 88.431964599586649, 26.682806400295192 ], [ 88.432165000014777, 26.682895999750656 ] ] } },
{ "type": "Feature", "properties": { "osm_id": "1212492891", "code": 6101, "fclass": "rail", "name": null, "layer": 0.0, "bridge": "F", "tunnel": "F", "Shape_Leng": 0.00054970002189799999 }, "geometry": { "type": "LineString", "coordinates": [ [ 88.432019399775527, 26.682768099967916 ], [ 88.431495300068093, 26.682602300056146 ] ] } },
{ "type": "Feature", "properties": { "osm_id": "1212492892", "code": 6101, "fclass": "rail", "name": null, "layer": 0.0, "bridge": "F", "tunnel": "F", "Shape_Leng": 0.00051176063320200005 }, "geometry": { "type": "LineString", "coordinates": [ [ 88.431495300068093, 26.682602300056146 ], [ 88.431964599586649, 26.682806400295192 ] ] } },
{ "type": "Feature", "properties": { "osm_id": "1212492893", "code": 6101, "fclass": "rail", "name": null, "layer": 0.0, "bridge": "F", "tunnel": "F", "Shape_Leng": 0.000529763806663 }, "geometry": { "type": "LineString", "coordinates": [ [ 88.431009499788615, 26.682390999844813 ], [ 88.431495300068093, 26.682602300056146 ] ] } },
{ "type": "Feature", "properties": { "osm_id": "1212492894", "code": 6101, "fclass": "rail", "name": null, "layer": 0.0, "bridge": "F", "tunnel": "F", "Shape_Leng": 0.00042969491081000001 }, "geometry": { "type": "LineString", "coordinates": [ [ 88.429752299728932, 26.681888400229525 ], [ 88.430145100216237, 26.682062599809171 ] ] } },
{ "type": "Feature", "properties": { "osm_id": "1212492895", "code": 6101, "fclass": "rail", "name": null, "layer": 0.0, "bridge": "F", "tunnel": "F", "Shape_Leng": 0.00042622400147000002 }, "geometry": { "type": "LineString", "coordinates": [ [ 88.432616799625634, 26.68144619998219 ], [ 88.432193000406699, 26.681400800406664 ] ] } },
{ "type": "Feature", "properties": { "osm_id": "1212492896", "code": 6101, "fclass": "rail", "name": null, "layer": 0.0, "bridge": "F", "tunnel": "F", "Shape_Leng": 0.0063710874836100002 }, "geometry": { "type": "LineString", "coordinates": [ [ 88.432193000406699, 26.681400800406664 ], [ 88.429001900017738, 26.680980899748761 ], [ 88.426469999990559, 26.680711700284803 ], [ 88.425868199757645, 26.680637900119052 ] ] } },
{ "type": "Feature", "properties": { "osm_id": "1212492897", "code": 6101, "fclass": "rail", "name": null, "layer": 0.0, "bridge": "F", "tunnel": "F", "Shape_Leng": 0.00090457583898700001 }, "geometry": { "type": "LineString", "coordinates": [ [ 88.432616799625634, 26.68144619998219 ], [ 88.433040499919173, 26.681430200143666 ], [ 88.433288200190361, 26.681390000448232 ], [ 88.433516500286316, 26.681365299668869 ] ] } },
{ "type": "Feature", "properties": { "osm_id": "1212492898", "code": 6101, "fclass": "rail", "name": null, "layer": 0.0, "bridge": "F", "tunnel": "F", "Shape_Leng": 0.0033320705261699998 }, "geometry": { "type": "LineString", "coordinates": [ [ 88.433516500286316, 26.681365299668869 ], [ 88.433898300266378, 26.681341900208565 ], [ 88.434246599600954, 26.681311700074957 ], [ 88.435064899925237, 26.681412300037664 ], [ 88.436827900287426, 26.681622500378126 ] ] } },
{ "type": "Feature", "properties": { "osm_id": "1212492899", "code": 6101, "fclass": "rail", "name": null, "layer": 0.0, "bridge": "F", "tunnel": "F", "Shape_Leng": 0.00108665764436 }, "geometry": { "type": "LineString", "coordinates": [ [ 88.436827900287426, 26.681622500378126 ], [ 88.437333599865781, 26.68163459985692 ], [ 88.437910300020405, 26.681703600340938 ] ] } },
{ "type": "Feature", "properties": { "osm_id": "1212492900", "code": 6101, "fclass": "rail", "name": null, "layer": 0.0, "bridge": "F", "tunnel": "F", "Shape_Leng": 0.00076018840263900002 }, "geometry": { "type": "LineString", "coordinates": [ [ 88.437225799930786, 26.681268000218097 ], [ 88.437668500201198, 26.681335800107149 ], [ 88.437977300412115, 26.681382599927076 ] ] } },
{ "type": "Feature", "properties": { "osm_id": "1212492902", "code": 6101, "fclass": "rail", "name": null, "layer": 0.0, "bridge": "F", "tunnel": "F", "Shape_Leng": 0.0094688151444500008 }, "geometry": { "type": "LineString", "coordinates": [ [ 88.437225799930786, 26.681268000218097 ], [ 88.437574399638891, 26.681289399586149 ], [ 88.438159199987126, 26.681298900024274 ], [ 88.438606500289836, 26.681312399747526 ], [ 88.438965099559766, 26.681354100411454 ], [ 88.439291899701459, 26.681390299922441 ], [ 88.44045040006597, 26.681527799968023 ], [ 88.441032700298933, 26.681599100018502 ], [ 88.441953199580553, 26.681703899815147 ], [ 88.442691999835972, 26.681786700395946 ], [ 88.443553599818813, 26.681878200118888 ], [ 88.445084500449411, 26.682056300058264 ], [ 88.446643600222046, 26.682208799896273 ] ] } },
{ "type": "Feature", "properties": { "osm_id": "1212492903", "code": 6101, "fclass": "rail", "name": null, "layer": 0.0, "bridge": "F", "tunnel": "F", "Shape_Leng": 0.00032143019179699998 }, "geometry": { "type": "LineString", "coordinates": [ [ 88.436909500273259, 26.681210799738665 ], [ 88.437225799930786, 26.681268000218097 ] ] } },
{ "type": "Feature", "properties": { "osm_id": "1212492904", "code": 6101, "fclass": "rail", "name": null, "layer": 0.0, "bridge": "F", "tunnel": "F", "Shape_Leng": 0.00074512714927600003 }, "geometry": { "type": "LineString", "coordinates": [ [ 88.436168799750362, 26.681129699775852 ], [ 88.436909500273259, 26.681210799738665 ] ] } },
{ "type": "Feature", "properties": { "osm_id": "1212492905", "code": 6101, "fclass": "rail", "name": null, "layer": 0.0, "bridge": "F", "tunnel": "F", "Shape_Leng": 0.00032017922184400001 }, "geometry": { "type": "LineString", "coordinates": [ [ 88.435850099802337, 26.68109910034326 ], [ 88.436066599893707, 26.681118499619117 ], [ 88.436168799750362, 26.681129699775852 ] ] } },
{ "type": "Feature", "properties": { "osm_id": "1212492906", "code": 6101, "fclass": "rail", "name": null, "layer": 0.0, "bridge": "F", "tunnel": "F", "Shape_Leng": 0.0023758569735500001 }, "geometry": { "type": "LineString", "coordinates": [ [ 88.433516500286316, 26.681365299668869 ], [ 88.434424099692478, 26.681123800223247 ], [ 88.434859000142808, 26.681039000449573 ], [ 88.435238399832372, 26.681044300154383 ], [ 88.435850099802337, 26.68109910034326 ] ] } },
{ "type": "Feature", "properties": { "osm_id": "1212492907", "code": 6101, "fclass": "rail", "name": null, "layer": 0.0, "bridge": "F", "tunnel": "F", "Shape_Leng": 0.00221669415373 }, "geometry": { "type": "LineString", "coordinates": [ [ 88.43870140034943, 26.680923100320854 ], [ 88.43845739988916, 26.680896599998164 ], [ 88.437898800389405, 26.680836099906116 ], [ 88.436907199807479, 26.680720000127963 ], [ 88.436497500159589, 26.680687100229534 ] ] } },
{ "type": "Feature", "properties": { "osm_id": "1212492908", "code": 6101, "fclass": "rail", "name": null, "layer": 0.0, "bridge": "F", "tunnel": "F", "Shape_Leng": 0.00087107536305200005 }, "geometry": { "type": "LineString", "coordinates": [ [ 88.439567399815701, 26.68101700033435 ], [ 88.43870140034943, 26.680923100320854 ] ] } },
{ "type": "Feature", "properties": { "osm_id": "1212492909", "code": 6101, "fclass": "rail", "name": null, "layer": 0.0, "bridge": "F", "tunnel": "F", "Shape_Leng": 0.00037507447606900001 }, "geometry": { "type": "LineString", "coordinates": [ [ 88.438647700031368, 26.681245500079797 ], [ 88.439021899840839, 26.681271100181164 ] ] } },
{ "type": "Feature", "properties": { "osm_id": "1212492910", "code": 6101, "fclass": "rail", "name": null, "layer": 0.0, "bridge": "F", "tunnel": "F", "Shape_Leng": 0.0012115806194 }, "geometry": { "type": "LineString", "coordinates": [ [ 88.439892699888276, 26.681052299623957 ], [ 88.44035290006633, 26.681105999942019 ], [ 88.441094999934364, 26.681201800222937 ] ] } },
{ "type": "Feature", "properties": { "osm_id": "1212492911", "code": 6101, "fclass": "rail", "name": null, "layer": 0.0, "bridge": "F", "tunnel": "F", "Shape_Leng": 0.00032720968363400001 }, "geometry": { "type": "LineString", "coordinates": [ [ 88.439892699888276, 26.681052299623957 ], [ 88.439567399815701, 26.68101700033435 ] ] } },
{ "type": "Feature", "properties": { "osm_id": "1212492912", "code": 6101, "fclass": "rail", "name": null, "layer": 0.0, "bridge": "F", "tunnel": "F", "Shape_Leng": 0.00029127410634000001 }, "geometry": { "type": "LineString", "coordinates": [ [ 88.43944639963172, 26.680580400165411 ], [ 88.439156899771149, 26.680548299764268 ] ] } },
{ "type": "Feature", "properties": { "osm_id": "1212492913", "code": 6101, "fclass": "rail", "name": null, "layer": 0.0, "bridge": "F", "tunnel": "F", "Shape_Leng": 0.0019756866756 }, "geometry": { "type": "LineString", "coordinates": [ [ 88.441410099896245, 26.680797699754066 ], [ 88.43944639963172, 26.680580400165411 ] ] } },
{ "type": "Feature", "properties": { "osm_id": "1212492914", "code": 6101, "fclass": "rail", "name": null, "layer": 0.0, "bridge": "F", "tunnel": "F", "Shape_Leng": 0.00048062201367400002 }, "geometry": { "type": "LineString", "coordinates": [ [ 88.438686500381721, 26.680449699893813 ], [ 88.439156899771149, 26.680548299764268 ] ] } },
{ "type": "Feature", "properties": { "osm_id": "1212492915", "code": 6101, "fclass": "rail", "name": null, "layer": 0.0, "bridge": "F", "tunnel": "F", "Shape_Leng": 0.00053902933144500003 }, "geometry": { "type": "LineString", "coordinates": [ [ 88.438167200356077, 26.680305200424698 ], [ 88.43852319968596, 26.68040430031823 ], [ 88.438686500381721, 26.680449699893813 ] ] } },
{ "type": "Feature", "properties": { "osm_id": "1212492916", "code": 6101, "fclass": "rail", "name": null, "layer": 0.0, "bridge": "F", "tunnel": "F", "Shape_Leng": 0.0042995431191900002 }, "geometry": { "type": "LineString", "coordinates": [ [ 88.435643899646323, 26.680435200124464 ], [ 88.436948899572144, 26.68057980031756 ], [ 88.438475499644653, 26.680760900395285 ], [ 88.438479099630797, 26.680761299694268 ], [ 88.438947200353084, 26.680819199846269 ], [ 88.439214399724847, 26.680877099998213 ], [ 88.439892699888276, 26.681052299623957 ] ] } },
{ "type": "Feature", "properties": { "osm_id": "1212492917", "code": 6101, "fclass": "rail", "name": null, "layer": 0.0, "bridge": "F", "tunnel": "F", "Shape_Leng": 0.0046193763749500004 }, "geometry": { "type": "LineString", "coordinates": [ [ 88.434991499957789, 26.680413600207544 ], [ 88.436936800093292, 26.68064600031272 ], [ 88.438467299626211, 26.680822199984618 ], [ 88.439067300315742, 26.68089119956926 ], [ 88.439567399815701, 26.68101700033435 ] ] } },
{ "type": "Feature", "properties": { "osm_id": "1212492918", "code": 6101, "fclass": "rail", "name": null, "layer": 0.0, "bridge": "F", "tunnel": "F", "Shape_Leng": 0.0025431005640300002 }, "geometry": { "type": "LineString", "coordinates": [ [ 88.434187599578138, 26.680752800201617 ], [ 88.433851899745434, 26.680712999805166 ], [ 88.432951699961052, 26.680621699731716 ], [ 88.431659300436422, 26.680479200354853 ] ] } },
{ "type": "Feature", "properties": { "osm_id": "1212492919", "code": 6101, "fclass": "rail", "name": null, "layer": 0.0, "bridge": "F", "tunnel": "F", "Shape_Leng": 0.00064903655703599998 }, "geometry": { "type": "LineString", "coordinates": [ [ 88.434143700071786, 26.679988800043134 ], [ 88.433495100018888, 26.679965000384527 ] ] } },
{ "type": "Feature", "properties": { "osm_id": "1212492920", "code": 6101, "fclass": "rail", "name": null, "layer": 0.0, "bridge": "F", "tunnel": "F", "Shape_Leng": 0.00058690452280200001 }, "geometry": { "type": "LineString", "coordinates": [ [ 88.434150400020997, 26.67992700043078 ], [ 88.434737199562164, 26.679915900098763 ] ] } },
{ "type": "Feature", "properties": { "osm_id": "1212492921", "code": 6101, "fclass": "rail", "name": null, "layer": 0.0, "bridge": "F", "tunnel": "F", "Shape_Leng": 0.00065640086018199997 }, "geometry": { "type": "LineString", "coordinates": [ [ 88.433495100018888, 26.679965000384527 ], [ 88.434150400020997, 26.67992700043078 ] ] } },
{ "type": "Feature", "properties": { "osm_id": "1212492922", "code": 6101, "fclass": "rail", "name": null, "layer": 0.0, "bridge": "F", "tunnel": "F", "Shape_Leng": 0.000216499994977 }, "geometry": { "type": "LineString", "coordinates": [ [ 88.431659300436422, 26.680479200354853 ], [ 88.431875699803754, 26.68047260023036 ] ] } },
{ "type": "Feature", "properties": { "osm_id": "1212492923", "code": 6101, "fclass": "rail", "name": null, "layer": 0.0, "bridge": "F", "tunnel": "F", "Shape_Leng": 0.0020292251437399999 }, "geometry": { "type": "LineString", "coordinates": [ [ 88.431039100074486, 26.680429100022991 ], [ 88.429422600172927, 26.680225499807023 ], [ 88.429025300377361, 26.680179500383701 ] ] } },
{ "type": "Feature", "properties": { "osm_id": "1212492924", "code": 6101, "fclass": "rail", "name": null, "layer": 0.0, "bridge": "F", "tunnel": "F", "Shape_Leng": 0.00037588376228299999 }, "geometry": { "type": "LineString", "coordinates": [ [ 88.433495100018888, 26.679965000384527 ], [ 88.433121800430797, 26.679921000154081 ] ] } },
{ "type": "Feature", "properties": { "osm_id": "1212492925", "code": 6101, "fclass": "rail", "name": null, "layer": 0.0, "bridge": "F", "tunnel": "F", "Shape_Leng": 0.0021643301837200001 }, "geometry": { "type": "LineString", "coordinates": [ [ 88.433121800430797, 26.679921000154081 ], [ 88.432754600044802, 26.679966299904891 ], [ 88.432511499805912, 26.680041699964534 ], [ 88.432189500245272, 26.680178199964018 ], [ 88.431900399683741, 26.680298200101902 ], [ 88.431660099933708, 26.68037160006935 ], [ 88.431457300114346, 26.680414100230564 ], [ 88.431256399663198, 26.680426599907719 ], [ 88.431039100074486, 26.680429100022991 ] ] } },
{ "type": "Feature", "properties": { "osm_id": "1212492926", "code": 6101, "fclass": "rail", "name": null, "layer": 0.0, "bridge": "F", "tunnel": "F", "Shape_Leng": 0.00059457825692399999 }, "geometry": { "type": "LineString", "coordinates": [ [ 88.430465599707702, 26.682150799919555 ], [ 88.430793300070775, 26.682295499937425 ], [ 88.431009499788615, 26.682390999844813 ] ] } },
{ "type": "Feature", "properties": { "osm_id": "1212492927", "code": 6101, "fclass": "rail", "name": null, "layer": 0.0, "bridge": "F", "tunnel": "F", "Shape_Leng": 0.0020502963159399999 }, "geometry": { "type": "LineString", "coordinates": [ [ 88.428999499727183, 26.681308799761325 ], [ 88.429559399646621, 26.681500099949687 ], [ 88.429873200088196, 26.681581799760295 ], [ 88.430313000044976, 26.681634800405789 ], [ 88.430999799701056, 26.681714199750559 ] ] } },
{ "type": "Feature", "properties": { "osm_id": "1212492928", "code": 6101, "fclass": "rail", "name": null, "layer": 0.0, "bridge": "F", "tunnel": "F", "Shape_Leng": 0.0048465034649300002 }, "geometry": { "type": "LineString", "coordinates": [ [ 88.426040800342719, 26.680795599837097 ], [ 88.426912600436196, 26.680891900141148 ], [ 88.428217100338941, 26.681020799969986 ], [ 88.430027500368908, 26.681232700029113 ], [ 88.430854099637031, 26.681356300153197 ] ] } },
{ "type": "Feature", "properties": { "osm_id": "1212492929", "code": 6101, "fclass": "rail", "name": null, "layer": 0.0, "bridge": "F", "tunnel": "F", "Shape_Leng": 0.00033241417463899999 }, "geometry": { "type": "LineString", "coordinates": [ [ 88.430145100216237, 26.682062599809171 ], [ 88.430465599707702, 26.682150799919555 ] ] } },
{ "type": "Feature", "properties": { "osm_id": "1212492930", "code": 6101, "fclass": "rail", "name": null, "layer": 0.0, "bridge": "F", "tunnel": "F", "Shape_Leng": 0.00036417147274099999 }, "geometry": { "type": "LineString", "coordinates": [ [ 88.430134300257805, 26.681999599601909 ], [ 88.430465599707702, 26.682150799919555 ] ] } },
{ "type": "Feature", "properties": { "osm_id": "1212492931", "code": 6101, "fclass": "rail", "name": null, "layer": 0.0, "bridge": "F", "tunnel": "F", "Shape_Leng": 0.00056415834532600004 }, "geometry": { "type": "LineString", "coordinates": [ [ 88.429233999749329, 26.681665600387191 ], [ 88.429752299728932, 26.681888400229525 ] ] } },
{ "type": "Feature", "properties": { "osm_id": "1212492932", "code": 6101, "fclass": "rail", "name": null, "layer": 0.0, "bridge": "F", "tunnel": "F", "Shape_Leng": 0.00050125461994400002 }, "geometry": { "type": "LineString", "coordinates": [ [ 88.429674500277997, 26.681799999570387 ], [ 88.430134300257805, 26.681999599601909 ] ] } },
{ "type": "Feature", "properties": { "osm_id": "1212492933", "code": 6101, "fclass": "rail", "name": null, "layer": 0.0, "bridge": "F", "tunnel": "F", "Shape_Leng": 0.0019669301344899998 }, "geometry": { "type": "LineString", "coordinates": [ [ 88.430145100216237, 26.682062599809171 ], [ 88.430743299563687, 26.682330399928048 ], [ 88.431124999719032, 26.682501200070362 ], [ 88.431964599586649, 26.682806400295192 ] ] } },
{ "type": "Feature", "properties": { "osm_id": "1212492934", "code": 6101, "fclass": "rail", "name": null, "layer": 0.0, "bridge": "F", "tunnel": "F", "Shape_Leng": 0.0016372412734799999 }, "geometry": { "type": "LineString", "coordinates": [ [ 88.427447299553307, 26.680990400186886 ], [ 88.427915500100312, 26.681084599674591 ], [ 88.428374100384474, 26.681222400093759 ], [ 88.428992699953199, 26.681506700074181 ] ] } },
{ "type": "Feature", "properties": { "osm_id": "1212492935", "code": 6101, "fclass": "rail", "name": null, "layer": 0.0, "bridge": "F", "tunnel": "F", "Shape_Leng": 0.00047353241124399999 }, "geometry": { "type": "LineString", "coordinates": [ [ 88.428551399927244, 26.681155700075522 ], [ 88.428999499727183, 26.681308799761325 ] ] } },
{ "type": "Feature", "properties": { "osm_id": "1212492936", "code": 6101, "fclass": "rail", "name": null, "layer": 0.0, "bridge": "F", "tunnel": "F", "Shape_Leng": 0.00049349689118400003 }, "geometry": { "type": "LineString", "coordinates": [ [ 88.428068099763038, 26.681055899610158 ], [ 88.428551399927244, 26.681155700075522 ] ] } },
{ "type": "Feature", "properties": { "osm_id": "1212492937", "code": 6101, "fclass": "rail", "name": null, "layer": 0.0, "bridge": "F", "tunnel": "F", "Shape_Leng": 0.00062424600507399999 }, "geometry": { "type": "LineString", "coordinates": [ [ 88.427447299553307, 26.680990400186886 ], [ 88.428068099763038, 26.681055899610158 ] ] } },
{ "type": "Feature", "properties": { "osm_id": "1212492938", "code": 6101, "fclass": "rail", "name": null, "layer": 0.0, "bridge": "F", "tunnel": "F", "Shape_Leng": 0.0011037353808399999 }, "geometry": { "type": "LineString", "coordinates": [ [ 88.426349200355389, 26.680879000265691 ], [ 88.427447299553307, 26.680990400186886 ] ] } },
{ "type": "Feature", "properties": { "osm_id": "1212492939", "code": 6101, "fclass": "rail", "name": null, "layer": 0.0, "bridge": "F", "tunnel": "F", "Shape_Leng": 0.00031947801067499999 }, "geometry": { "type": "LineString", "coordinates": [ [ 88.426040800342719, 26.680795599837097 ], [ 88.426349200355389, 26.680879000265691 ] ] } },
{ "type": "Feature", "properties": { "osm_id": "1212492940", "code": 6101, "fclass": "rail", "name": null, "layer": 0.0, "bridge": "F", "tunnel": "F", "Shape_Leng": 0.00034051284679900002 }, "geometry": { "type": "LineString", "coordinates": [ [ 88.426009799812448, 26.680851499896846 ], [ 88.426349200355389, 26.680879000265691 ] ] } },
{ "type": "Feature", "properties": { "osm_id": "1212492941", "code": 6101, "fclass": "rail", "name": null, "layer": 0.0, "bridge": "F", "tunnel": "F", "Shape_Leng": 0.00021758834963099999 }, "geometry": { "type": "LineString", "coordinates": [ [ 88.425823999877764, 26.680777099883301 ], [ 88.426040800342719, 26.680795599837097 ] ] } },
{ "type": "Feature", "properties": { "osm_id": "1212492942", "code": 6101, "fclass": "rail", "name": null, "layer": 0.0, "bridge": "F", "tunnel": "F", "Shape_Leng": 0.00021901323253699999 }, "geometry": { "type": "LineString", "coordinates": [ [ 88.425122400078749, 26.680679000035866 ], [ 88.425339900216272, 26.680704699962007 ] ] } },
{ "type": "Feature", "properties": { "osm_id": "1212492943", "code": 6101, "fclass": "rail", "name": null, "layer": 0.0, "bridge": "F", "tunnel": "F", "Shape_Leng": 0.0013334432230099999 }, "geometry": { "type": "LineString", "coordinates": [ [ 88.42534090026237, 26.680547699916474 ], [ 88.424770700407578, 26.680486599976632 ], [ 88.424404699717172, 26.680439800156705 ], [ 88.424018600078398, 26.680378100369069 ] ] } },
{ "type": "Feature", "properties": { "osm_id": "1212492944", "code": 6101, "fclass": "rail", "name": null, "layer": 0.0, "bridge": "F", "tunnel": "F", "Shape_Leng": 0.0081145139741000006 }, "geometry": { "type": "LineString", "coordinates": [ [ 88.513964299912573, 26.63793419980351 ], [ 88.510866300039766, 26.640869499727671 ], [ 88.510484000036627, 26.641232899578711 ], [ 88.50951400027094, 26.642154899828824 ], [ 88.508095999630712, 26.643538299952638 ] ] } },
{ "type": "Feature", "properties": { "osm_id": "1212492945", "code": 6101, "fclass": "rail", "name": null, "layer": 0.0, "bridge": "F", "tunnel": "F", "Shape_Leng": 0.0052968013872999996 }, "geometry": { "type": "LineString", "coordinates": [ [ 88.508095999630712, 26.643538299952638 ], [ 88.507557400153928, 26.644029899959946 ], [ 88.506967999773451, 26.644584099976271 ], [ 88.505055200237337, 26.646403100222926 ], [ 88.504228000222099, 26.647156599897244 ] ] } },
{ "type": "Feature", "properties": { "osm_id": "1212492946", "code": 6101, "fclass": "rail", "name": null, "layer": 0.0, "bridge": "F", "tunnel": "F", "Shape_Leng": 0.00151348682004 }, "geometry": { "type": "LineString", "coordinates": [ [ 88.446412100338193, 26.682931200114865 ], [ 88.444907799855116, 26.682764699631207 ] ] } },
{ "type": "Feature", "properties": { "osm_id": "1212492947", "code": 6101, "fclass": "rail", "name": null, "layer": 0.0, "bridge": "F", "tunnel": "F", "Shape_Leng": 0.0014108506240199999 }, "geometry": { "type": "LineString", "coordinates": [ [ 88.447814399714844, 26.683086299892864 ], [ 88.44697980007777, 26.682993999773316 ], [ 88.446412100338193, 26.682931200114865 ] ] } },
{ "type": "Feature", "properties": { "osm_id": "1212492948", "code": 6101, "fclass": "rail", "name": null, "layer": 0.0, "bridge": "F", "tunnel": "F", "Shape_Leng": 0.00055038061453199999 }, "geometry": { "type": "LineString", "coordinates": [ [ 88.447814399714844, 26.683086299892864 ], [ 88.448354199786536, 26.683193699629612 ] ] } },
{ "type": "Feature", "properties": { "osm_id": "1212492949", "code": 6101, "fclass": "rail", "name": null, "layer": 0.0, "bridge": "F", "tunnel": "F", "Shape_Leng": 0.0050946516734000002 }, "geometry": { "type": "LineString", "coordinates": [ [ 88.448354199786536, 26.683193699629612 ], [ 88.44697980007777, 26.683037900178988 ], [ 88.44329210035022, 26.682618700092974 ] ] } },
{ "type": "Feature", "properties": { "osm_id": "1212492950", "code": 6101, "fclass": "rail", "name": null, "layer": 0.0, "bridge": "F", "tunnel": "F", "Shape_Leng": 0.0024382257852900002 }, "geometry": { "type": "LineString", "coordinates": [ [ 88.450770099860279, 26.683521800190988 ], [ 88.450490399912098, 26.683479899877511 ], [ 88.448806399595696, 26.683244999657063 ], [ 88.448354199786536, 26.683193699629612 ] ] } },
{ "type": "Feature", "properties": { "osm_id": "1213087263", "code": 6106, "fclass": "narrow_gauge", "name": null, "layer": 0.0, "bridge": "F", "tunnel": "F", "Shape_Leng": 0.0094369706700999992 }, "geometry": { "type": "LineString", "coordinates": [ [ 88.452169300173125, 26.685257499833824 ], [ 88.451916800220204, 26.685077700175782 ], [ 88.451770399584348, 26.684982800116188 ], [ 88.451621800106068, 26.684900999581544 ], [ 88.451463499640852, 26.684833300416528 ], [ 88.451317799576827, 26.684778100029348 ], [ 88.45109050042629, 26.684714499974234 ], [ 88.450822499758601, 26.684658300440276 ], [ 88.450559100022531, 26.684626399688625 ], [ 88.448049700133595, 26.68433810042302 ], [ 88.447833000392734, 26.684311699925047 ], [ 88.446655099853047, 26.68418070017924 ], [ 88.446510200185628, 26.684163100446767 ], [ 88.443997099586511, 26.683869100378729 ], [ 88.443612900215214, 26.683826700042232 ], [ 88.442929400171749, 26.683751399807306 ] ] } },
{ "type": "Feature", "properties": { "osm_id": "1213087264", "code": 6106, "fclass": "narrow_gauge", "name": null, "layer": 0.0, "bridge": "T", "tunnel": "F", "Shape_Leng": 5.0405024632399998e-05 }, "geometry": { "type": "LineString", "coordinates": [ [ 88.45220920039435, 26.685288299815227 ], [ 88.452169300173125, 26.685257499833824 ] ] } },
{ "type": "Feature", "properties": { "osm_id": "1213996371", "code": 6101, "fclass": "rail", "name": null, "layer": 0.0, "bridge": "F", "tunnel": "F", "Shape_Leng": 0.0069964899185800001 }, "geometry": { "type": "LineString", "coordinates": [ [ 88.659244199760053, 26.535105199945065 ], [ 88.656451699586341, 26.537340099765856 ], [ 88.656161199679673, 26.537564799875668 ], [ 88.654771999827972, 26.538639600337319 ], [ 88.653746900399199, 26.539432699859276 ] ] } },
{ "type": "Feature", "properties": { "osm_id": "1213996372", "code": 6101, "fclass": "rail", "name": null, "layer": 1.0, "bridge": "T", "tunnel": "F", "Shape_Leng": 6.5811457747699998e-05 }, "geometry": { "type": "LineString", "coordinates": [ [ 88.659295599612278, 26.535064100028251 ], [ 88.659244199760053, 26.535105199945065 ] ] } },
{ "type": "Feature", "properties": { "osm_id": "1214120699", "code": 6101, "fclass": "rail", "name": null, "layer": 0.0, "bridge": "F", "tunnel": "F", "Shape_Leng": 0.00047053122820599999 }, "geometry": { "type": "LineString", "coordinates": [ [ 88.653746900399199, 26.539432699859276 ], [ 88.653580200266106, 26.539553799868031 ], [ 88.653376500225363, 26.539722500093376 ] ] } },
{ "type": "Feature", "properties": { "osm_id": "1217466964", "code": 6101, "fclass": "rail", "name": null, "layer": 0.0, "bridge": "F", "tunnel": "F", "Shape_Leng": 0.00095371386334799999 }, "geometry": { "type": "LineString", "coordinates": [ [ 88.720246199802318, 26.521273599896745 ], [ 88.720160399982547, 26.521305700297887 ], [ 88.719893699734541, 26.521400299983895 ], [ 88.719570399754218, 26.521475600218821 ], [ 88.719328400285519, 26.521525900200174 ] ] } },
{ "type": "Feature", "properties": { "osm_id": "1217466965", "code": 6101, "fclass": "rail", "name": null, "layer": 0.0, "bridge": "F", "tunnel": "F", "Shape_Leng": 0.0058317931187799998 }, "geometry": { "type": "LineString", "coordinates": [ [ 88.719328400285519, 26.521525900200174 ], [ 88.718815999858577, 26.521631299844671 ], [ 88.717995300143059, 26.521784899553495 ], [ 88.716417800241345, 26.522078500322607 ], [ 88.713589400030855, 26.522560199693487 ] ] } },
{ "type": "Feature", "properties": { "osm_id": "1217466966", "code": 6101, "fclass": "rail", "name": null, "layer": 0.0, "bridge": "F", "tunnel": "F", "Shape_Leng": 0.00044463358717000001 }, "geometry": { "type": "LineString", "coordinates": [ [ 88.713589400030855, 26.522560199693487 ], [ 88.713424699989957, 26.522588200085409 ], [ 88.713151399617459, 26.522636699624059 ] ] } },
{ "type": "Feature", "properties": { "osm_id": "1217466967", "code": 6101, "fclass": "rail", "name": null, "layer": 0.0, "bridge": "F", "tunnel": "F", "Shape_Leng": 0.011575046480699999 }, "geometry": { "type": "LineString", "coordinates": [ [ 88.669553700343045, 26.530315200286338 ], [ 88.667676999593937, 26.530649900072888 ], [ 88.666841399910709, 26.530789800409025 ], [ 88.666312399797448, 26.530878299993617 ], [ 88.665735199619803, 26.531000200398978 ], [ 88.665176100097028, 26.531154300130879 ], [ 88.664874800231928, 26.531246799899918 ], [ 88.664573600191545, 26.531348899931857 ], [ 88.664245600354207, 26.531479200005151 ], [ 88.663932899783561, 26.531620999709446 ], [ 88.663659799959873, 26.531765900276127 ], [ 88.663391900016222, 26.531915399975787 ], [ 88.66287899956626, 26.532239399628622 ], [ 88.66252000009797, 26.532507099922782 ], [ 88.662178100339133, 26.532778699677294 ], [ 88.661477300037404, 26.533317999725966 ], [ 88.659295599612278, 26.535064100028251 ] ] } },
{ "type": "Feature", "properties": { "osm_id": "1217466968", "code": 6101, "fclass": "rail", "name": null, "layer": 0.0, "bridge": "F", "tunnel": "F", "Shape_Leng": 0.0069935398587499999 }, "geometry": { "type": "LineString", "coordinates": [ [ 88.679156299623571, 26.528615999628755 ], [ 88.679086600366361, 26.52862719978549 ], [ 88.678615200031516, 26.528712200107975 ], [ 88.67227340039716, 26.529855000108228 ] ] } },
{ "type": "Feature", "properties": { "osm_id": "1217466970", "code": 6101, "fclass": "rail", "name": null, "layer": 0.0, "bridge": "F", "tunnel": "F", "Shape_Leng": 0.00211007636933 }, "geometry": { "type": "LineString", "coordinates": [ [ 88.726840100090612, 26.511820699965369 ], [ 88.726642699800834, 26.512386399612694 ], [ 88.726144999692053, 26.513812999570348 ] ] } },
{ "type": "Feature", "properties": { "osm_id": "1217466971", "code": 6101, "fclass": "rail", "name": null, "layer": 0.0, "bridge": "F", "tunnel": "F", "Shape_Leng": 0.050139035613899999 }, "geometry": { "type": "LineString", "coordinates": [ [ 88.765909667896892, 26.388949561872835 ], [ 88.76476719974653, 26.390102499930492 ], [ 88.76289469973068, 26.391992099655738 ], [ 88.76227849955319, 26.392619300340471 ], [ 88.761799499947017, 26.393299599696832 ], [ 88.761398199967005, 26.393910699819003 ], [ 88.761161500203116, 26.394476900388668 ], [ 88.760905300439333, 26.39515650007246 ], [ 88.760778999651166, 26.395894300281782 ], [ 88.760316800280179, 26.401923099871226 ], [ 88.760020899944607, 26.405781999939393 ], [ 88.759958299935647, 26.406598900019276 ], [ 88.759640199835417, 26.410746399726634 ], [ 88.759473100403341, 26.412925799685979 ], [ 88.759467000301868, 26.413005699953146 ], [ 88.759300399993549, 26.415191299838682 ], [ 88.759213199929263, 26.416315500060307 ], [ 88.759102800054222, 26.417536800083326 ], [ 88.758990499911704, 26.418493700324063 ], [ 88.758813099644897, 26.419319199721315 ], [ 88.758520300171767, 26.420168300027058 ], [ 88.757893200211072, 26.421987200448996 ], [ 88.757132300015712, 26.424194000053092 ], [ 88.755756300412997, 26.428178699987086 ], [ 88.754998199807119, 26.430383200024721 ], [ 88.754603999974677, 26.431526500047994 ], [ 88.754332599869656, 26.432313500367798 ], [ 88.754035999861571, 26.433173499557427 ], [ 88.754010200110713, 26.433248199944501 ], [ 88.753007599920863, 26.436156000399137 ] ] } },
{ "type": "Feature", "properties": { "osm_id": "1217466973", "code": 6101, "fclass": "rail", "name": null, "layer": 0.0, "bridge": "F", "tunnel": "F", "Shape_Leng": 0.0031245292665400002 }, "geometry": { "type": "LineString", "coordinates": [ [ 88.753007599920863, 26.436156000399137 ], [ 88.752883899972062, 26.436514700393161 ], [ 88.752005200279825, 26.439062600258865 ], [ 88.751988900067715, 26.439109800277095 ] ] } },
{ "type": "Feature", "properties": { "osm_id": "1217470556", "code": 6101, "fclass": "rail", "name": null, "layer": 0.0, "bridge": "F", "tunnel": "F", "Shape_Leng": 0.0036560833534600001 }, "geometry": { "type": "LineString", "coordinates": [ [ 88.726569700031689, 26.512433300156715 ], [ 88.725395799676448, 26.515895799751434 ] ] } },
{ "type": "Feature", "properties": { "osm_id": "1217555687", "code": 6101, "fclass": "rail", "name": null, "layer": 0.0, "bridge": "F", "tunnel": "F", "Shape_Leng": 0.00059348921468899997 }, "geometry": { "type": "LineString", "coordinates": [ [ 88.670140300234721, 26.530225099908478 ], [ 88.669643799821586, 26.530300099769818 ], [ 88.669553700343045, 26.530315200286338 ] ] } },
{ "type": "Feature", "properties": { "osm_id": "1217555688", "code": 6101, "fclass": "rail", "name": null, "layer": 0.0, "bridge": "F", "tunnel": "F", "Shape_Leng": 0.0021651442214399999 }, "geometry": { "type": "LineString", "coordinates": [ [ 88.67227340039716, 26.529855000108228 ], [ 88.670583700177701, 26.530159499761169 ], [ 88.670140300234721, 26.530225099908478 ] ] } },
{ "type": "Feature", "properties": { "osm_id": "1219679241", "code": 6101, "fclass": "rail", "name": null, "layer": 0.0, "bridge": "F", "tunnel": "F", "Shape_Leng": 0.0086139559258500004 }, "geometry": { "type": "LineString", "coordinates": [ [ 88.678615200031516, 26.528712200107975 ], [ 88.67805780022735, 26.528758900103185 ], [ 88.677221900170593, 26.528898500065793 ], [ 88.673039299923801, 26.529639099864596 ], [ 88.671837599725507, 26.529848599633226 ], [ 88.670718799932729, 26.530066900167355 ], [ 88.670140300234721, 26.530225099908478 ] ] } },
{ "type": "Feature", "properties": { "osm_id": "1225676019", "code": 6101, "fclass": "rail", "name": null, "layer": 0.0, "bridge": "F", "tunnel": "F", "Shape_Leng": 0.00056409022732399996 }, "geometry": { "type": "LineString", "coordinates": [ [ 88.715286599696867, 26.56044620033191 ], [ 88.71584770021127, 26.560504200308628 ] ] } },
{ "type": "Feature", "properties": { "osm_id": "1229463958", "code": 6101, "fclass": "rail", "name": null, "layer": 0.0, "bridge": "F", "tunnel": "F", "Shape_Leng": 0.00091930567595299999 }, "geometry": { "type": "LineString", "coordinates": [ [ 88.452749299940308, 26.683814200365077 ], [ 88.451842900229735, 26.683660699581651 ] ] } },
{ "type": "Feature", "properties": { "osm_id": "1229488081", "code": 6101, "fclass": "rail", "name": null, "layer": 0.0, "bridge": "F", "tunnel": "F", "Shape_Leng": 0.00215746553137 }, "geometry": { "type": "LineString", "coordinates": [ [ 88.436691000089638, 26.701172099712664 ], [ 88.436760600421451, 26.70112040038623 ], [ 88.437219099981519, 26.700790899580397 ], [ 88.437647799606339, 26.700481500420949 ], [ 88.43830880041088, 26.699992100155328 ], [ 88.438433399681685, 26.699899899860554 ] ] } },
{ "type": "Feature", "properties": { "osm_id": "1229488082", "code": 6101, "fclass": "rail", "name": null, "layer": 0.0, "bridge": "F", "tunnel": "F", "Shape_Leng": 0.00097668218530599991 }, "geometry": { "type": "LineString", "coordinates": [ [ 88.436211200086859, 26.701594700135331 ], [ 88.435428500325088, 26.702178899736509 ] ] } },
{ "type": "Feature", "properties": { "osm_id": "1229488083", "code": 6101, "fclass": "rail", "name": null, "layer": 0.0, "bridge": "F", "tunnel": "F", "Shape_Leng": 0.00098172186731899989 }, "geometry": { "type": "LineString", "coordinates": [ [ 88.437051399802328, 26.700832799893874 ], [ 88.436267199971383, 26.701423399969997 ] ] } },
{ "type": "Feature", "properties": { "osm_id": "1229488084", "code": 6101, "fclass": "rail", "name": null, "layer": 0.0, "bridge": "F", "tunnel": "F", "Shape_Leng": 0.00113759304124 }, "geometry": { "type": "LineString", "coordinates": [ [ 88.43577850027765, 26.701851399922248 ], [ 88.436015200041481, 26.701673200158098 ], [ 88.436691000089638, 26.701172099712664 ] ] } },
{ "type": "Feature", "properties": { "osm_id": "1229488085", "code": 6101, "fclass": "rail", "name": null, "layer": 0.0, "bridge": "F", "tunnel": "F", "Shape_Leng": 0.00091529984884599995 }, "geometry": { "type": "LineString", "coordinates": [ [ 88.429503999609949, 26.706504500282506 ], [ 88.428772000027834, 26.707054000441815 ] ] } },
{ "type": "Feature", "properties": { "osm_id": "1229488086", "code": 6101, "fclass": "rail", "name": null, "layer": 0.0, "bridge": "F", "tunnel": "F", "Shape_Leng": 0.0082129156013000006 }, "geometry": { "type": "LineString", "coordinates": [ [ 88.429214700298246, 26.70678780021683 ], [ 88.429612599941606, 26.706483799687646 ], [ 88.430592199970135, 26.705752200303834 ], [ 88.431714699573774, 26.704907899679881 ], [ 88.433501899792873, 26.703566700243073 ], [ 88.434107200187213, 26.703108000134137 ], [ 88.434754200346106, 26.702622600053019 ], [ 88.43577850027765, 26.701851399922248 ] ] } },
{ "type": "Feature", "properties": { "osm_id": "1229488087", "code": 6101, "fclass": "rail", "name": null, "layer": 0.0, "bridge": "F", "tunnel": "F", "Shape_Leng": 0.00092690218788300002 }, "geometry": { "type": "LineString", "coordinates": [ [ 88.429222599943103, 26.706845900018322 ], [ 88.428482400342546, 26.707403799845565 ] ] } },
{ "type": "Feature", "properties": { "osm_id": "1229488088", "code": 6101, "fclass": "rail", "name": null, "layer": 0.0, "bridge": "F", "tunnel": "F", "Shape_Leng": 0.00040749619818599998 }, "geometry": { "type": "LineString", "coordinates": [ [ 88.428890900294846, 26.707035200114433 ], [ 88.429214700298246, 26.70678780021683 ] ] } },
{ "type": "Feature", "properties": { "osm_id": "1229488089", "code": 6101, "fclass": "rail", "name": null, "layer": 0.0, "bridge": "F", "tunnel": "F", "Shape_Leng": 0.00055302084644500002 }, "geometry": { "type": "LineString", "coordinates": [ [ 88.415836499754732, 26.720202499745596 ], [ 88.416137699795058, 26.719738699581399 ] ] } },
{ "type": "Feature", "properties": { "osm_id": "1229488090", "code": 6101, "fclass": "rail", "name": null, "layer": 0.0, "bridge": "F", "tunnel": "F", "Shape_Leng": 0.00045856143964600001 }, "geometry": { "type": "LineString", "coordinates": [ [ 88.415555399562095, 26.720564799725764 ], [ 88.415836499754732, 26.720202499745596 ] ] } },
{ "type": "Feature", "properties": { "osm_id": "1229488091", "code": 6101, "fclass": "rail", "name": null, "layer": 0.0, "bridge": "F", "tunnel": "F", "Shape_Leng": 0.0040177221322799999 }, "geometry": { "type": "LineString", "coordinates": [ [ 88.414679000335639, 26.721489800114227 ], [ 88.414284199756082, 26.722138499991843 ], [ 88.413524699805123, 26.723330299553709 ], [ 88.412807600190661, 26.724480699724552 ], [ 88.412543599707419, 26.72489290038709 ] ] } },
{ "type": "Feature", "properties": { "osm_id": "1229488092", "code": 6101, "fclass": "rail", "name": null, "layer": 0.0, "bridge": "F", "tunnel": "F", "Shape_Leng": 0.00183511557047 }, "geometry": { "type": "LineString", "coordinates": [ [ 88.412195699671884, 26.725823599779346 ], [ 88.412075999907529, 26.726033899944582 ], [ 88.411863099802247, 26.726481999744522 ], [ 88.411604499747909, 26.72700760042045 ], [ 88.411363699974856, 26.727458599634701 ] ] } },
{ "type": "Feature", "properties": { "osm_id": "1254658859", "code": 6101, "fclass": "rail", "name": null, "layer": 0.0, "bridge": "F", "tunnel": "F", "Shape_Leng": 0.0010707396044099999 }, "geometry": { "type": "LineString", "coordinates": [ [ 88.439529800060257, 26.684631499743944 ], [ 88.439886699611577, 26.684614599684096 ], [ 88.440319199771295, 26.684547399642838 ], [ 88.440591900295999, 26.684506500274836 ] ] } },
{ "type": "Feature", "properties": { "osm_id": "1298954422", "code": 6107, "fclass": "miniature_railway", "name": null, "layer": 0.0, "bridge": "F", "tunnel": "F", "Shape_Leng": 0.0020529390896199999 }, "geometry": { "type": "LineString", "coordinates": [ [ 88.423161500303081, 26.721045699599415 ], [ 88.423219199906214, 26.721100800161821 ], [ 88.423273599896788, 26.721146900309236 ], [ 88.423415600149895, 26.721271799953684 ], [ 88.423430699767039, 26.721284000156516 ], [ 88.423445699559466, 26.721293200221055 ], [ 88.423460100403361, 26.721300099819814 ], [ 88.423474000324916, 26.721306799769025 ], [ 88.423487400223394, 26.721315300161052 ], [ 88.423505499978887, 26.72133399976434 ], [ 88.423815999908527, 26.721673299583188 ], [ 88.423891099594641, 26.721766800297644 ], [ 88.423909800097249, 26.721812900445059 ], [ 88.423938000138662, 26.721864999969796 ], [ 88.423964799935618, 26.721899099563871 ], [ 88.423988300120016, 26.721929100047987 ], [ 88.424054699764667, 26.722117200448508 ], [ 88.424088200410154, 26.722213599677957 ], [ 88.424105599593815, 26.722270499783804 ], [ 88.424121700156377, 26.72230760041549 ], [ 88.424181399851761, 26.722418399589515 ], [ 88.424231699833115, 26.72254659974584 ], [ 88.42430080014185, 26.722698700284866 ] ] } },
{ "type": "Feature", "properties": { "osm_id": "1298954440", "code": 6107, "fclass": "miniature_railway", "name": null, "layer": 0.0, "bridge": "F", "tunnel": "F", "Shape_Leng": 0.0031727559118800001 }, "geometry": { "type": "LineString", "coordinates": [ [ 88.42435370006325, 26.722914300154855 ], [ 88.423810600378943, 26.723092800292534 ], [ 88.423609399554209, 26.723155699775759 ], [ 88.42344719962864, 26.723192199660332 ], [ 88.423307700390126, 26.723215000172161 ], [ 88.423225200182912, 26.723224600435003 ], [ 88.423185999634256, 26.723222200144448 ], [ 88.423154499980228, 26.72321710008913 ], [ 88.423130300123319, 26.723207800199873 ], [ 88.423118599943507, 26.72319640039359 ], [ 88.423106499565336, 26.723179399609648 ], [ 88.423094499911315, 26.723156599997139 ], [ 88.423091099574663, 26.723130499872696 ], [ 88.423067600289585, 26.722537000382317 ], [ 88.423063600105138, 26.722423200170624 ], [ 88.423058199676234, 26.722372300341419 ], [ 88.422950999589034, 26.721705099610688 ], [ 88.422931499589083, 26.721600299814043 ], [ 88.422865099944488, 26.721336700428424 ] ] } },
{ "type": "Feature", "properties": { "osm_id": "1372716960", "code": 6101, "fclass": "rail", "name": null, "layer": 0.0, "bridge": "F", "tunnel": "F", "Shape_Leng": 0.0041974912174599999 }, "geometry": { "type": "LineString", "coordinates": [ [ 88.450145699664347, 26.690068799935204 ], [ 88.45029880024947, 26.68984759998682 ], [ 88.45057040000404, 26.689528499840435 ], [ 88.45078039979569, 26.689300599942783 ], [ 88.451043000034474, 26.689048600012939 ], [ 88.451839800266612, 26.688323300380034 ], [ 88.451964400436793, 26.688194500375914 ], [ 88.452043899606338, 26.688098000422428 ], [ 88.452096400228754, 26.688000100224485 ], [ 88.452276500260325, 26.687537599580594 ], [ 88.452324499775898, 26.687371400369898 ], [ 88.45235000005249, 26.687230599812381 ], [ 88.452367999983267, 26.686971800108552 ], [ 88.452358999568219, 26.686700999851325 ] ] } },
{ "type": "Feature", "properties": { "osm_id": "1372716961", "code": 6101, "fclass": "rail", "name": null, "layer": 0.0, "bridge": "F", "tunnel": "F", "Shape_Leng": 0.00774543417558 }, "geometry": { "type": "LineString", "coordinates": [ [ 88.449827899937702, 26.684730800186344 ], [ 88.450111199872026, 26.684758299655869 ], [ 88.450417300318236, 26.68479989959576 ], [ 88.450652900211253, 26.68484410037496 ], [ 88.450893000311794, 26.68490849992736 ], [ 88.451031000380397, 26.684956699991744 ], [ 88.451145100066356, 26.68501040030975 ], [ 88.451220099927752, 26.685054600189687 ], [ 88.451404700166847, 26.685179300184586 ], [ 88.451526200373905, 26.685279800322576 ], [ 88.45171379985203, 26.685448800022129 ], [ 88.45184879978234, 26.685598899569584 ], [ 88.451953899952571, 26.685746400076368 ], [ 88.452037900228959, 26.685889900398649 ], [ 88.452171400090094, 26.686140599908811 ], [ 88.452254000122082, 26.686348399958717 ], [ 88.452314000190995, 26.686552199824234 ], [ 88.452358999568219, 26.686700999851325 ], [ 88.452411500190635, 26.686975900117773 ], [ 88.452423499844713, 26.687132699614438 ], [ 88.452421999775538, 26.687270800407191 ], [ 88.452402499775587, 26.687406199636428 ], [ 88.452363499775743, 26.687556399907976 ], [ 88.452174400228444, 26.688049800358044 ], [ 88.452106899813657, 26.688162399974829 ], [ 88.452022900436589, 26.688268299642345 ], [ 88.451898300266407, 26.68838889962808 ], [ 88.451086500241843, 26.689099499842087 ], [ 88.450829900279757, 26.689360900385282 ], [ 88.450633400211302, 26.689572800444409 ], [ 88.450357300249266, 26.689901199580731 ], [ 88.450208000199098, 26.690099000068869 ] ] } },
{ "type": "Feature", "properties": { "osm_id": "1372716962", "code": 6101, "fclass": "rail", "name": null, "layer": 0.0, "bridge": "F", "tunnel": "F", "Shape_Leng": 0.0075454745536800002 }, "geometry": { "type": "LineString", "coordinates": [ [ 88.447971899783397, 26.684553999767331 ], [ 88.450132199941152, 26.684803899780206 ], [ 88.450387299834063, 26.684853500088991 ], [ 88.450618400418875, 26.684917799816674 ], [ 88.450965000034785, 26.685049199760783 ], [ 88.451142099928006, 26.685140400009516 ], [ 88.451406200236022, 26.685338800345392 ], [ 88.45169880005966, 26.685640500408795 ], [ 88.451887799782185, 26.685923400144873 ], [ 88.452000400298289, 26.686175400074717 ], [ 88.452063399606288, 26.686363100276935 ], [ 88.452106899813657, 26.686564300202349 ], [ 88.452135400228599, 26.686755999689694 ], [ 88.45213769979506, 26.686962400394521 ], [ 88.452121899606027, 26.687205100435108 ], [ 88.45205969979537, 26.687490000263324 ], [ 88.451993599624984, 26.687664299667745 ], [ 88.451901300404757, 26.687854699634727 ], [ 88.451762499939491, 26.688083899952062 ], [ 88.451640999732433, 26.688248199794657 ], [ 88.451501399769825, 26.688411100292114 ], [ 88.451291399978174, 26.688627600383484 ], [ 88.45113599982659, 26.688767300170809 ] ] } },
{ "type": "Feature", "properties": { "osm_id": "1372716963", "code": 6101, "fclass": "rail", "name": null, "layer": 0.0, "bridge": "F", "tunnel": "F", "Shape_Leng": 0.0084215117823099993 }, "geometry": { "type": "LineString", "coordinates": [ [ 88.443721499647552, 26.692268799765372 ], [ 88.446362599854183, 26.690285100377139 ], [ 88.446379300264539, 26.690272599800664 ], [ 88.446635900226681, 26.69012110000881 ], [ 88.446955100197783, 26.69 ], [ 88.447207600150705, 26.689928100101781 ], [ 88.44777029965968, 26.689885199742207 ], [ 88.448194999999316, 26.689887799682253 ], [ 88.448562599684294, 26.689889199926711 ], [ 88.448853700338077, 26.689860999885298 ], [ 88.449132800438463, 26.689792600148451 ], [ 88.44946590033112, 26.689678700111983 ], [ 88.449851599771591, 26.689486999725318 ], [ 88.450721899795894, 26.689059300146653 ], [ 88.45113599982659, 26.688767300170809 ] ] } },
{ "type": "Feature", "properties": { "osm_id": "1372716964", "code": 6101, "fclass": "rail", "name": null, "layer": 0.0, "bridge": "F", "tunnel": "F", "Shape_Leng": 0.0039893570237000001 }, "geometry": { "type": "LineString", "coordinates": [ [ 88.443684200265693, 26.692226199779327 ], [ 88.446319099646814, 26.690237900358852 ], [ 88.446347799711248, 26.690216300441989 ], [ 88.446606600314396, 26.690082199833682 ], [ 88.446781399741838, 26.690017200433488 ], [ 88.446955100197783, 26.69 ] ] } },
{ "type": "Feature", "properties": { "osm_id": "1449660331", "code": 6101, "fclass": "rail", "name": null, "layer": 0.0, "bridge": "F", "tunnel": "F", "Shape_Leng": 0.0086788670681299997 }, "geometry": { "type": "LineString", "coordinates": [ [ 88.508583399804138, 26.643148799977212 ], [ 88.509624699620247, 26.642133399736679 ], [ 88.51294150005026, 26.638972299831835 ], [ 88.514855600006001, 26.637150400170867 ] ] } },
{ "type": "Feature", "properties": { "osm_id": "1449660332", "code": 6101, "fclass": "rail", "name": null, "layer": 0.0, "bridge": "F", "tunnel": "F", "Shape_Leng": 0.00108186739786 }, "geometry": { "type": "LineString", "coordinates": [ [ 88.451842900229735, 26.683660699581651 ], [ 88.451138699591354, 26.683576999678849 ], [ 88.450770099860279, 26.683521800190988 ] ] } },
{ "type": "Feature", "properties": { "osm_id": "1449660333", "code": 6101, "fclass": "rail", "name": null, "layer": 0.0, "bridge": "F", "tunnel": "F", "Shape_Leng": 0.0045621453299499997 }, "geometry": { "type": "LineString", "coordinates": [ [ 88.447763499885696, 26.683594200112282 ], [ 88.446734599921911, 26.683475500394081 ], [ 88.44659249984403, 26.683459100357254 ], [ 88.444912499712132, 26.683240500348859 ], [ 88.443233600350425, 26.683054099667004 ] ] } },
{ "type": "Feature", "properties": { "osm_id": "1449660334", "code": 6101, "fclass": "rail", "name": null, "layer": 0.0, "bridge": "F", "tunnel": "F", "Shape_Leng": 0.0040643569217900001 }, "geometry": { "type": "LineString", "coordinates": [ [ 88.439232399655566, 26.682330300103331 ], [ 88.443272299976741, 26.682775499589695 ] ] } },
{ "type": "Feature", "properties": { "osm_id": "1449660335", "code": 6101, "fclass": "rail", "name": null, "layer": 0.0, "bridge": "F", "tunnel": "F", "Shape_Leng": 0.00161921316965 }, "geometry": { "type": "LineString", "coordinates": [ [ 88.444907799855116, 26.682764699631207 ], [ 88.443298400101128, 26.682586700415925 ] ] } },
{ "type": "Feature", "properties": { "osm_id": "1452327780", "code": 6106, "fclass": "narrow_gauge", "name": "Darjeeling Himalayan Railway", "layer": 1.0, "bridge": "F", "tunnel": "F", "Shape_Leng": 0.0020555353517599999 }, "geometry": { "type": "LineString", "coordinates": [ [ 88.36599109960963, 26.786273999745333 ], [ 88.365651100118214, 26.786571900173101 ], [ 88.365134499857334, 26.787062199760783 ], [ 88.364726400103336, 26.78751929997577 ], [ 88.364555172783071, 26.787738935103846 ] ] } },
{ "type": "Feature", "properties": { "osm_id": "1462869121", "code": 6101, "fclass": "rail", "name": null, "layer": 0.0, "bridge": "F", "tunnel": "F", "Shape_Leng": 0.00192390124518 }, "geometry": { "type": "LineString", "coordinates": [ [ 88.431042100212835, 26.705348800406853 ], [ 88.430631699993, 26.705656999870712 ], [ 88.429914700203312, 26.706196100269835 ], [ 88.429503999609949, 26.706504500282506 ] ] } },
{ "type": "Feature", "properties": { "osm_id": "1462869122", "code": 6101, "fclass": "rail", "name": null, "layer": 0.0, "bridge": "F", "tunnel": "F", "Shape_Leng": 0.0023654443653199999 }, "geometry": { "type": "LineString", "coordinates": [ [ 88.431113500088031, 26.705424699590253 ], [ 88.430871100421029, 26.705607600110682 ], [ 88.429953800027931, 26.706294799965121 ], [ 88.429222599943103, 26.706845900018322 ] ] } },
{ "type": "Feature", "properties": { "osm_id": "1462869123", "code": 6101, "fclass": "rail", "name": null, "layer": 0.0, "bridge": "F", "tunnel": "F", "Shape_Leng": 0.00251496433215 }, "geometry": { "type": "LineString", "coordinates": [ [ 88.413525000178652, 26.723688799898241 ], [ 88.41251460016872, 26.725290899855167 ], [ 88.412195699671884, 26.725823599779346 ] ] } }
]
}
