{
"type": "FeatureCollection",
"name": "subdistrict_boundary.shp",
"crs": { "type": "name", "properties": { "name": "urn:ogc:def:crs:OGC:1.3:CRS84" } },
"features": [
{ "type": "Feature", "properties": { "OBJECTID_1": 5794, "STATE_UT": "WEST BENGAL", "Shape_Leng": 1.76642684461, "STATE_LGD": "19", "Dist_LGD": "328", "Subdis_LGD": "02166", "REMARKS": null, "Sub_dist": "Rajganj", "District": "JALP>IGURI", "Subdis_Typ": "CD_Block", "Shape_Le_1": 1.76642684698, "Shape_Area": 0.057635438230499998 }, "geometry": { "type": "Polygon", "coordinates": [ [ [ 88.493076840323965, 26.849819879683764 ], [ 88.493519394904183, 26.849670594922088 ], [ 88.494218883095016, 26.849805379015095 ], [ 88.494722276811672, 26.850089282394492 ], [ 88.495190159898016, 26.8501520370869 ], [ 88.495768698266886, 26.850065848759982 ], [ 88.496341973803112, 26.849839706137573 ], [ 88.496874956114368, 26.849595572577641 ], [ 88.497306370792444, 26.849189124878251 ], [ 88.498640601382704, 26.847775585774741 ], [ 88.498898062895364, 26.84750281780083 ], [ 88.49950798490562, 26.8463706909547 ], [ 88.499590262080972, 26.844786851731897 ], [ 88.499606714278514, 26.843545923105921 ], [ 88.499637826324658, 26.842760699846451 ], [ 88.499669688405447, 26.842544642221526 ], [ 88.499703689973387, 26.842314070438078 ], [ 88.500121816268859, 26.841795460192373 ], [ 88.500967825604732, 26.841033545561743 ], [ 88.502029826015701, 26.840443372663572 ], [ 88.503323158137277, 26.839997781972102 ], [ 88.504636440819127, 26.839692066435759 ], [ 88.505884252856049, 26.8394810054441 ], [ 88.508163269819079, 26.839207668199379 ], [ 88.508661297281094, 26.839239638198819 ], [ 88.509083850039701, 26.839294165893079 ], [ 88.51013001608743, 26.839380760713595 ], [ 88.511206699729485, 26.839196575961239 ], [ 88.51164493216794, 26.838628341125116 ], [ 88.51209796564865, 26.838348990113843 ], [ 88.512259459606412, 26.838551017415568 ], [ 88.512386807205473, 26.838504260763102 ], [ 88.513262820622742, 26.838182622729903 ], [ 88.513967138172973, 26.838177521775265 ], [ 88.514570940296721, 26.838173223915192 ], [ 88.515478089142562, 26.838347204959575 ], [ 88.516592074864434, 26.839151477658618 ], [ 88.517508143186319, 26.840318219410335 ], [ 88.518224595288928, 26.841666822965578 ], [ 88.519040079835861, 26.842834181652222 ], [ 88.519954598625873, 26.843820383603884 ], [ 88.520461723629694, 26.844267992374 ], [ 88.521270819392839, 26.844713433777997 ], [ 88.522074085750489, 26.844527050183274 ], [ 88.522516671807011, 26.844379076633118 ], [ 88.523177706785816, 26.844158063743691 ], [ 88.523778213793605, 26.843792776215707 ], [ 88.524477722668848, 26.843246151188964 ], [ 88.525475757899983, 26.842336400604438 ], [ 88.52556749864118, 26.84134299508321 ], [ 88.525597081839919, 26.840889797026534 ], [ 88.525655908293572, 26.839988638564876 ], [ 88.525593299291415, 26.838980639744761 ], [ 88.525538239198454, 26.83809417080937 ], [ 88.52563229839194, 26.837371455828077 ], [ 88.525827877554548, 26.836738275550999 ], [ 88.526225493012134, 26.836193906923313 ], [ 88.526623810840249, 26.83573970882054 ], [ 88.527123648637541, 26.835375132656281 ], [ 88.527624291328038, 26.835100726117673 ], [ 88.528126550100239, 26.835006835996751 ], [ 88.528529003910478, 26.83500393298516 ], [ 88.529234916858002, 26.835179278301098 ], [ 88.529841129164822, 26.835445605330449 ], [ 88.530346629993062, 26.835712659012074 ], [ 88.531153165386343, 26.835887355916782 ], [ 88.531859086427744, 26.836062686843547 ], [ 88.533068994738358, 26.836324627879321 ], [ 88.533774922075054, 26.83649994891357 ], [ 88.535183523001251, 26.836489631891027 ], [ 88.536794169215568, 26.836568096840267 ], [ 88.537496019925413, 26.836292191131747 ], [ 88.538698486346107, 26.835741925649415 ], [ 88.540402365276975, 26.835007370194035 ], [ 88.541603980939044, 26.834366731839282 ], [ 88.54240477775835, 26.833909637919533 ], [ 88.54300516605565, 26.833544182218304 ], [ 88.543505658559354, 26.833269721720342 ], [ 88.544205828436304, 26.832813265419929 ], [ 88.545507186107784, 26.832081687619848 ], [ 88.546542776128263, 26.83135492928659 ], [ 88.546806880033557, 26.831169581710867 ], [ 88.547133904106431, 26.830871354829185 ], [ 88.547305805018937, 26.830714587708087 ], [ 88.548604542965336, 26.829712208751459 ], [ 88.549186782044387, 26.829332666969037 ], [ 88.549304670574145, 26.829255818101558 ], [ 88.549343812666905, 26.829184134040588 ], [ 88.549601538580191, 26.82871212936135 ], [ 88.549997259166219, 26.827987181363369 ], [ 88.550393898859397, 26.8273524011924 ], [ 88.550381404578218, 26.825998781218857 ], [ 88.550269135012627, 26.824736072811561 ], [ 88.550048835285565, 26.822661950188888 ], [ 88.549735372989119, 26.821400722065732 ], [ 88.5494152170387, 26.819417598243604 ], [ 88.549414099181377, 26.8192952508752 ], [ 88.549409441592502, 26.818785872170338 ], [ 88.549304719137524, 26.818335403556091 ], [ 88.548997052971686, 26.817705899707562 ], [ 88.548183109862691, 26.816719143773526 ], [ 88.547673539602215, 26.816000945187511 ], [ 88.546049007855459, 26.814388449067735 ], [ 88.545030643449479, 26.813042199937627 ], [ 88.544011482244173, 26.81160568225647 ], [ 88.543399631188095, 26.810707681314511 ], [ 88.543092938988025, 26.810168419037382 ], [ 88.542988150882536, 26.809717946825856 ], [ 88.5429824141072, 26.809086218054574 ], [ 88.543279265026115, 26.808542541904842 ], [ 88.54367578061283, 26.807907780619644 ], [ 88.543949582807045, 26.807586546382083 ], [ 88.545765860805886, 26.805455566821024 ], [ 88.547864906340408, 26.803996092146008 ], [ 88.54986423774443, 26.802627496661671 ], [ 88.550960654310813, 26.80153632674012 ], [ 88.551956568041248, 26.800445888866705 ], [ 88.55315186956318, 26.799173531633244 ], [ 88.55435386923574, 26.798623062004765 ], [ 88.55505627212932, 26.798437337613109 ], [ 88.555858424226983, 26.798160609024933 ], [ 88.556259913064594, 26.798067370912463 ], [ 88.556661401902261, 26.79797413280005 ], [ 88.557062888941232, 26.79788089378826 ], [ 88.557668024759607, 26.798056850643206 ], [ 88.557969764393192, 26.79805461492856 ], [ 88.558271503127401, 26.798052377415331 ], [ 88.558774499343713, 26.798048555296646 ], [ 88.559578302596663, 26.797952323341121 ], [ 88.560880833883459, 26.79740105241666 ], [ 88.562785151913261, 26.796664757672488 ], [ 88.564485681768872, 26.795659252672408 ], [ 88.565587008633599, 26.795109441347677 ], [ 88.567691568810915, 26.794281322225288 ], [ 88.567798324633031, 26.794222745783145 ], [ 88.568692290317017, 26.793732239351414 ], [ 88.569493533200045, 26.79336526469524 ], [ 88.571097682711923, 26.792811642943036 ], [ 88.572303831856402, 26.792712229186066 ], [ 88.57391385933721, 26.792790296634905 ], [ 88.574617034748428, 26.79269473917094 ], [ 88.575319362098924, 26.792508827720269 ], [ 88.576017465333791, 26.791871800143497 ], [ 88.576206682692316, 26.790606841632496 ], [ 88.57679912727798, 26.789429106568036 ], [ 88.57809121563713, 26.78779476141915 ], [ 88.579187214018759, 26.786703388250828 ], [ 88.579882718212957, 26.785795565812748 ], [ 88.580156720056664, 26.784642990181908 ], [ 88.580226061383712, 26.784351308566102 ], [ 88.580269626342215, 26.784168048316815 ], [ 88.580256811003096, 26.782814439135109 ], [ 88.580149365400928, 26.782093220625654 ], [ 88.580544839572724, 26.781368197084703 ], [ 88.581542838831012, 26.78054834542985 ], [ 88.581741418132026, 26.780276045103449 ], [ 88.58323530986172, 26.778730391994031 ], [ 88.58472916112197, 26.777184636361937 ], [ 88.585824245792367, 26.776003046803226 ], [ 88.58761713961934, 26.774184283078228 ], [ 88.58767490667168, 26.774125682354395 ], [ 88.589409976789057, 26.772365497769556 ], [ 88.590902906244196, 26.770729423224338 ], [ 88.591593642232851, 26.769554121725378 ], [ 88.591595555090862, 26.76955086707892 ], [ 88.591788956095513, 26.768737093941809 ], [ 88.591786884956832, 26.768520600145621 ], [ 88.591776871005834, 26.767473657083656 ], [ 88.591568821843737, 26.766753308218654 ], [ 88.591261937188733, 26.766214152960856 ], [ 88.591053995045911, 26.765493710566318 ], [ 88.590738565932156, 26.764052151285796 ], [ 88.590729060997432, 26.76305939777302 ], [ 88.590915518336544, 26.76152373882951 ], [ 88.591604694001489, 26.759984148949343 ], [ 88.592494082136227, 26.758352761670665 ], [ 88.593483986596766, 26.75672060007571 ], [ 88.594477294991236, 26.755449465920151 ], [ 88.595277325588143, 26.754992011372281 ], [ 88.595776589617969, 26.754627124042599 ], [ 88.596378109262389, 26.754441979713647 ], [ 88.596983163242442, 26.754617777388546 ], [ 88.597485859984488, 26.754613916598998 ], [ 88.597886296615343, 26.754430311909402 ], [ 88.598791148592682, 26.754423266620506 ], [ 88.600099119878564, 26.754503379127698 ], [ 88.601914103752961, 26.755030802729436 ], [ 88.603027052556513, 26.755744154868921 ], [ 88.603632988771494, 26.756010270557567 ], [ 88.604238825161701, 26.756276293616111 ], [ 88.604842933954274, 26.756361799357592 ], [ 88.605647360437388, 26.756355576948351 ], [ 88.606952649944901, 26.756164851426774 ], [ 88.607135081918557, 26.756074832887293 ], [ 88.608253593928282, 26.755522913551658 ], [ 88.60965419178757, 26.754789928312618 ], [ 88.610754029375016, 26.754149620908322 ], [ 88.611952645797999, 26.753327918448747 ], [ 88.613048094693852, 26.752236306060752 ], [ 88.613740407194086, 26.751057652788518 ], [ 88.613932683146857, 26.750340904808979 ], [ 88.613934497079413, 26.750334114927512 ], [ 88.613974186859309, 26.750054736037271 ], [ 88.614216798766336, 26.748346364992813 ], [ 88.614200889759331, 26.746721996922645 ], [ 88.613880875002451, 26.744829207302132 ], [ 88.613773265723694, 26.744108017571023 ], [ 88.613767061300905, 26.743476304088233 ], [ 88.614061669310672, 26.742751982018433 ], [ 88.615049388418583, 26.740939260838275 ], [ 88.616340399389969, 26.739304513692389 ], [ 88.617530075652553, 26.737580373935145 ], [ 88.618518703075722, 26.736099015157492 ], [ 88.618584847312889, 26.735887643000353 ], [ 88.618661160184445, 26.735885986449148 ], [ 88.619412657068551, 26.734767808987272 ], [ 88.620005262632844, 26.733680084368473 ], [ 88.620193928706897, 26.732415082689954 ], [ 88.620085421904776, 26.731603732326448 ], [ 88.619979542921612, 26.731062973577423 ], [ 88.619468095776085, 26.730164513081888 ], [ 88.618447950712437, 26.728638356375086 ], [ 88.617940024412633, 26.728100828890206 ], [ 88.616913288217745, 26.727691515950767 ], [ 88.616829887789152, 26.727658267115373 ], [ 88.615718888715776, 26.727125529419709 ], [ 88.614812515085589, 26.726952156316997 ], [ 88.614305485409886, 26.726504872202156 ], [ 88.613182215986512, 26.724708682359847 ], [ 88.612159495264564, 26.722911699315546 ], [ 88.611129755333991, 26.720392641607191 ], [ 88.61061755815382, 26.719403883782263 ], [ 88.610510103558511, 26.718682777688116 ], [ 88.610508438014051, 26.718512857982034 ], [ 88.610504794860447, 26.718141319266522 ], [ 88.61060095936682, 26.717689248060424 ], [ 88.610998641374238, 26.717234926750507 ], [ 88.611495955673888, 26.716689475339081 ], [ 88.611994037095201, 26.71623437071969 ], [ 88.612593587224353, 26.715868652416418 ], [ 88.615302078128479, 26.715305890854211 ], [ 88.61841342483973, 26.714830108123067 ], [ 88.620219958684231, 26.714545094080904 ], [ 88.623620370883486, 26.712803500281382 ], [ 88.624415592805406, 26.711894697582295 ], [ 88.625264693111149, 26.71088518610253 ], [ 88.625305889255458, 26.710802101335958 ], [ 88.62532318321837, 26.71081564602531 ], [ 88.625409062178562, 26.710713539698133 ], [ 88.626000617334682, 26.709535536635769 ], [ 88.626989645855531, 26.707903170894667 ], [ 88.628073855024468, 26.705728550832021 ], [ 88.628268574435197, 26.705095255441734 ], [ 88.628464273207726, 26.704552214213379 ], [ 88.628456236865873, 26.703739986111543 ], [ 88.628447320087787, 26.702837591082016 ], [ 88.628135166304958, 26.701757054744348 ], [ 88.628018221164041, 26.701476023799501 ], [ 88.627723409907503, 26.700767567569244 ], [ 88.627112441086354, 26.699960085189844 ], [ 88.6259945370183, 26.698705443701328 ], [ 88.625078614386609, 26.697539470869913 ], [ 88.624568169085819, 26.696731186295267 ], [ 88.624360948199239, 26.6961011392562 ], [ 88.624353810280184, 26.695367377002924 ], [ 88.624353045856424, 26.695288907557085 ], [ 88.624546014287205, 26.694475100245711 ], [ 88.624940050443058, 26.693659711926216 ], [ 88.62543446263038, 26.692843534901272 ], [ 88.626332661423248, 26.692204711378395 ], [ 88.627628376748248, 26.691111339916461 ], [ 88.628827993217385, 26.690470037861985 ], [ 88.630025831726812, 26.689648301228146 ], [ 88.631818480038874, 26.688009474757507 ], [ 88.633014501917785, 26.687007199222933 ], [ 88.634211388045173, 26.686095081622796 ], [ 88.635509617874618, 26.685272506820809 ], [ 88.637504946396234, 26.683812535719994 ], [ 88.638601285620894, 26.68290118164424 ], [ 88.640395486162788, 26.681442771766569 ], [ 88.642192413449152, 26.68025511088473 ], [ 88.643289574654204, 26.679433981293244 ], [ 88.64418399539511, 26.678434024210901 ], [ 88.645375240075339, 26.676980457182424 ], [ 88.646766594702626, 26.675434924582134 ], [ 88.648257381972655, 26.673798321235608 ], [ 88.650346528669445, 26.671705668981474 ], [ 88.650843363630372, 26.671160185194424 ], [ 88.651040164072356, 26.670889792330115 ], [ 88.645925638657332, 26.671289019372807 ], [ 88.64391672137964, 26.671993521284037 ], [ 88.643716238213869, 26.67206382578496 ], [ 88.638947452662876, 26.672250895562456 ], [ 88.638660089591497, 26.672262164067661 ], [ 88.635553164846726, 26.673164547405975 ], [ 88.632727167624751, 26.673689022130702 ], [ 88.630181954034015, 26.674882716564184 ], [ 88.627617128028078, 26.67576065542994 ], [ 88.625076897580811, 26.676958716971285 ], [ 88.623189985929173, 26.678528397267769 ], [ 88.62124454909673, 26.680581658316953 ], [ 88.619097641642895, 26.68224903556461 ], [ 88.617485034007188, 26.68259345342517 ], [ 88.617043869778797, 26.682687672697966 ], [ 88.615487977887938, 26.682448117586603 ], [ 88.615463239337089, 26.682118918952995 ], [ 88.615999909768107, 26.680627896959948 ], [ 88.615943309136469, 26.679820637612409 ], [ 88.615854656667125, 26.678521780955464 ], [ 88.615309841076339, 26.675869572322938 ], [ 88.61495631038548, 26.674668507046022 ], [ 88.613987611039477, 26.673663996696121 ], [ 88.613098094301677, 26.67257282497593 ], [ 88.612338892026287, 26.670744478075278 ], [ 88.61143274592456, 26.66810988806094 ], [ 88.611673713870857, 26.666310806898252 ], [ 88.612295631937911, 26.664809802430511 ], [ 88.613474281612866, 26.663604873666031 ], [ 88.616201844439615, 26.661095996283279 ], [ 88.617496047104964, 26.658829065309192 ], [ 88.619133048851154, 26.656296437730475 ], [ 88.620594331163488, 26.653774825947494 ], [ 88.622036471406091, 26.652390802593516 ], [ 88.622045505096025, 26.651253314888606 ], [ 88.621214500948497, 26.649674069402806 ], [ 88.619467734248587, 26.647978877922924 ], [ 88.618266329027904, 26.647554759444631 ], [ 88.617863941767553, 26.648227329127963 ], [ 88.616977748924057, 26.648386357144716 ], [ 88.616521223375798, 26.648468279987185 ], [ 88.615430938387135, 26.648444567562819 ], [ 88.614140350097159, 26.648107183299942 ], [ 88.613089851115774, 26.648105998892788 ], [ 88.612353579753972, 26.648560754575215 ], [ 88.61229520475996, 26.649053383406965 ], [ 88.612371383632535, 26.650185394240623 ], [ 88.612349988761025, 26.651165053624368 ], [ 88.611400518718995, 26.651870893726823 ], [ 88.609803952290633, 26.652281658172058 ], [ 88.609749636836341, 26.652238401680961 ], [ 88.609277633056365, 26.652359834438869 ], [ 88.608221123905821, 26.651523266185848 ], [ 88.608184223822946, 26.651040743935255 ], [ 88.60770556505986, 26.65057676120864 ], [ 88.60653610465755, 26.65063963371216 ], [ 88.606421131729917, 26.650320477807838 ], [ 88.605764150894913, 26.650034527571449 ], [ 88.604956095647367, 26.650079764369707 ], [ 88.604052619632739, 26.650126071361171 ], [ 88.603337609143409, 26.650359813254852 ], [ 88.602550288664929, 26.650811012118538 ], [ 88.601864412612599, 26.651333278108325 ], [ 88.601190905835722, 26.652022400713292 ], [ 88.600602769002649, 26.652710558345632 ], [ 88.599795760565939, 26.652832483032739 ], [ 88.59926440872556, 26.652910678185322 ], [ 88.598605103143029, 26.652457722945599 ], [ 88.598116495180193, 26.651998332157348 ], [ 88.598084595327862, 26.651511236854162 ], [ 88.598449120230782, 26.650274962219783 ], [ 88.599800095298235, 26.64881996616856 ], [ 88.601255944806041, 26.647684233040991 ], [ 88.60329685816356, 26.647083502101964 ], [ 88.603632425795865, 26.646655450888375 ], [ 88.603582098834863, 26.645929350858921 ], [ 88.602608731108091, 26.644924800938838 ], [ 88.601111862622417, 26.644196949030004 ], [ 88.599957807606813, 26.643198928188042 ], [ 88.599398152302967, 26.641602946318983 ], [ 88.598252346768447, 26.639390692326629 ], [ 88.597194907718858, 26.638472801978253 ], [ 88.597180882791577, 26.638473549314881 ], [ 88.597157453653608, 26.638474796674586 ], [ 88.596657908136024, 26.638501402217969 ], [ 88.596418812578179, 26.639005081919038 ], [ 88.596263829712029, 26.639417548780898 ], [ 88.596324455709123, 26.641610415188552 ], [ 88.595346210958951, 26.642054691071166 ], [ 88.595091667746317, 26.642170384355779 ], [ 88.594180968377032, 26.642054223423713 ], [ 88.5926657411311, 26.641082756863796 ], [ 88.592162592929355, 26.640294020852423 ], [ 88.592062031637511, 26.638837293606286 ], [ 88.591955264124181, 26.637294878955572 ], [ 88.592621535855244, 26.636447910043046 ], [ 88.594564701899515, 26.635690432667388 ], [ 88.595733959954373, 26.635623151687128 ], [ 88.597264640251012, 26.635542773879934 ], [ 88.597743998686667, 26.634621153143769 ], [ 88.598402866299296, 26.633607243079837 ], [ 88.598701567123669, 26.632696675910893 ], [ 88.598787727571619, 26.63131007060332 ], [ 88.599079135793545, 26.630237101161356 ], [ 88.598990807080156, 26.628942726725484 ], [ 88.599463977280777, 26.627939926886143 ], [ 88.599905243132525, 26.626450029944976 ], [ 88.600597981911392, 26.624627817319947 ], [ 88.602343697303866, 26.622333367990564 ], [ 88.602670044187221, 26.62052881355396 ], [ 88.601961755230889, 26.619430992246521 ], [ 88.601195002247607, 26.618821279778274 ], [ 88.60008641335736, 26.618544892033185 ], [ 88.596994887703943, 26.618308828089994 ], [ 88.596642589983617, 26.615722042438335 ], [ 88.595797878369467, 26.615280172242194 ], [ 88.595873812626394, 26.612431308857879 ], [ 88.596183656050925, 26.611601864134798 ], [ 88.596894992809723, 26.611481043815161 ], [ 88.599591233148942, 26.612552043741857 ], [ 88.601508503214916, 26.612850928927287 ], [ 88.602767891325186, 26.612782584049057 ], [ 88.603380564361601, 26.612428142344925 ], [ 88.604052705068341, 26.61165778667754 ], [ 88.604855137754441, 26.610150262124932 ], [ 88.605365115407835, 26.609634485643028 ], [ 88.605830075697497, 26.609850397577816 ], [ 88.60631356741726, 26.610314340734305 ], [ 88.60663593210262, 26.611105073240594 ], [ 88.607539099649784, 26.611058761752531 ], [ 88.608063652615556, 26.610867781722789 ], [ 88.608593919873556, 26.609291099304812 ], [ 88.609149940117675, 26.608120333986278 ], [ 88.609822080824415, 26.607354466835204 ], [ 88.610766250262316, 26.606653219570489 ], [ 88.611668075121599, 26.606155551837276 ], [ 88.612420489314161, 26.60574532788462 ], [ 88.611569701880285, 26.605226891208133 ], [ 88.609839235392485, 26.604993725779877 ], [ 88.607633790167313, 26.604544746442969 ], [ 88.604511546370816, 26.602440598155113 ], [ 88.604002351127633, 26.601570722610802 ], [ 88.603002867988039, 26.601545877939941 ], [ 88.602409543865406, 26.60076269973888 ], [ 88.601306338316931, 26.600499796428494 ], [ 88.598427764929454, 26.600739778717866 ], [ 88.596680069229876, 26.600344158855876 ], [ 88.596099150355542, 26.599727812988249 ], [ 88.595972887338917, 26.597865154253498 ], [ 88.596020080162646, 26.593305991678221 ], [ 88.595168205448374, 26.592697192021831 ], [ 88.593832151932304, 26.593014563671204 ], [ 88.593175535322757, 26.592728537891787 ], [ 88.593239059834787, 26.592240367898683 ], [ 88.593659788768321, 26.591806874887425 ], [ 88.593995306038607, 26.591383362552165 ], [ 88.593753214839069, 26.590578156356855 ], [ 88.593609831428637, 26.589649978663658 ], [ 88.593019841992145, 26.587648071601279 ], [ 88.592744924638623, 26.586283556341129 ], [ 88.592700794905795, 26.585634103730968 ], [ 88.592966469926694, 26.584155213592283 ], [ 88.592801340009885, 26.583105414283466 ], [ 88.59135561686827, 26.583108041203218 ], [ 88.590607594964581, 26.582741778810089 ], [ 88.589137187231472, 26.582410659224593 ], [ 88.585227896350375, 26.582138294147001 ], [ 88.583064870347528, 26.582180415693699 ], [ 88.581547151979521, 26.582422960151519 ], [ 88.581335906626862, 26.582028116404501 ], [ 88.581291907295736, 26.581383170297102 ], [ 88.581241709837116, 26.58065253678518 ], [ 88.581926101108763, 26.580044634652211 ], [ 88.582465045025856, 26.578716183105428 ], [ 88.582325657303272, 26.576609915115569 ], [ 88.582522845353083, 26.574156878437236 ], [ 88.582955280761666, 26.571290492662172 ], [ 88.58269775989379, 26.570083729280725 ], [ 88.582557290286786, 26.569358611310918 ], [ 88.582507155780661, 26.568632489697677 ], [ 88.582030074428474, 26.568249626718966 ], [ 88.582070216567274, 26.567517987764973 ], [ 88.581069912346663, 26.56741174365709 ], [ 88.581290541225542, 26.566664560820868 ], [ 88.581506212142017, 26.56592194833928 ], [ 88.58296294118685, 26.566005062783461 ], [ 88.584944003762814, 26.565892760842303 ], [ 88.586706701952778, 26.565232214195362 ], [ 88.586695414561802, 26.563684198566989 ], [ 88.589037569328411, 26.563554278007587 ], [ 88.590573439612626, 26.563555189920123 ], [ 88.591830127958076, 26.564782370609976 ], [ 88.591912209081215, 26.566000103921738 ], [ 88.593253192680777, 26.567149597575906 ], [ 88.594458616971679, 26.567569405603649 ], [ 88.596302157019011, 26.56803621489945 ], [ 88.597637914658094, 26.567718831558864 ], [ 88.600239836799062, 26.567495539787387 ], [ 88.600962065247188, 26.567455829323137 ], [ 88.600924050004949, 26.566887554017455 ], [ 88.600712772276665, 26.566492739948046 ], [ 88.599802735707726, 26.566381100807234 ], [ 88.599674457310414, 26.565818351835503 ], [ 88.599882732202389, 26.564913311000566 ], [ 88.600463303039078, 26.564071789281684 ], [ 88.601142477343501, 26.563463858370426 ], [ 88.602135480867787, 26.563407557213054 ], [ 88.602381689163678, 26.563066275288406 ], [ 88.602356027908399, 26.562664861993824 ], [ 88.601247046014407, 26.562320765191203 ], [ 88.600751491688072, 26.561694443144063 ], [ 88.600707334076276, 26.561044994131237 ], [ 88.600507234021677, 26.560731296212396 ], [ 88.599681362305091, 26.560532949835817 ], [ 88.597152554147101, 26.560588408328442 ], [ 88.595670254678566, 26.560104018185939 ], [ 88.593483026120794, 26.559817067903396 ], [ 88.591191138959971, 26.560673175726549 ], [ 88.588622337950596, 26.561469145884416 ], [ 88.584582248771824, 26.561852659972317 ], [ 88.584141945194688, 26.559397680758423 ], [ 88.583008982878312, 26.557302452845988 ], [ 88.5819196169968, 26.557282959141276 ], [ 88.581190754249974, 26.556469587101788 ], [ 88.580779524855245, 26.555761010362403 ], [ 88.5783705756416, 26.556866456122123 ], [ 88.578386196865551, 26.55654130803498 ], [ 88.578503190569847, 26.555556057566037 ], [ 88.578458605780099, 26.554865979881129 ], [ 88.577920417293456, 26.553680364956904 ], [ 88.577378814081044, 26.552977735434183 ], [ 88.576644404315857, 26.552854970780345 ], [ 88.575720566750817, 26.552458972303782 ], [ 88.57560634655573, 26.552180393810204 ], [ 88.575471583147078, 26.551500338170115 ], [ 88.575434812566584, 26.551013280638415 ], [ 88.575221926850475, 26.550492063258162 ], [ 88.574880921017723, 26.55014377471548 ], [ 88.574319873563354, 26.54985208140846 ], [ 88.574024588364125, 26.549543908024987 ], [ 88.573825072868885, 26.549266270222233 ], [ 88.573806198797115, 26.548986638622523 ], [ 88.573793390652497, 26.548783669730597 ], [ 88.574000131301091, 26.548488005017475 ], [ 88.574348416246494, 26.548267507439562 ], [ 88.574769066938927, 26.54783407198488 ], [ 88.575143014038929, 26.547288312105991 ], [ 88.575349749291547, 26.546992645594173 ], [ 88.576563287265969, 26.546925062441744 ], [ 88.578634908873994, 26.546852479058714 ], [ 88.581331630350519, 26.546619470112489 ], [ 88.583674069302901, 26.546534780056106 ], [ 88.584687563880038, 26.546153402757398 ], [ 88.584843520711956, 26.545086473162257 ], [ 88.584980018013482, 26.543699297684498 ], [ 88.584164806860429, 26.542440055264365 ], [ 88.583056065984692, 26.541364609988818 ], [ 88.581290435105529, 26.540689123804043 ], [ 88.580130432873261, 26.540264174352217 ], [ 88.579788394618788, 26.539839178135594 ], [ 88.579931556795941, 26.539300478834093 ], [ 88.58039006714796, 26.538704121298224 ], [ 88.5813907499832, 26.538124313985975 ], [ 88.582235885178022, 26.537911824870889 ], [ 88.584274447707628, 26.538002019677492 ], [ 88.586474136372374, 26.538496610829952 ], [ 88.587324839269968, 26.53832465236087 ], [ 88.587829082845928, 26.537772896701881 ], [ 88.588719854137992, 26.537595970377765 ], [ 88.589913251795167, 26.537167418241836 ], [ 88.590360047578201, 26.536453807996907 ], [ 88.59071653074335, 26.53574120409337 ], [ 88.590646776627523, 26.534685812800092 ], [ 88.589976554174712, 26.534115557187249 ], [ 88.589134098060242, 26.533790948693365 ], [ 88.587623755931645, 26.53342864061932 ], [ 88.58507049340858, 26.533123050988081 ], [ 88.581743377754719, 26.53273573276789 ], [ 88.578829655264428, 26.532488191676748 ], [ 88.578584018937363, 26.532138855423909 ], [ 88.578716000742872, 26.530783325290258 ], [ 88.5790197152877, 26.529877250234961 ], [ 88.579176824151148, 26.528891553702294 ], [ 88.579295524768725, 26.528032661578095 ], [ 88.579430325049543, 26.527250323343821 ], [ 88.579180237977653, 26.526941658031149 ], [ 88.57817520871896, 26.52683092001098 ], [ 88.577890565197492, 26.526563256589043 ], [ 88.577864449784613, 26.526121216421075 ], [ 88.577827684600038, 26.525634157990055 ], [ 88.578093975656486, 26.524927094809641 ], [ 88.578435438344854, 26.524580283853084 ], [ 88.57888888641304, 26.52398398657175 ], [ 88.578987011441484, 26.523454812889327 ], [ 88.579179771229519, 26.522874942624526 ], [ 88.579680052392575, 26.521668792580783 ], [ 88.579983676105826, 26.520758202928789 ], [ 88.580410895446505, 26.520446548269661 ], [ 88.581287743434643, 26.519994496848597 ], [ 88.584145967862185, 26.51951141881699 ], [ 88.584260406592534, 26.515786461076345 ], [ 88.584682882009474, 26.51403501790179 ], [ 88.586417194897706, 26.513920953289414 ], [ 88.589352491224531, 26.513946950891125 ], [ 88.590919642627455, 26.513717341382232 ], [ 88.592810101205259, 26.513285507620139 ], [ 88.595150444737271, 26.513462461823224 ], [ 88.595860060193672, 26.513260441716056 ], [ 88.596498595933497, 26.51263493985067 ], [ 88.597144638314489, 26.512189893249001 ], [ 88.597500804018921, 26.511824819759681 ], [ 88.597642586636141, 26.511556933305883 ], [ 88.597571818984306, 26.511156020034321 ], [ 88.597437156299804, 26.510850607569523 ], [ 88.597418236362557, 26.510570978667772 ], [ 88.597238553616421, 26.510275098117347 ], [ 88.59698789907236, 26.509925847300053 ], [ 88.596484362363469, 26.509791564129443 ], [ 88.59613728340895, 26.50936214774498 ], [ 88.596118554128054, 26.509096058136606 ], [ 88.59621519257712, 26.508828677101803 ], [ 88.596467202399538, 26.508550531182095 ], [ 88.596634312623507, 26.508300415331973 ], [ 88.596590503948676, 26.508034605412774 ], [ 88.596667637901248, 26.507808064390701 ], [ 88.597120468135131, 26.507541210358625 ], [ 88.597649845064382, 26.507368280621677 ], [ 88.597783775700748, 26.507258455413421 ], [ 88.597655631302416, 26.507061294343316 ], [ 88.597159640804819, 26.506746386836312 ], [ 88.597193526360229, 26.506294651976646 ], [ 88.597464154846932, 26.505912484173848 ], [ 88.597484177352953, 26.5055466633479 ], [ 88.5972652508907, 26.505314408932861 ], [ 88.597058414913988, 26.505230967135503 ], [ 88.596303147172534, 26.505392881076659 ], [ 88.595742774209725, 26.505137363898257 ], [ 88.595446994383337, 26.504788614902679 ], [ 88.595195233673167, 26.504358130123649 ], [ 88.594861575301536, 26.504172290618783 ], [ 88.594443208887014, 26.504028019577504 ], [ 88.594288375308338, 26.503713801850552 ], [ 88.594307286252331, 26.503266748861449 ], [ 88.594270464410442, 26.502779696725668 ], [ 88.594316604128039, 26.502124715083596 ], [ 88.594013017286954, 26.501572939639516 ], [ 88.59366603725789, 26.501148027959175 ], [ 88.593267719429775, 26.500637930695973 ], [ 88.593326136691928, 26.500145300964903 ], [ 88.593577884811566, 26.499849108349736 ], [ 88.594061844178839, 26.499658646329522 ], [ 88.594313591399157, 26.499362451915658 ], [ 88.594090198004267, 26.498805267049477 ], [ 88.593871264347456, 26.498207409444433 ], [ 88.593929678012273, 26.497714778814043 ], [ 88.593666789990436, 26.497203169790509 ], [ 88.592946004954229, 26.49658834737437 ], [ 88.592552847436025, 26.496087217251329 ], [ 88.592605069268586, 26.495508898317041 ], [ 88.592817310170801, 26.495258284242482 ], [ 88.593380376603136, 26.494985696133028 ], [ 88.594174460882698, 26.49473309635539 ], [ 88.594992650590427, 26.494773600921008 ], [ 88.596210638410298, 26.494705819018407 ], [ 88.59672737087152, 26.494347980574901 ], [ 88.596708458128887, 26.49406835167315 ], [ 88.596553569691537, 26.49374962204746 ], [ 88.596109694007225, 26.49320844691232 ], [ 88.595207934798395, 26.492564064679868 ], [ 88.594821978151856, 26.492220833924421 ], [ 88.594501691799678, 26.491547379308145 ], [ 88.59470214708648, 26.491170513908116 ], [ 88.594986674595418, 26.490706951164896 ], [ 88.595263943676116, 26.49008097985336 ], [ 88.595271139151805, 26.489512191034862 ], [ 88.59523320035197, 26.488943905836663 ], [ 88.595214790330374, 26.488700379319084 ], [ 88.59564749103896, 26.488433754614107 ], [ 88.59662869455866, 26.487569719267185 ], [ 88.598132235114633, 26.487119589697386 ], [ 88.599194692381218, 26.486692442302399 ], [ 88.600924223574111, 26.485540149958013 ], [ 88.601835667582066, 26.484351885631042 ], [ 88.602480929351486, 26.483139523969896 ], [ 88.602830940095885, 26.481614524690599 ], [ 88.602718150722126, 26.479990911151674 ], [ 88.601216218153979, 26.479100540057914 ], [ 88.599837949561788, 26.478809070682132 ], [ 88.599181922907462, 26.478518525809363 ], [ 88.600052242716913, 26.477985200856381 ], [ 88.600710832439006, 26.477011915867251 ], [ 88.60140282657926, 26.475916386931772 ], [ 88.602975888326625, 26.47579040810092 ], [ 88.604079916754813, 26.474753430426517 ], [ 88.604314738734274, 26.473604347762489 ], [ 88.604325811187323, 26.471148846941787 ], [ 88.604322171630997, 26.471141346595914 ], [ 88.604293635243152, 26.471062596561637 ], [ 88.604080466240589, 26.471053431570681 ], [ 88.603729971660925, 26.471019164702739 ], [ 88.603423854127641, 26.470991139129808 ], [ 88.603396118136402, 26.470980840993093 ], [ 88.60342690103073, 26.470735421402651 ], [ 88.603406826363994, 26.470549686219101 ], [ 88.603319897895005, 26.470363307120977 ], [ 88.60316551757461, 26.470226421312361 ], [ 88.602965791638042, 26.470154289388972 ], [ 88.602777209200895, 26.470125620800786 ], [ 88.602754447359928, 26.470122161108918 ], [ 88.602481219832498, 26.470139580976934 ], [ 88.602213206574277, 26.470187138925382 ], [ 88.601883132900298, 26.470299287981788 ], [ 88.601596670949675, 26.470492090037965 ], [ 88.60138010071114, 26.470660383769768 ], [ 88.601309848370875, 26.47071497711454 ], [ 88.601255082356204, 26.470667134980374 ], [ 88.601199560911084, 26.470618632743765 ], [ 88.601002893568761, 26.470757141828699 ], [ 88.600778670099601, 26.470870310716293 ], [ 88.600678149277201, 26.470889397028088 ], [ 88.600449609961572, 26.470897215733942 ], [ 88.600310151192559, 26.470910912408726 ], [ 88.600258757635629, 26.470917803913551 ], [ 88.600170631269691, 26.470929621005268 ], [ 88.600070588886638, 26.470908594855814 ], [ 88.599698996211771, 26.470764590013857 ], [ 88.599612928393981, 26.470749202613661 ], [ 88.599610036174283, 26.470748686402828 ], [ 88.5991649257208, 26.47076178862568 ], [ 88.599097247240252, 26.470763780624054 ], [ 88.598265826706609, 26.470779863200164 ], [ 88.598265785337787, 26.470779864099484 ], [ 88.598233412442085, 26.470780490027664 ], [ 88.597508715354991, 26.470799377589231 ], [ 88.597391801690378, 26.470802423593 ], [ 88.597144746233084, 26.470803863407639 ], [ 88.597068613225986, 26.470804305874083 ], [ 88.596335493088588, 26.470841158292899 ], [ 88.59631596161239, 26.470842140352545 ], [ 88.595619321574475, 26.470855440426305 ], [ 88.595457758368923, 26.470853872008661 ], [ 88.595135711144223, 26.470760482810078 ], [ 88.594874345674555, 26.470717828864736 ], [ 88.594702120106831, 26.470676039167927 ], [ 88.594624543687814, 26.470640184097249 ], [ 88.594575425415599, 26.470554458021866 ], [ 88.594550816367132, 26.47028342933686 ], [ 88.594538995678192, 26.470061829190115 ], [ 88.594537168255783, 26.470027548832377 ], [ 88.594560413932015, 26.469947540646558 ], [ 88.594672858865408, 26.469863384787402 ], [ 88.59495764807707, 26.469810989385678 ], [ 88.595064601750039, 26.469812027203318 ], [ 88.595186065984194, 26.469813206214553 ], [ 88.595397407564349, 26.469845345286501 ], [ 88.595473268976264, 26.469834227867352 ], [ 88.595525783987796, 26.469826532368643 ], [ 88.595810574098778, 26.469774135168279 ], [ 88.596085299896743, 26.469631375887332 ], [ 88.596113757144224, 26.469581505781889 ], [ 88.596132331741785, 26.469426233334048 ], [ 88.596091185060175, 26.469139999811205 ], [ 88.596043868130096, 26.468903852231051 ], [ 88.595416393152107, 26.468260905316583 ], [ 88.595317615215833, 26.468134581146046 ], [ 88.595313125800146, 26.468044273924136 ], [ 88.595365187553398, 26.467884309713156 ], [ 88.59550716712215, 26.467660029586739 ], [ 88.59559696442841, 26.467605740212775 ], [ 88.595614037158157, 26.467575817969703 ], [ 88.595621711073193, 26.467400380023548 ], [ 88.595607520670626, 26.467189628398671 ], [ 88.595631666568238, 26.467034408111488 ], [ 88.595689599095806, 26.46684942925782 ], [ 88.595724646575263, 26.466714372670197 ], [ 88.595720876617236, 26.466563898105449 ], [ 88.595636246815388, 26.466186977846803 ], [ 88.595615523737479, 26.466056397185014 ], [ 88.595640031162588, 26.465871091877432 ], [ 88.595624399146743, 26.46578067673687 ], [ 88.595421759406747, 26.465487861975305 ], [ 88.595351139243746, 26.465336737200687 ], [ 88.595319755602304, 26.465165935259733 ], [ 88.595327488872556, 26.464985482693919 ], [ 88.595394837301967, 26.464479657210461 ], [ 88.595512382290678, 26.46396930543915 ], [ 88.595542338708015, 26.463794083330356 ], [ 88.595546604192464, 26.463438084899735 ], [ 88.595537880768632, 26.462771052342248 ], [ 88.595532685385194, 26.462274551929056 ], [ 88.595534187253008, 26.462149199925705 ], [ 88.595519096629062, 26.462013658603496 ], [ 88.595360022746888, 26.461340151826619 ], [ 88.595275216677976, 26.460978273628484 ], [ 88.595276959564103, 26.460832865844111 ], [ 88.595312727400483, 26.460637641913706 ], [ 88.595314107859849, 26.460522319149732 ], [ 88.595298897626094, 26.460396805268374 ], [ 88.59512742479086, 26.459828485895969 ], [ 88.595031298955348, 26.45948154183975 ], [ 88.595020457628095, 26.459456362621097 ], [ 88.595015728992735, 26.459386112079471 ], [ 88.595211078828299, 26.458891557799177 ], [ 88.595288003238807, 26.458516205958176 ], [ 88.59530711832889, 26.458315806429368 ], [ 88.595288139036427, 26.458039816184623 ], [ 88.595256758992264, 26.45786901334435 ], [ 88.595155003400748, 26.457527029049174 ], [ 88.595129854759023, 26.457301125646495 ], [ 88.595121193388422, 26.456629077569914 ], [ 88.595111511287257, 26.456042269934869 ], [ 88.595096603225727, 26.45589168475351 ], [ 88.595054141735318, 26.455715760274188 ], [ 88.59506660364093, 26.455605559149262 ], [ 88.595073436689802, 26.455500316886173 ], [ 88.595120764411831, 26.455270102133568 ], [ 88.595116875743258, 26.455129655009614 ], [ 88.595080645655344, 26.45489862816919 ], [ 88.594913912247307, 26.45440055843909 ], [ 88.594827609706499, 26.454164032244364 ], [ 88.594795568660629, 26.454048383026532 ], [ 88.594810556761843, 26.453727591255358 ], [ 88.594904188777321, 26.453352400392987 ], [ 88.594991170306344, 26.453067409733251 ], [ 88.594981051134653, 26.452982062272383 ], [ 88.594857499574005, 26.452599747880129 ], [ 88.594708921679455, 26.45213753501929 ], [ 88.594707119438056, 26.452131924149057 ], [ 88.594511979144556, 26.452145073136649 ], [ 88.593932124168248, 26.452184572260251 ], [ 88.593338214586993, 26.45220597072904 ], [ 88.593274467942422, 26.452208267597541 ], [ 88.593001461648214, 26.452210629217234 ], [ 88.592980169299437, 26.45166382432609 ], [ 88.592953520588537, 26.451563271128123 ], [ 88.592939758263299, 26.451317418963754 ], [ 88.592954114141094, 26.450585417583 ], [ 88.592938813075818, 26.450003568809677 ], [ 88.592878262621753, 26.449942804317004 ], [ 88.592824065878006, 26.449816910921754 ], [ 88.592172893764086, 26.449765445419018 ], [ 88.591977998086179, 26.449758534129103 ], [ 88.591755309759776, 26.449746338422813 ], [ 88.59175004063195, 26.449721212264194 ], [ 88.591588805678896, 26.449694569848589 ], [ 88.591321557743754, 26.449681939769732 ], [ 88.591087670159936, 26.449674648066605 ], [ 88.59088181534355, 26.44965258499883 ], [ 88.590491900780648, 26.449648787161834 ], [ 88.590341079077575, 26.449647317669644 ], [ 88.59021339243418, 26.449646073007898 ], [ 88.590156628125953, 26.450197134390294 ], [ 88.590351405093315, 26.4502140749197 ], [ 88.590668666126078, 26.450237222569797 ], [ 88.590974546238385, 26.450280318981584 ], [ 88.591080139237079, 26.45030140628495 ], [ 88.591196858648175, 26.450296364685528 ], [ 88.591459154916151, 26.45028503772437 ], [ 88.591715505766047, 26.45027750410361 ], [ 88.591715541738893, 26.450278485263937 ], [ 88.591719691210812, 26.450392881726145 ], [ 88.591717402436245, 26.450583415692108 ], [ 88.59171565505352, 26.450728825275121 ], [ 88.591530331759486, 26.450852386728343 ], [ 88.591431319100138, 26.450882503224989 ], [ 88.591418504660339, 26.450886400886759 ], [ 88.591245826733598, 26.450884720053864 ], [ 88.590889511741636, 26.450866208408854 ], [ 88.59053870779519, 26.450852761745637 ], [ 88.590500137671256, 26.450817282591572 ], [ 88.590479604350321, 26.450671658070632 ], [ 88.590430136241878, 26.450616015216951 ], [ 88.590246498277338, 26.450599181706934 ], [ 88.590123953957345, 26.450597988306583 ], [ 88.589845804440358, 26.450565190031568 ], [ 88.589645173785811, 26.450569354791924 ], [ 88.589517039279997, 26.450572014986562 ], [ 88.589505235678132, 26.450627060690351 ], [ 88.589487438994183, 26.450717151175638 ], [ 88.589484061140581, 26.450997940202853 ], [ 88.589466625984073, 26.451057944768365 ], [ 88.589410019956517, 26.451132612779929 ], [ 88.589391467842006, 26.451339641211518 ], [ 88.58939071421014, 26.451348056167888 ], [ 88.588961984907712, 26.451328832259833 ], [ 88.588739535800983, 26.451296573578077 ], [ 88.588544818188893, 26.451274616630315 ], [ 88.588517396960356, 26.450778332953746 ], [ 88.588517372678666, 26.45077789678254 ], [ 88.588345478061399, 26.450782057945673 ], [ 88.588222029023484, 26.450785046392809 ], [ 88.587888055889152, 26.450761727871509 ], [ 88.587860989892818, 26.450696273414337 ], [ 88.587716163969844, 26.450694859680084 ], [ 88.5869812550809, 26.450657597170448 ], [ 88.586697172736365, 26.450654822761919 ], [ 88.586463465916268, 26.450632481803666 ], [ 88.586335470805409, 26.450621201607191 ], [ 88.586112781579686, 26.450608996907704 ], [ 88.586035161993209, 26.450578151060881 ], [ 88.585966559009535, 26.450261556425744 ], [ 88.585900019070664, 26.450235832217913 ], [ 88.585688350137332, 26.450233763777248 ], [ 88.58510329707957, 26.450243088847515 ], [ 88.584991892661776, 26.450241998869217 ], [ 88.584802824590724, 26.450229504588037 ], [ 88.584724704081907, 26.450224341580167 ], [ 88.584479130707393, 26.450262057348141 ], [ 88.584222598194401, 26.450284622237575 ], [ 88.584171316153402, 26.450379399090025 ], [ 88.584129781864021, 26.450589608423741 ], [ 88.584132808982019, 26.450800253928605 ], [ 88.58443832396955, 26.450873447951324 ], [ 88.58455517827889, 26.45088462022909 ], [ 88.58459556413402, 26.451231027390065 ], [ 88.584552578338901, 26.451561574107416 ], [ 88.584584545640325, 26.451682238844285 ], [ 88.584812988728515, 26.451679459039838 ], [ 88.584929904191767, 26.451685616697887 ], [ 88.584913922339695, 26.452086634290765 ], [ 88.584905144057188, 26.452352324600156 ], [ 88.584904118830082, 26.452898912754677 ], [ 88.584893766734012, 26.453294969687136 ], [ 88.584876754258858, 26.453319877310548 ], [ 88.584653394138911, 26.453362825334182 ], [ 88.584572200646619, 26.453627807877069 ], [ 88.584456194397887, 26.454007786730017 ], [ 88.584405636311146, 26.454042396239629 ], [ 88.584255114981602, 26.454050952389593 ], [ 88.584199410974122, 26.454050407400416 ], [ 88.583870393104235, 26.454077276445219 ], [ 88.583485611871538, 26.454108613321921 ], [ 88.583345686354392, 26.454162403572127 ], [ 88.583303663733147, 26.454412726266355 ], [ 88.583238815419065, 26.454707955707647 ], [ 88.583054505660982, 26.454746267726136 ], [ 88.582825390779192, 26.454804201153024 ], [ 88.582802442778586, 26.454859138038842 ], [ 88.582801290747057, 26.454954405021851 ], [ 88.582763807903461, 26.455290020318216 ], [ 88.582762597415979, 26.455390301021623 ], [ 88.58283937074043, 26.455491347048053 ], [ 88.582838071220067, 26.455598959924089 ], [ 88.582837915637356, 26.455611684431744 ], [ 88.582747746011705, 26.455602246946171 ], [ 88.582732197632879, 26.45560061917331 ], [ 88.582553639938567, 26.455607108681193 ], [ 88.582514828796377, 26.455608519717487 ], [ 88.582442292178087, 26.455617837593195 ], [ 88.582394006678101, 26.45559446601186 ], [ 88.582325979260588, 26.455561538234463 ], [ 88.582258647918309, 26.455600995089924 ], [ 88.58210709326778, 26.455694788983351 ], [ 88.582034434341722, 26.45571413519923 ], [ 88.58196324760587, 26.455716350229409 ], [ 88.581911822572636, 26.455717949224038 ], [ 88.581839346208938, 26.455722254278669 ], [ 88.581546780559506, 26.455498741273914 ], [ 88.581205182972894, 26.455503274756381 ], [ 88.581112164295007, 26.455504508626234 ], [ 88.580415491881524, 26.455527765094359 ], [ 88.580331812663076, 26.455536974152096 ], [ 88.579950531591805, 26.455738833280577 ], [ 88.57965861974958, 26.455921511668464 ], [ 88.579360528665518, 26.456154274200458 ], [ 88.578786991426568, 26.456589932779252 ], [ 88.578676775013207, 26.456651555225164 ], [ 88.578663589153393, 26.456658926068656 ], [ 88.57858560084486, 26.456658160745576 ], [ 88.578346373086731, 26.456630736819079 ], [ 88.578100106334887, 26.456618674212507 ], [ 88.578090250664616, 26.456618191276561 ], [ 88.57778932221953, 26.456625264444426 ], [ 88.577465988964263, 26.45664214381992 ], [ 88.577025370624426, 26.456682945161845 ], [ 88.576534434316727, 26.456738292138539 ], [ 88.576171497616599, 26.456804927405528 ], [ 88.5759764022892, 26.456813663419894 ], [ 88.575932431736419, 26.456815427889751 ], [ 88.575825906140722, 26.456819704166037 ], [ 88.575621869753547, 26.456800671813596 ], [ 88.575600527942072, 26.456798680714599 ], [ 88.575370608167077, 26.456807700914737 ], [ 88.574555460865895, 26.456837284113419 ], [ 88.574120688119308, 26.456855566431273 ], [ 88.573792038072156, 26.456902664826146 ], [ 88.573752347392997, 26.456908353038102 ], [ 88.573376473045869, 26.456893364037569 ], [ 88.572950741183831, 26.456855317319082 ], [ 88.572717281677285, 26.456811644441871 ], [ 88.572304266228969, 26.456758677071321 ], [ 88.571928713839156, 26.456717361317203 ], [ 88.571604329276454, 26.456711052573041 ], [ 88.571536040156161, 26.45670972517371 ], [ 88.571312832021647, 26.45672228420608 ], [ 88.571251714095411, 26.456725724112914 ], [ 88.571007301745624, 26.456720689708106 ], [ 88.570900818418068, 26.456718497160978 ], [ 88.570528069215072, 26.456790036431073 ], [ 88.570201367099457, 26.456854507029902 ], [ 88.569862408123697, 26.45689628863289 ], [ 88.569682254132772, 26.456935880386595 ], [ 88.568991708800354, 26.457026839617015 ], [ 88.568310207050502, 26.457061469811038 ], [ 88.568138637987829, 26.457082337679765 ], [ 88.568109666328098, 26.457401736401039 ], [ 88.568026061753415, 26.457404669989558 ], [ 88.567846045358749, 26.457432977050303 ], [ 88.567698880299133, 26.457440650965339 ], [ 88.567603543169014, 26.457445620618955 ], [ 88.567465810199053, 26.457432975251663 ], [ 88.567437939309514, 26.457178226993619 ], [ 88.56743573956777, 26.457158125347235 ], [ 88.566924886874062, 26.45724709167996 ], [ 88.56635568077013, 26.457324195954925 ], [ 88.565950148580555, 26.457342743572781 ], [ 88.5655913820367, 26.457363093432093 ], [ 88.56549856660564, 26.457368357164 ], [ 88.565147990187654, 26.457334792666586 ], [ 88.565034005614905, 26.457335432084562 ], [ 88.564905625594179, 26.457336149743583 ], [ 88.564878902239627, 26.457471280974914 ], [ 88.564803377174201, 26.457496860391871 ], [ 88.564468775413729, 26.457523628712522 ], [ 88.563912652646877, 26.457555721019787 ], [ 88.563797649142259, 26.457580391222109 ], [ 88.563778591608752, 26.457584478640854 ], [ 88.56369085464928, 26.457583608097082 ], [ 88.563557254064108, 26.457574760566786 ], [ 88.563236152926152, 26.457522679927763 ], [ 88.563196950578856, 26.457520213087435 ], [ 88.563165174832989, 26.457518213894502 ], [ 88.563010501333622, 26.457524200681348 ], [ 88.562905867911525, 26.457538204924276 ], [ 88.562706832654271, 26.457754365971255 ], [ 88.562635162083097, 26.457806309014018 ], [ 88.56259014202152, 26.457810920737472 ], [ 88.562534753676005, 26.457816594560256 ], [ 88.562363552436068, 26.457807371113347 ], [ 88.562068021721871, 26.457733032253714 ], [ 88.56206779599205, 26.45773297469708 ], [ 88.56203681524687, 26.457733400975712 ], [ 88.561908989208519, 26.457735158251012 ], [ 88.561691875779502, 26.457721717883032 ], [ 88.561458511601074, 26.457670505089766 ], [ 88.561221479088033, 26.457577884811599 ], [ 88.560977012778949, 26.457409968795048 ], [ 88.560936017183508, 26.457345625000642 ], [ 88.560932993662789, 26.457251570303754 ], [ 88.560979413069504, 26.457214422008008 ], [ 88.561065325304583, 26.457023465360692 ], [ 88.561008494446526, 26.456887504055146 ], [ 88.560964799086264, 26.456702780608907 ], [ 88.560931380279044, 26.456462375638182 ], [ 88.560930245334589, 26.456454209794003 ], [ 88.560800592773205, 26.45646420485923 ], [ 88.56081490278558, 26.456659918920195 ], [ 88.560860838357087, 26.457002627169572 ], [ 88.560505971273642, 26.457318782036225 ], [ 88.560118740287692, 26.457548111855942 ], [ 88.559917322726335, 26.457617565598241 ], [ 88.55986811002532, 26.457622607197607 ], [ 88.559783445149947, 26.457631279360101 ], [ 88.559658339560769, 26.457611228975111 ], [ 88.559480067850927, 26.457524776247453 ], [ 88.559404964567534, 26.457488354603925 ], [ 88.558945505430813, 26.457814748252076 ], [ 88.558624839564743, 26.458067303063615 ], [ 88.558302971305125, 26.45841763126873 ], [ 88.558031512744151, 26.458745894607375 ], [ 88.557933013597733, 26.458940485415098 ], [ 88.557906606804522, 26.459049290792166 ], [ 88.557908840720472, 26.459207274696041 ], [ 88.557956709834343, 26.459392041309684 ], [ 88.558092688227021, 26.459547597044036 ], [ 88.558270721616566, 26.459681005174275 ], [ 88.558437055725619, 26.459746599925722 ], [ 88.558599535340363, 26.459785828353347 ], [ 88.558700235127787, 26.459777462859677 ], [ 88.55872083499861, 26.459775752349117 ], [ 88.559092953776826, 26.459756891767199 ], [ 88.559197728392519, 26.459731608227173 ], [ 88.559439660412067, 26.459425614800352 ], [ 88.559677229820352, 26.459134621165902 ], [ 88.559816674200192, 26.459008135117415 ], [ 88.559984854617426, 26.458923304766756 ], [ 88.560245828881932, 26.458767939688698 ], [ 88.560375852863388, 26.458727863200352 ], [ 88.560656237195644, 26.458693040551452 ], [ 88.560924272037596, 26.458643052634841 ], [ 88.561079871838672, 26.458561858243229 ], [ 88.56119713174229, 26.45854045887512 ], [ 88.561310405850634, 26.458541584826321 ], [ 88.561335003207887, 26.458541829441913 ], [ 88.561719050593751, 26.458571972018945 ], [ 88.562136338721132, 26.45861749030496 ], [ 88.562278158210518, 26.458637704366595 ], [ 88.562469699417136, 26.45869225993988 ], [ 88.562552705043345, 26.458738217095117 ], [ 88.562572395699533, 26.458836199131326 ], [ 88.562637537192643, 26.458976003240025 ], [ 88.562669162751718, 26.459122995629798 ], [ 88.562733521834616, 26.459326728046108 ], [ 88.562800583380294, 26.45965084011425 ], [ 88.562815266611324, 26.459816470953399 ], [ 88.562826768940283, 26.460241577786633 ], [ 88.562808305858709, 26.460384310987195 ], [ 88.562781854998661, 26.460496879127732 ], [ 88.562679969005444, 26.460627502057605 ], [ 88.562502003065049, 26.460828827888122 ], [ 88.562396676265678, 26.460899240307754 ], [ 88.562270550845312, 26.460961924852995 ], [ 88.562144794147002, 26.460994524377838 ], [ 88.562052160378983, 26.460999776418589 ], [ 88.562031895955272, 26.46100092485284 ], [ 88.561896067749387, 26.461001647008459 ], [ 88.561785345917031, 26.461002235165097 ], [ 88.561526076767109, 26.461018464330721 ], [ 88.561066123902549, 26.461043979895805 ], [ 88.560907174126839, 26.461057442746835 ], [ 88.560714060905241, 26.461130742889509 ], [ 88.56065060833896, 26.461151071165034 ], [ 88.560634354891647, 26.461156277340365 ], [ 88.560561356021822, 26.461153985867782 ], [ 88.560458924140107, 26.461150770791505 ], [ 88.560362597755727, 26.461168617837473 ], [ 88.560110899098788, 26.461248856249767 ], [ 88.559640463736457, 26.461447268276856 ], [ 88.559564612217116, 26.461499168152159 ], [ 88.559437054176783, 26.461678426418302 ], [ 88.559373226593209, 26.461771814717508 ], [ 88.559359814104198, 26.461843140848316 ], [ 88.559367015875125, 26.461937236914025 ], [ 88.55941535083781, 26.462084398376362 ], [ 88.559513082862566, 26.462292225405918 ], [ 88.559615226061908, 26.46248129077901 ], [ 88.559627436157314, 26.462507739840362 ], [ 88.559622195807776, 26.462594189870003 ], [ 88.559645971184693, 26.462699735204694 ], [ 88.559725744647437, 26.463008930217995 ], [ 88.559723666314198, 26.463178154748107 ], [ 88.559674518364375, 26.463437173886518 ], [ 88.559659582423876, 26.463632596567152 ], [ 88.559634717967924, 26.463955794924061 ], [ 88.559632778130265, 26.464113738358378 ], [ 88.559701496227149, 26.464302470982318 ], [ 88.559766128703927, 26.464483641207153 ], [ 88.559877739066451, 26.464582537853914 ], [ 88.560077044120362, 26.464686067807861 ], [ 88.560338698272346, 26.46481654504754 ], [ 88.560862839348601, 26.465009806657292 ], [ 88.56109947166334, 26.465136272920688 ], [ 88.561439867755723, 26.465320185178427 ], [ 88.561867684246295, 26.465531290236925 ], [ 88.562049634183325, 26.465687298330181 ], [ 88.56239737503887, 26.465954022859933 ], [ 88.562579094749481, 26.466128832179891 ], [ 88.56259841758299, 26.466256898337235 ], [ 88.562616681914392, 26.466471456792362 ], [ 88.562624023979595, 26.466554270862957 ], [ 88.562517816743878, 26.466696134419124 ], [ 88.562415142045211, 26.466890685656665 ], [ 88.562274308212807, 26.467129989857199 ], [ 88.562032365401421, 26.467435986881355 ], [ 88.561922669695491, 26.467521399093357 ], [ 88.561830285938981, 26.467558092332126 ], [ 88.561679499309491, 26.467586681780006 ], [ 88.561348183671782, 26.467609938248074 ], [ 88.561257077851906, 26.467616333327157 ], [ 88.561123559104999, 26.467599961169299 ], [ 88.560998581219621, 26.467568630587891 ], [ 88.560690727994768, 26.467456501316519 ], [ 88.560180680194321, 26.467135503600673 ], [ 88.559695245039563, 26.4668523610477 ], [ 88.559188131726955, 26.466632937260272 ], [ 88.558967426405673, 26.466570563880452 ], [ 88.558833906759446, 26.466554190823274 ], [ 88.558586421426241, 26.466542567085867 ], [ 88.55852903568649, 26.466539870918382 ], [ 88.558261397445619, 26.466556010151805 ], [ 88.558106294070285, 26.466595835729265 ], [ 88.558038794554761, 26.46664781834221 ], [ 88.557974642315969, 26.466767529797721 ], [ 88.557935511015103, 26.466891253128892 ], [ 88.557933892235383, 26.467022871608265 ], [ 88.557953349967192, 26.467139655770552 ], [ 88.558013663899544, 26.467332066621623 ], [ 88.558209457100816, 26.467721401121821 ], [ 88.558318940566721, 26.467993282364148 ], [ 88.558385023649976, 26.468396365699789 ], [ 88.558377377613965, 26.46867836431511 ], [ 88.558315875677181, 26.468922216387227 ], [ 88.55817039055114, 26.469199079873704 ], [ 88.557986652761883, 26.46952821555476 ], [ 88.557855089141128, 26.469692388592932 ], [ 88.557667864680241, 26.469965075627783 ], [ 88.557517828984658, 26.470271980967198 ], [ 88.557482411883882, 26.470433349919233 ], [ 88.557477122970909, 26.470523560913648 ], [ 88.557488501193461, 26.470617699247498 ], [ 88.557508467941489, 26.470693119092232 ], [ 88.557561814825931, 26.470772630852309 ], [ 88.557631968240798, 26.470844787956651 ], [ 88.557747990677285, 26.470924924745532 ], [ 88.557885045558464, 26.470993989081364 ], [ 88.558443515555837, 26.471116143095571 ], [ 88.558530846021768, 26.471150861423155 ], [ 88.558734108092665, 26.471273236670584 ], [ 88.558845722951787, 26.471372134216665 ], [ 88.558948283436564, 26.47152078585566 ], [ 88.558955465422457, 26.471534478933108 ], [ 88.558998292936906, 26.471616122086402 ], [ 88.559015312606675, 26.471699830083139 ], [ 88.559037774074056, 26.471760386832443 ], [ 88.559090971671083, 26.471837492006728 ], [ 88.559154739899384, 26.471893819244428 ], [ 88.559254741812936, 26.471938904057254 ], [ 88.559362393359834, 26.471991026065041 ], [ 88.559452368731911, 26.472012806745681 ], [ 88.559616510293779, 26.472084056434085 ], [ 88.559775352150837, 26.472166854316924 ], [ 88.559875013221358, 26.472239782140264 ], [ 88.559979204177012, 26.472363804945701 ], [ 88.560019426355495, 26.472447743168857 ], [ 88.56007053123011, 26.472485379796467 ], [ 88.560113589870355, 26.472548460942789 ], [ 88.560110099601502, 26.472622682890574 ], [ 88.560093177058548, 26.472740860102647 ], [ 88.560044036303282, 26.47296313923755 ], [ 88.560012130155712, 26.473041719299943 ], [ 88.559933192163157, 26.47317088173088 ], [ 88.5598806043065, 26.473253897249606 ], [ 88.559797106751148, 26.473334284049997 ], [ 88.559600574307126, 26.473381058688972 ], [ 88.559319020856208, 26.473422344765424 ], [ 88.559194528604678, 26.473428488933678 ], [ 88.559084242943527, 26.473433931630666 ], [ 88.559036086945923, 26.473424465366861 ], [ 88.558935055308609, 26.473404601141453 ], [ 88.558875787287832, 26.473449647283473 ], [ 88.558820535639256, 26.473491640227053 ], [ 88.558677103665445, 26.473413634831445 ], [ 88.558523360065067, 26.473335526913104 ], [ 88.558322029737951, 26.47314324106776 ], [ 88.558088269857819, 26.472862452040602 ], [ 88.557862476172374, 26.472563178348025 ], [ 88.557633759690304, 26.472291719787108 ], [ 88.557333003015742, 26.472007943212077 ], [ 88.55691411409515, 26.471685857316515 ], [ 88.55660419782555, 26.471518011447131 ], [ 88.556450000067514, 26.471477024844887 ], [ 88.556327441358405, 26.47147235286684 ], [ 88.556285061706319, 26.471470738583776 ], [ 88.556218033435528, 26.471470070387511 ], [ 88.555967333925366, 26.471518620288123 ], [ 88.555617923928082, 26.471626518249252 ], [ 88.555207041671679, 26.471701313964502 ], [ 88.554737207955839, 26.471747674915321 ], [ 88.554548522996015, 26.471785238697862 ], [ 88.554359925270376, 26.471815842627109 ], [ 88.554160697558189, 26.471871864994625 ], [ 88.553979090262885, 26.471962870989728 ], [ 88.553867146251832, 26.472049931659058 ], [ 88.553730854895093, 26.47222957033847 ], [ 88.553693101355577, 26.472363781563331 ], [ 88.553642342720025, 26.472507145188672 ], [ 88.553659016150732, 26.472618697095243 ], [ 88.553782449900211, 26.472854300585539 ], [ 88.553846300866155, 26.472903669768584 ], [ 88.554011325562271, 26.472902997075721 ], [ 88.554020245038316, 26.472901997928886 ], [ 88.554220465602043, 26.472879561642515 ], [ 88.554595203206134, 26.472809047599526 ], [ 88.554898153327144, 26.472705329687244 ], [ 88.555073977981749, 26.472665315252129 ], [ 88.555365929394156, 26.472617179039617 ], [ 88.555451177929569, 26.472604107393693 ], [ 88.555587986396517, 26.472591549260642 ], [ 88.555663670641934, 26.472594926214924 ], [ 88.555721988978689, 26.47259752795361 ], [ 88.555840323572113, 26.472619592820024 ], [ 88.555976561868874, 26.472653438805196 ], [ 88.556045511091497, 26.47270749795274 ], [ 88.556147319743047, 26.472815258317553 ], [ 88.556266461927748, 26.47298120212082 ], [ 88.556312038669716, 26.473048949849215 ], [ 88.556324014042048, 26.473123325581071 ], [ 88.556333012658456, 26.473230158744855 ], [ 88.556382317090311, 26.473413970278557 ], [ 88.556482699417074, 26.47363773959006 ], [ 88.556549906652947, 26.47383333314184 ], [ 88.556578645388242, 26.474012297329693 ], [ 88.556635141698507, 26.474240270971791 ], [ 88.556761491050054, 26.474868066108399 ], [ 88.55674467912371, 26.474976962316987 ], [ 88.55667430627426, 26.475247758976934 ], [ 88.556598255105428, 26.475351422929862 ], [ 88.556414465155513, 26.475409922929657 ], [ 88.556114344301591, 26.475492789160967 ], [ 88.555922750934258, 26.475529103785163 ], [ 88.555881740050324, 26.475536878424236 ], [ 88.555688523406673, 26.475523348124057 ], [ 88.555485507750063, 26.475467949886024 ], [ 88.555244249322698, 26.475377362974996 ], [ 88.555062544900579, 26.475266485559928 ], [ 88.554860388995792, 26.475141480694845 ], [ 88.554721970742435, 26.475075125116973 ], [ 88.554542359941991, 26.47500371624858 ], [ 88.554360027793109, 26.474943882554214 ], [ 88.554023695737044, 26.474826818702752 ], [ 88.553720223109849, 26.474763454270033 ], [ 88.55365980935278, 26.474756369410954 ], [ 88.553612085029783, 26.474750771131255 ], [ 88.553372032593302, 26.47477157694675 ], [ 88.553167615792916, 26.47482986740448 ], [ 88.552919401109534, 26.474885397842911 ], [ 88.552795022172575, 26.474935204995745 ], [ 88.552693616417343, 26.4750038070801 ], [ 88.552633658616514, 26.475056578398437 ], [ 88.55254173441358, 26.475192570280967 ], [ 88.55249111697151, 26.475324331752574 ], [ 88.55248229462228, 26.475412423044929 ], [ 88.552496244905853, 26.475535549226265 ], [ 88.552528586325252, 26.475631013160807 ], [ 88.552645835437033, 26.475950094421364 ], [ 88.552669582035662, 26.476115087641233 ], [ 88.552649930949599, 26.476453684190233 ], [ 88.552614065986404, 26.476643606617188 ], [ 88.552544455762074, 26.47685175470474 ], [ 88.552503633735739, 26.477025385013576 ], [ 88.552530676349704, 26.477132398041761 ], [ 88.552598941188251, 26.477242145009029 ], [ 88.552871655202807, 26.477500127229121 ], [ 88.553163534669466, 26.477667800428719 ], [ 88.553586700765663, 26.477853029293897 ], [ 88.554043500607122, 26.478029309005478 ], [ 88.554148634951616, 26.478076769827112 ], [ 88.554253595726948, 26.478138151254711 ], [ 88.554607385422571, 26.478304119339668 ], [ 88.554838077715146, 26.47841548688524 ], [ 88.554973378918362, 26.478525900250133 ], [ 88.55517348257024, 26.478817961379889 ], [ 88.555230549949954, 26.47899952910501 ], [ 88.555187583939926, 26.479138329570333 ], [ 88.555081624017816, 26.479367001985622 ], [ 88.554918427643372, 26.479636871444541 ], [ 88.554661213444319, 26.480003263339995 ], [ 88.554492515916934, 26.48030092274945 ], [ 88.554428405946226, 26.480481280886465 ], [ 88.554411133567044, 26.48062730020979 ], [ 88.554446774599, 26.480873629014809 ], [ 88.554482415631014, 26.481119957819828 ], [ 88.554565153259261, 26.481311063754617 ], [ 88.554656110691042, 26.481462806363481 ], [ 88.554785773144999, 26.481612612731965 ], [ 88.554844328902732, 26.48167353010939 ], [ 88.554913169307383, 26.48173687026042 ], [ 88.554992666678288, 26.481772471722252 ], [ 88.5551416924352, 26.481815729112668 ], [ 88.555332227300482, 26.481838514336005 ], [ 88.55556157870393, 26.481850085013491 ], [ 88.555723211157328, 26.481916670817782 ], [ 88.555971046326761, 26.482102462658588 ], [ 88.556164594820245, 26.48229931616055 ], [ 88.556359864616127, 26.482565799671988 ], [ 88.55650872669645, 26.482831821831155 ], [ 88.556560471888304, 26.483027259800224 ], [ 88.556584483786935, 26.483171368963554 ], [ 88.556631414008621, 26.48333891266077 ], [ 88.556706650391675, 26.483511380146126 ], [ 88.55681228206123, 26.483728239067034 ], [ 88.556843629729769, 26.483904909983664 ], [ 88.556832952079105, 26.484143814885215 ], [ 88.556738454016511, 26.48448862664884 ], [ 88.556637073442232, 26.484791791707892 ], [ 88.556634042726955, 26.484800852377475 ], [ 88.556010454618843, 26.484764466706849 ], [ 88.555590471223354, 26.484737071558641 ], [ 88.555167768277954, 26.484721250685197 ], [ 88.554891045085697, 26.484723016054375 ], [ 88.55488409332628, 26.484723060121155 ], [ 88.554536160915177, 26.484707983886381 ], [ 88.554198425916695, 26.484702290278506 ], [ 88.55385840124427, 26.48467336898085 ], [ 88.553227710290628, 26.484585848757945 ], [ 88.552339331195242, 26.484484148025047 ], [ 88.551870877039391, 26.484414488338018 ], [ 88.55133782188301, 26.484355784192132 ], [ 88.550874181798122, 26.484314015179734 ], [ 88.550390145089182, 26.484253477316201 ], [ 88.550004056242244, 26.484196238165907 ], [ 88.549633292742328, 26.484150754953419 ], [ 88.549247088782181, 26.484102795008027 ], [ 88.548848196287281, 26.484038463804097 ], [ 88.548531636725727, 26.483988880582444 ], [ 88.548282028093183, 26.483946929906949 ], [ 88.548055251448773, 26.483935372719316 ], [ 88.54784652329846, 26.483923997194779 ], [ 88.547853231341605, 26.483798757606621 ], [ 88.547721938416771, 26.48378119744433 ], [ 88.547482356325759, 26.483762550001757 ], [ 88.547224784196487, 26.483739081293606 ], [ 88.546905389072492, 26.483710348853549 ], [ 88.546781993993875, 26.48369131020587 ], [ 88.546712360387176, 26.483680565106056 ], [ 88.546634810048488, 26.483696029847977 ], [ 88.5466193578971, 26.483697236738124 ], [ 88.546503170884705, 26.48370631089756 ], [ 88.546436594972931, 26.48366851508996 ], [ 88.546403221131811, 26.483656576589794 ], [ 88.546361968330245, 26.483656162901639 ], [ 88.54619457931642, 26.483638239413267 ], [ 88.54600401387421, 26.483617760051629 ], [ 88.545749538110726, 26.483552551109369 ], [ 88.545340190997081, 26.483499706945963 ], [ 88.545131606738323, 26.483476726569734 ], [ 88.545101071157546, 26.483443932791317 ], [ 88.545044376996486, 26.483441042370259 ], [ 88.544897614833133, 26.483423323027978 ], [ 88.544658119976305, 26.483397711235455 ], [ 88.544480419335969, 26.483379680727751 ], [ 88.54437279207076, 26.483325226777822 ], [ 88.544267485056423, 26.483291682065499 ], [ 88.544199036756197, 26.483277483569054 ], [ 88.544185181800742, 26.483274610235128 ], [ 88.544030395886125, 26.48328001605995 ], [ 88.543998273001932, 26.483282034138597 ], [ 88.543934913965188, 26.483286017235969 ], [ 88.543862748766912, 26.48328297033288 ], [ 88.54355897037027, 26.483242785925881 ], [ 88.543257855765489, 26.483195666846598 ], [ 88.542951643803349, 26.483143854205537 ], [ 88.542609449966221, 26.48308239633559 ], [ 88.542413702630313, 26.483064183265469 ], [ 88.54220016580507, 26.483024905375146 ], [ 88.542017279673757, 26.483009140259639 ], [ 88.541888509347302, 26.482996240384239 ], [ 88.541795834210461, 26.482983703834918 ], [ 88.541690441760522, 26.48295711717725 ], [ 88.541654548019039, 26.482940511195693 ], [ 88.541407694009933, 26.482884654303405 ], [ 88.541317446143296, 26.482870772368301 ], [ 88.541230110281447, 26.48285733829556 ], [ 88.541207790007547, 26.482864940264847 ], [ 88.541170549081642, 26.482877621604985 ], [ 88.540949133295896, 26.482849865828712 ], [ 88.540274659747809, 26.482759528029874 ], [ 88.540238968353776, 26.482726681191423 ], [ 88.539925110355625, 26.482667823261465 ], [ 88.539235190052011, 26.482568646925586 ], [ 88.539109150966624, 26.482550528284321 ], [ 88.538955868718404, 26.483305378740283 ], [ 88.538952560112591, 26.483321673556418 ], [ 88.538828975277056, 26.483306503792164 ], [ 88.538388287689372, 26.483285811291182 ], [ 88.537988949130749, 26.483265526183118 ], [ 88.537932158742194, 26.483262641158035 ], [ 88.537560593946296, 26.48328209259455 ], [ 88.53735435062282, 26.483290220667186 ], [ 88.537279384935744, 26.483293175839435 ], [ 88.536974318709895, 26.483281898340977 ], [ 88.536637348135173, 26.483249362668005 ], [ 88.536431093120484, 26.483217029342484 ], [ 88.53630802809306, 26.483202341614799 ], [ 88.536304926331354, 26.483188794227544 ], [ 88.536335193014793, 26.482781244858586 ], [ 88.536372760394613, 26.48219250098316 ], [ 88.535824720734354, 26.482123514888372 ], [ 88.535709084106998, 26.48210874981902 ], [ 88.535316908648497, 26.482059465172256 ], [ 88.5349749729167, 26.48201975200999 ], [ 88.534512591882674, 26.481947095781891 ], [ 88.534034424149411, 26.481928658780646 ], [ 88.533602084069003, 26.481869898876766 ], [ 88.533577135076769, 26.481851520331475 ], [ 88.533357192380606, 26.48183249967019 ], [ 88.533342221366468, 26.481831204646426 ], [ 88.533280346211086, 26.481825853680277 ], [ 88.533219811045512, 26.481834303710173 ], [ 88.532813498244423, 26.481707830252219 ], [ 88.532667932179379, 26.481670100994393 ], [ 88.53237635038829, 26.481630892351859 ], [ 88.531777910022583, 26.481565910038796 ], [ 88.531556593162293, 26.481545538595753 ], [ 88.530914029359053, 26.481384940362773 ], [ 88.530085453381048, 26.481199793335861 ], [ 88.529939549170933, 26.481189247885538 ], [ 88.529716806885176, 26.481189847733333 ], [ 88.529587035613247, 26.481190197569617 ], [ 88.52955088016904, 26.481262339385523 ], [ 88.5294471100961, 26.481505998103387 ], [ 88.529310763880687, 26.481536334933935 ], [ 88.529231655016929, 26.481795775854437 ], [ 88.529226733926691, 26.4818119168865 ], [ 88.528829528559982, 26.481762562991946 ], [ 88.528427857159954, 26.481667846394032 ], [ 88.52820179008063, 26.481624761673459 ], [ 88.527618854026969, 26.481528199666741 ], [ 88.527146579551072, 26.481441824280807 ], [ 88.526704400887468, 26.481364818031977 ], [ 88.526622190261946, 26.481363980763149 ], [ 88.526508033019354, 26.481362818839045 ], [ 88.526351717357954, 26.48137935377423 ], [ 88.52635060219859, 26.481868769328287 ], [ 88.526326074988447, 26.48221746256587 ], [ 88.526321973180586, 26.482543706027286 ], [ 88.526258020591229, 26.482824021111753 ], [ 88.526200014319272, 26.48303189040945 ], [ 88.52620299826981, 26.483195063401524 ], [ 88.526594887743954, 26.483267028050932 ], [ 88.526800988075195, 26.483296316272003 ], [ 88.527081933584441, 26.48338074462572 ], [ 88.527036585270253, 26.483783606728139 ], [ 88.527035674257036, 26.483856105574887 ], [ 88.527295740206284, 26.483999235376473 ], [ 88.527409045790876, 26.484199783293434 ], [ 88.527468841713755, 26.484250239756818 ], [ 88.527584082639351, 26.484296729310643 ], [ 88.527555569633876, 26.48444810679473 ], [ 88.527551707945008, 26.484468605941458 ], [ 88.527372271613103, 26.484440256612629 ], [ 88.527245129958828, 26.484420171153999 ], [ 88.527189881907589, 26.484809335682371 ], [ 88.527052412438934, 26.484810461633572 ], [ 88.526943098045592, 26.484811357358296 ], [ 88.526278501751506, 26.484800060974067 ], [ 88.525623468848039, 26.484781752575884 ], [ 88.525513316286549, 26.484778675095811 ], [ 88.525426974175559, 26.484794117354681 ], [ 88.525417418878817, 26.484795825167225 ], [ 88.524934035077706, 26.484790899580389 ], [ 88.524210605135352, 26.4847672447126 ], [ 88.524128623836987, 26.484764563833608 ], [ 88.524068145328727, 26.484768480381092 ], [ 88.524016853395153, 26.485642578242448 ], [ 88.524615252392039, 26.485712122816267 ], [ 88.525345253680598, 26.485728623577188 ], [ 88.526266483211714, 26.48575613203991 ], [ 88.526835185695347, 26.485784579394874 ], [ 88.52706126086855, 26.485827664115448 ], [ 88.527206828732233, 26.485865398769192 ], [ 88.527270579873402, 26.486002000392034 ], [ 88.527843864402882, 26.486066742586161 ], [ 88.52781854489001, 26.486478872202269 ], [ 88.527783070232545, 26.48649663920861 ], [ 88.527737069010584, 26.486550550867264 ], [ 88.527596391660211, 26.486925253397771 ], [ 88.527358315034292, 26.487456980255502 ], [ 88.527358049734289, 26.487457572009419 ], [ 88.526904812107432, 26.487457491969735 ], [ 88.526558395953259, 26.487372395419754 ], [ 88.526302333785736, 26.487310876395895 ], [ 88.526223134989721, 26.487201309293027 ], [ 88.52611372526826, 26.487091432823433 ], [ 88.525560293272974, 26.48704954510049 ], [ 88.525222867641276, 26.487050638676067 ], [ 88.524674586962703, 26.48699973614896 ], [ 88.52418214968651, 26.486913145825042 ], [ 88.523896277691108, 26.486819595647887 ], [ 88.523387880146629, 26.486800816904235 ], [ 88.523060983777441, 26.486765760431524 ], [ 88.522868545047402, 26.486731255243285 ], [ 88.522739407797474, 26.486708098599934 ], [ 88.522718476976195, 26.487170120804478 ], [ 88.522719059736858, 26.487523601133319 ], [ 88.522728559275663, 26.487569015098018 ], [ 88.522745675172814, 26.487809370606044 ], [ 88.522760504993357, 26.488230972781196 ], [ 88.522743869334136, 26.488751950042513 ], [ 88.522716987698857, 26.489286418033828 ], [ 88.522847492817618, 26.489282415151365 ], [ 88.52316033458186, 26.489272814888523 ], [ 88.523276030564432, 26.489272839170269 ], [ 88.523613582101177, 26.4892729057201 ], [ 88.524479449367163, 26.489299860200447 ], [ 88.524435914086212, 26.489557724609369 ], [ 88.524367901957191, 26.490159748773465 ], [ 88.524318762101245, 26.490462874262278 ], [ 88.524227227304777, 26.490933238578123 ], [ 88.524210465740452, 26.491064488335496 ], [ 88.524124404217957, 26.491099864966827 ], [ 88.524013623929648, 26.491098735418348 ], [ 88.523977078179655, 26.491601382697695 ], [ 88.524087746052714, 26.491611573815135 ], [ 88.524212498208271, 26.491610579164956 ], [ 88.524586376959803, 26.491607593415779 ], [ 88.524586676434012, 26.491608143800875 ], [ 88.524640514348334, 26.491707842642882 ], [ 88.524609217041814, 26.491793626274898 ], [ 88.524540846083255, 26.492024047871553 ], [ 88.524443289426301, 26.492172598786453 ], [ 88.524402148140666, 26.492240155858553 ], [ 88.524393234959859, 26.492548222222752 ], [ 88.524370125980568, 26.492783635056753 ], [ 88.524002072137989, 26.492816136555518 ], [ 88.523946638826374, 26.493218894336565 ], [ 88.523764500031689, 26.493285011594082 ], [ 88.52374859642066, 26.493348295087799 ], [ 88.523772745915551, 26.493430110910936 ], [ 88.523768237614149, 26.493788070762889 ], [ 88.523757710150278, 26.493824217213898 ], [ 88.523596399654195, 26.493836168304597 ], [ 88.523555886095323, 26.493853881351583 ], [ 88.523518637974803, 26.49401211077037 ], [ 88.523472089065706, 26.494171933787754 ], [ 88.52347126438741, 26.494174769350195 ], [ 88.523042322844958, 26.494166915570759 ], [ 88.522912363614751, 26.494164536863934 ], [ 88.522896286434502, 26.494241410912423 ], [ 88.522889366151389, 26.494390888129033 ], [ 88.522917753251761, 26.494536191592033 ], [ 88.523098066422676, 26.494615071128692 ], [ 88.523106425621108, 26.494751107078002 ], [ 88.523023913722682, 26.494904344360066 ], [ 88.523022884898296, 26.494985903876398 ], [ 88.523065636869717, 26.495190266717486 ], [ 88.523101269807796, 26.495559965420114 ], [ 88.523133495214665, 26.495800473812892 ], [ 88.523166233235145, 26.496000203346739 ], [ 88.523159769807592, 26.496113429791023 ], [ 88.522800919626775, 26.496213999176746 ], [ 88.522788907382221, 26.496367954117829 ], [ 88.522577007323093, 26.496397513034822 ], [ 88.522574664589172, 26.496583289587193 ], [ 88.522545356583009, 26.496921093833464 ], [ 88.522545202798938, 26.496922867296519 ], [ 88.522489201115775, 26.496922296227012 ], [ 88.52235887855943, 26.496920966129721 ], [ 88.522294452027381, 26.497237526590652 ], [ 88.521926554666834, 26.49725643213867 ], [ 88.521872997341006, 26.497509659643129 ], [ 88.521834918246952, 26.497793133146615 ], [ 88.521834089971321, 26.497799291703984 ], [ 88.521636505320544, 26.497790561984914 ], [ 88.521567306086354, 26.497787505189251 ], [ 88.521295146054229, 26.497802851220683 ], [ 88.521266079965699, 26.498110710740775 ], [ 88.520792426829075, 26.498128530807094 ], [ 88.520494799795244, 26.498166276252675 ], [ 88.52019757116102, 26.498172300811063 ], [ 88.520041118802624, 26.498197891919233 ], [ 88.519728840913331, 26.498199231909098 ], [ 88.519542001362311, 26.498238106903159 ], [ 88.519395791382749, 26.498250207281274 ], [ 88.519388578819928, 26.498422338420255 ], [ 88.519375990109893, 26.498621604803247 ], [ 88.519373757093263, 26.498798317988019 ], [ 88.519381597382846, 26.498975134594843 ], [ 88.519432184247989, 26.49935631494202 ], [ 88.519698569733237, 26.499399825041962 ], [ 88.519727297676695, 26.499517942898819 ], [ 88.519705666283528, 26.499635546343427 ], [ 88.519704693217079, 26.499712575075307 ], [ 88.519772048841048, 26.499962506564486 ], [ 88.51977565422311, 26.500075836430767 ], [ 88.51979854376782, 26.500257339404754 ], [ 88.51983980466332, 26.500579511635181 ], [ 88.51955733480321, 26.500612878281743 ], [ 88.519098953054311, 26.500617252584163 ], [ 88.519068509204374, 26.50063506815394 ], [ 88.519052942839096, 26.500671163343554 ], [ 88.519085962347333, 26.500848237156447 ], [ 88.51907800694454, 26.501079272990125 ], [ 88.519029920194725, 26.501108831907118 ], [ 88.519027245610971, 26.50111047496847 ], [ 88.518729502564554, 26.501107429864021 ], [ 88.518599190800046, 26.501106097068771 ], [ 88.518541734013866, 26.501268650427903 ], [ 88.518546198248487, 26.501314013131264 ], [ 88.518666201983706, 26.501383215962676 ], [ 88.518631804714062, 26.501713678143801 ], [ 88.51857308707838, 26.501975915955825 ], [ 88.518561984947723, 26.50205737294948 ], [ 88.518997080550889, 26.502302003834473 ], [ 88.519303074877087, 26.50240029973412 ], [ 88.519443166768781, 26.50247424019409 ], [ 88.519708473067624, 26.502603838796176 ], [ 88.51999386482504, 26.50273817592614 ], [ 88.520239029008053, 26.502867571281456 ], [ 88.520449569292225, 26.502946761084218 ], [ 88.520910082434398, 26.503173519742177 ], [ 88.521335342152383, 26.503399915973375 ], [ 88.521329334681127, 26.503476894343237 ], [ 88.521307875957746, 26.50358090363585 ], [ 88.521205267808909, 26.503729400591396 ], [ 88.52135812827504, 26.50398926868985 ], [ 88.521397329723072, 26.504075771779469 ], [ 88.521430753026891, 26.504221128302504 ], [ 88.521449812359037, 26.504307425447394 ], [ 88.521600151126108, 26.504367871580087 ], [ 88.521598378562373, 26.504508335791115 ], [ 88.521601529786835, 26.504657914631082 ], [ 88.521619673609109, 26.5048167097234 ], [ 88.521729667889929, 26.504881277449044 ], [ 88.521777170979703, 26.505108346373163 ], [ 88.521803208151596, 26.505340294119321 ], [ 88.522195640816221, 26.505374890139137 ], [ 88.522795940979961, 26.505401408448279 ], [ 88.522809164611317, 26.505551088012339 ], [ 88.522787366843545, 26.505781982652422 ], [ 88.522741028375833, 26.506208791902282 ], [ 88.522739986960914, 26.506218372380033 ], [ 88.522310045372365, 26.506188362902662 ], [ 88.522244962335208, 26.50617551518792 ], [ 88.522110329328314, 26.506148939322145 ], [ 88.52214132266397, 26.506387167933497 ], [ 88.522161757958827, 26.506564114042703 ], [ 88.522072785330863, 26.506729745781172 ], [ 88.522037933004242, 26.506797364906504 ], [ 88.522036390666926, 26.50691970508035 ], [ 88.52199673416203, 26.507068845950528 ], [ 88.521984929660846, 26.507106112956819 ], [ 88.522032833848243, 26.507201766648279 ], [ 88.522035669410684, 26.507276568658767 ], [ 88.521957126220457, 26.507513681211492 ], [ 88.521952705153296, 26.507564617013543 ], [ 88.5219627577751, 26.50796577490064 ], [ 88.521550960008881, 26.507968369444768 ], [ 88.521516921568718, 26.507971419945136 ], [ 88.521503490193993, 26.508137822402659 ], [ 88.521443660096907, 26.508388719763673 ], [ 88.521430956273662, 26.508497350672258 ], [ 88.521394218068792, 26.508714497376218 ], [ 88.521355048097064, 26.508816350094548 ], [ 88.521351253857347, 26.508826218355352 ], [ 88.521158798939496, 26.508812018959532 ], [ 88.521030448596377, 26.508802549098391 ], [ 88.521010704880212, 26.508870322007795 ], [ 88.520973837172903, 26.509097664325793 ], [ 88.520969417904382, 26.509148600127844 ], [ 88.521032772444528, 26.509217221997233 ], [ 88.521059859125273, 26.509465609350457 ], [ 88.521175239445824, 26.509602738875344 ], [ 88.521165583424988, 26.50976918000373 ], [ 88.521197219775956, 26.509956435041488 ], [ 88.521248729345416, 26.510065721555861 ], [ 88.521293326725697, 26.510123956255654 ], [ 88.521264698607013, 26.510297000206435 ], [ 88.52126204200971, 26.510507696972695 ], [ 88.521129623133675, 26.510523338881057 ], [ 88.52105475367398, 26.510532182814018 ], [ 88.520970721022024, 26.510542107732135 ], [ 88.520827529167207, 26.510513455331761 ], [ 88.52061269641888, 26.510473875269156 ], [ 88.520389141145984, 26.510452541551615 ], [ 88.520333481205228, 26.510447230155592 ], [ 88.520057439699144, 26.510468199647732 ], [ 88.519887078425995, 26.510497048100319 ], [ 88.519871625375288, 26.51052408082171 ], [ 88.519843467602016, 26.510659742653047 ], [ 88.519813635291086, 26.510927941171587 ], [ 88.519795245953901, 26.511247403744733 ], [ 88.51979427918269, 26.511264221066995 ], [ 88.519647178874266, 26.511245722911838 ], [ 88.519394958610519, 26.511175169298667 ], [ 88.519071014715621, 26.511100483300709 ], [ 88.518728572665566, 26.510995017106382 ], [ 88.518451029291612, 26.510835834406294 ], [ 88.518123095104841, 26.510778097930938 ], [ 88.517447438048862, 26.510734004171013 ], [ 88.517443659996957, 26.510733756857462 ], [ 88.517340071587114, 26.510734223605596 ], [ 88.517213204226039, 26.510734795574422 ], [ 88.516609187164306, 26.510701419934605 ], [ 88.515918549201729, 26.510646760040004 ], [ 88.515190183780021, 26.510588312200923 ], [ 88.514786664273174, 26.51053319095405 ], [ 88.514598143889259, 26.510492225036216 ], [ 88.514556854215527, 26.510483251600817 ], [ 88.514375288288988, 26.510501782131598 ], [ 88.514140924963783, 26.510512972395816 ], [ 88.513993354309889, 26.510531850064865 ], [ 88.513647628835088, 26.510581149100801 ], [ 88.513637602293556, 26.510582579922186 ], [ 88.51350917640741, 26.510581262415371 ], [ 88.51288111237352, 26.510558752384554 ], [ 88.512844593603177, 26.510557442971674 ], [ 88.512315606080392, 26.510565605218574 ], [ 88.511994324178772, 26.510579297396703 ], [ 88.51192555571987, 26.510639768710405 ], [ 88.511101723665661, 26.510661890234076 ], [ 88.510662957929242, 26.510704959666214 ], [ 88.510549165811426, 26.510741176264332 ], [ 88.510562740178386, 26.511159363713716 ], [ 88.510561573757684, 26.511251118844086 ], [ 88.510538566401749, 26.51127807332449 ], [ 88.51005386419456, 26.511368251943338 ], [ 88.510015746429588, 26.511395049941655 ], [ 88.509992971098768, 26.511700705223404 ], [ 88.510001019131778, 26.511959093937094 ], [ 88.510061023697347, 26.511993698950107 ], [ 88.510068233562208, 26.512020962797237 ], [ 88.510055648449452, 26.512119398091784 ], [ 88.510015907408274, 26.512571025032855 ], [ 88.509982735914605, 26.512606659769574 ], [ 88.509981436394241, 26.512608057316015 ], [ 88.5099198328341, 26.512607423294014 ], [ 88.5098227887907, 26.512606424147179 ], [ 88.509656499647804, 26.512611509813382 ], [ 88.509353449702019, 26.512676367120719 ], [ 88.50915659709932, 26.512708328126905 ], [ 88.509050573325339, 26.512727629376627 ], [ 88.508985709722765, 26.512777942847833 ], [ 88.508939820016735, 26.512821655295227 ], [ 88.508598736842316, 26.512906509927518 ], [ 88.508534132244449, 26.512936433969287 ], [ 88.508430111260679, 26.513095104055878 ], [ 88.5083138936713, 26.513321624393484 ], [ 88.508281858021405, 26.513464042831345 ], [ 88.508294760594765, 26.513637513060814 ], [ 88.508362941796406, 26.513920312972118 ], [ 88.508365897867975, 26.513984920267887 ], [ 88.508333515979018, 26.514154525211211 ], [ 88.508305171146787, 26.51430377759732 ], [ 88.508277749018987, 26.514677359572545 ], [ 88.507982767790566, 26.514701511765395 ], [ 88.507980172347118, 26.51490541055631 ], [ 88.507978512198633, 26.515629330629167 ], [ 88.507953035304411, 26.51584998918571 ], [ 88.507976361919646, 26.51609493933006 ], [ 88.507975367269466, 26.516173102107018 ], [ 88.507816152193755, 26.51621564543575 ], [ 88.507646038234157, 26.516224088271088 ], [ 88.507574138335883, 26.516233542843793 ], [ 88.507312109166548, 26.51633960259062 ], [ 88.5070843801401, 26.516422225105657 ], [ 88.507076279946432, 26.516478592812859 ], [ 88.507076089290138, 26.516479918413552 ], [ 88.506883440118713, 26.516477931811153 ], [ 88.50678296426247, 26.516357939767147 ], [ 88.506511291662832, 26.516331346814241 ], [ 88.506304095957319, 26.516285025433604 ], [ 88.506202322379352, 26.516266982335424 ], [ 88.505946876247378, 26.516090473296742 ], [ 88.505887745822861, 26.516049615297561 ], [ 88.505739343296113, 26.516133051699001 ], [ 88.505509966711656, 26.516344807866631 ], [ 88.505481681234642, 26.516351434970773 ], [ 88.505468285832762, 26.516354573604758 ], [ 88.505268123724989, 26.516349109323983 ], [ 88.505266691104964, 26.516350612990436 ], [ 88.505037795657813, 26.516343514641562 ], [ 88.504861024916408, 26.516322672853107 ], [ 88.504835535431653, 26.515878646982003 ], [ 88.504835081274052, 26.515870748236466 ], [ 88.504793112612106, 26.515846542983638 ], [ 88.504657735865862, 26.515895065904601 ], [ 88.504600486823051, 26.515941422358821 ], [ 88.504556279748556, 26.515977218074227 ], [ 88.504472160761679, 26.515943069916773 ], [ 88.504348807051883, 26.515877611862322 ], [ 88.50425627670586, 26.515881410598695 ], [ 88.504172916746768, 26.515787842435032 ], [ 88.504118011337198, 26.515742109211033 ], [ 88.504055354670925, 26.515728901767432 ], [ 88.504046859674872, 26.515727111217245 ], [ 88.503976814178714, 26.515728045612889 ], [ 88.503846011384383, 26.515729791196975 ], [ 88.503825451083742, 26.515684412305859 ], [ 88.503781508409929, 26.515607889892237 ], [ 88.503726542745824, 26.515566909585232 ], [ 88.503679654792279, 26.515560388601102 ], [ 88.503640647597877, 26.515554964789828 ], [ 88.503634224639825, 26.515554070863743 ], [ 88.503517857762972, 26.51556237790146 ], [ 88.50348126434892, 26.515531096782752 ], [ 88.503411175685244, 26.515432908801756 ], [ 88.503316398832794, 26.515405780752246 ], [ 88.50327746718142, 26.515350705370793 ], [ 88.503207398302834, 26.51526677883885 ], [ 88.503199391638645, 26.515257190267164 ], [ 88.503061859217496, 26.515267652979844 ], [ 88.503016376904327, 26.515269778977142 ], [ 88.502895293982704, 26.51527544020945 ], [ 88.502790344898528, 26.515217304435112 ], [ 88.502716625671781, 26.515203246232886 ], [ 88.50267172971661, 26.515194683787684 ], [ 88.50260036491494, 26.515196322352438 ], [ 88.502520650807469, 26.515231154893911 ], [ 88.502474919382109, 26.515294864666316 ], [ 88.502154967577724, 26.515312950932014 ], [ 88.501950868238055, 26.515363135800101 ], [ 88.501939752617545, 26.515612620326237 ], [ 88.501928888807242, 26.515614281374042 ], [ 88.501881507125916, 26.51562152631243 ], [ 88.501456576559804, 26.515583850114638 ], [ 88.501242159298272, 26.51557372105043 ], [ 88.501134407926656, 26.515568630887628 ], [ 88.501033741414119, 26.5155889834449 ], [ 88.500773670968215, 26.515676620579654 ], [ 88.50066404810741, 26.515719544321541 ], [ 88.500643547162042, 26.515727571670141 ], [ 88.500523822216678, 26.515718630610365 ], [ 88.50049571840276, 26.515716531592716 ], [ 88.500287609885333, 26.515666834157116 ], [ 88.500098449184122, 26.515646698336525 ], [ 88.500089705975199, 26.515645766638897 ], [ 88.500069239204095, 26.515645872758853 ], [ 88.499936441713487, 26.515646557142929 ], [ 88.500150233046895, 26.515458599734643 ], [ 88.500228187181165, 26.515354814373211 ], [ 88.500296730809509, 26.515160598582781 ], [ 88.500351789103831, 26.514987637369643 ], [ 88.500378791248295, 26.514735939611967 ], [ 88.500388910419929, 26.51435807866244 ], [ 88.500375916115672, 26.514134493711992 ], [ 88.500355120192694, 26.513901318391163 ], [ 88.500310271002263, 26.513689287930333 ], [ 88.500212432857552, 26.513488595222555 ], [ 88.500041261295223, 26.513237223918793 ], [ 88.499893833633564, 26.512988474138808 ], [ 88.499815976626053, 26.512878317980039 ], [ 88.499535427717888, 26.512502200815959 ], [ 88.49943090761036, 26.512410785629299 ], [ 88.499223933138069, 26.512273144390178 ], [ 88.498947966275693, 26.512158558170995 ], [ 88.498813776634563, 26.512114378975468 ], [ 88.498540574288143, 26.512075145151869 ], [ 88.498510476677211, 26.512070823010106 ], [ 88.498413771678258, 26.512074584874256 ], [ 88.498317496555273, 26.512078329651217 ], [ 88.498116988208494, 26.512054856446525 ], [ 88.497885171763301, 26.512000155183046 ], [ 88.497744522291953, 26.511950823771542 ], [ 88.497682630049383, 26.511929116835347 ], [ 88.497457155623295, 26.511998091238979 ], [ 88.497235978157903, 26.512103187811931 ], [ 88.497209696370476, 26.512370253184713 ], [ 88.497200616815064, 26.512379230217334 ], [ 88.497172653295365, 26.51240688437025 ], [ 88.497108819416553, 26.512393883770756 ], [ 88.496885896367075, 26.512309312424861 ], [ 88.496726439373731, 26.512266528077873 ], [ 88.496507191853482, 26.512251912295994 ], [ 88.496384039591817, 26.512230068662802 ], [ 88.496256843978244, 26.512167055865007 ], [ 88.496075748397118, 26.512029449699412 ], [ 88.495938544228466, 26.511989082730054 ], [ 88.495916345363128, 26.51198255185335 ], [ 88.495728777361251, 26.511992942620282 ], [ 88.495591280013628, 26.51202030359417 ], [ 88.495381479871469, 26.512068534235539 ], [ 88.495334514576257, 26.512079329697372 ], [ 88.495261379908811, 26.51207856977021 ], [ 88.495211679775252, 26.512032812264522 ], [ 88.495051052763927, 26.511735247283866 ], [ 88.495046461724883, 26.511726740596657 ], [ 88.494822275127945, 26.511740861751434 ], [ 88.494469944132675, 26.511765989708692 ], [ 88.494273265998459, 26.511776759090196 ], [ 88.494154283893124, 26.511783272879768 ], [ 88.493970570385557, 26.511680028010915 ], [ 88.493945500884195, 26.511665940131081 ], [ 88.493539456081066, 26.511717573807061 ], [ 88.493437229244819, 26.511730572607917 ], [ 88.493338535844828, 26.511684886148601 ], [ 88.493300893821242, 26.511667460884667 ], [ 88.49306262294175, 26.511710222748604 ], [ 88.492445751870036, 26.511851831796662 ], [ 88.492342765106571, 26.511875472275278 ], [ 88.491994560200851, 26.51157983094447 ], [ 88.491817987310299, 26.511446378747451 ], [ 88.491768604637457, 26.511375945643408 ], [ 88.491647307677169, 26.511210167315426 ], [ 88.491543921614721, 26.511073364244396 ], [ 88.491453457910836, 26.510998389564065 ], [ 88.491308301037293, 26.51091050601508 ], [ 88.490995131020554, 26.510734500596755 ], [ 88.490704024970853, 26.510620418897247 ], [ 88.490535324745508, 26.510585759025616 ], [ 88.490325380711795, 26.51055889267883 ], [ 88.489992977793747, 26.510456718003184 ], [ 88.489773223955183, 26.510398781878337 ], [ 88.489619385026629, 26.510358224252684 ], [ 88.48974004256894, 26.510573353777318 ], [ 88.489981361250898, 26.511003611927208 ], [ 88.490114091292355, 26.511346365142685 ], [ 88.490156675989851, 26.511589470777494 ], [ 88.490184751025481, 26.511894117019949 ], [ 88.490212671377719, 26.512211100162176 ], [ 88.490287993196375, 26.512396966646747 ], [ 88.490349178571819, 26.512615588238873 ], [ 88.490373796613483, 26.51283382761909 ], [ 88.490415321909609, 26.513159178953003 ], [ 88.49040852663228, 26.513331849685187 ], [ 88.490429211039327, 26.51350069380203 ], [ 88.490467014041542, 26.513760200372985 ], [ 88.490509175158365, 26.514036203208263 ], [ 88.490527739863353, 26.514369541421274 ], [ 88.490506226281354, 26.514620203159893 ], [ 88.490475833692813, 26.51485020926981 ], [ 88.490413709425184, 26.515059317833277 ], [ 88.490304866276631, 26.51534608555346 ], [ 88.490239175297745, 26.515477014252838 ], [ 88.490127986717255, 26.515591015912719 ], [ 88.489554600564418, 26.516095033758859 ], [ 88.4893045278817, 26.516343312294055 ], [ 88.488961494977048, 26.516709893047164 ], [ 88.488830216441386, 26.516963521649245 ], [ 88.48869644408569, 26.51741043074685 ], [ 88.488665889619142, 26.517652772857218 ], [ 88.488584891279743, 26.517906925764066 ], [ 88.488635556385873, 26.518232373325418 ], [ 88.488774346059301, 26.518460030406118 ], [ 88.488863914038461, 26.518604915684364 ], [ 88.48884829191519, 26.518752817288714 ], [ 88.488879560443422, 26.51916443159331 ], [ 88.488991838102891, 26.519675600848359 ], [ 88.489073867065372, 26.520050729657498 ], [ 88.489049472954889, 26.520169747735736 ], [ 88.48902070184397, 26.520431519698946 ], [ 88.489054646754596, 26.521055052049064 ], [ 88.48910250417731, 26.521685021746407 ], [ 88.489076241275598, 26.522093904809935 ], [ 88.4890572988553, 26.522477684197838 ], [ 88.489205945997696, 26.522888391985759 ], [ 88.489421556659579, 26.523532702272462 ], [ 88.489668786585298, 26.524211070784361 ], [ 88.489804619287781, 26.52454503042884 ], [ 88.489853483051832, 26.524628022565253 ], [ 88.489912884172327, 26.524781284129006 ], [ 88.489943531269034, 26.524924502064152 ], [ 88.489919947447675, 26.525073651028208 ], [ 88.489856488586156, 26.525235374313127 ], [ 88.489692340728993, 26.52564611987259 ], [ 88.489589467280155, 26.525784698205314 ], [ 88.489206919064145, 26.526053513658781 ], [ 88.488886385398416, 26.526202820004187 ], [ 88.488872761568757, 26.526209164721251 ], [ 88.48878612627874, 26.526208260902592 ], [ 88.488534023826219, 26.526160163360885 ], [ 88.488235412934046, 26.526079101169614 ], [ 88.488052063651878, 26.526018728781366 ], [ 88.487667488363968, 26.525884806238878 ], [ 88.487027326649866, 26.52569300063152 ], [ 88.486607201161462, 26.525516484398281 ], [ 88.486161428806952, 26.52536892723424 ], [ 88.486045597926079, 26.525338166823019 ], [ 88.48599592207421, 26.52532497466791 ], [ 88.485938164914444, 26.5253243721221 ], [ 88.485847291119626, 26.525372137813974 ], [ 88.485574330690895, 26.525541411806785 ], [ 88.485359294695741, 26.52569830033633 ], [ 88.485219266655918, 26.525917679157601 ], [ 88.485206256163849, 26.526086424349046 ], [ 88.485237066037826, 26.526495954924428 ], [ 88.485250287870542, 26.526590276719958 ], [ 88.485412774679844, 26.526868029635921 ], [ 88.485533997895743, 26.526986214941928 ], [ 88.485849652739319, 26.527145405735951 ], [ 88.486069477624369, 26.52717693326889 ], [ 88.486397934317267, 26.527183613433067 ], [ 88.486420864331478, 26.527182134947623 ], [ 88.486614735681542, 26.527169639767123 ], [ 88.487150630896963, 26.527048578429174 ], [ 88.48809506203753, 26.526603762953357 ], [ 88.488308922618728, 26.526537793184673 ], [ 88.488475018407428, 26.526536279625645 ], [ 88.488479908021418, 26.526538113343292 ], [ 88.488902581289153, 26.526696631444452 ], [ 88.489250350922987, 26.526885377558187 ], [ 88.48936754967275, 26.527035994215794 ], [ 88.489444331091079, 26.527241400270441 ], [ 88.489471242403965, 26.527394321890483 ], [ 88.489465120718819, 26.527589120441633 ], [ 88.489434485313325, 26.527725204954322 ], [ 88.489382313842782, 26.527851319582794 ], [ 88.489124974637946, 26.528209130147275 ], [ 88.488634380072654, 26.52873663288932 ], [ 88.488513409566281, 26.528878268917026 ], [ 88.488482436015659, 26.529040331246335 ], [ 88.48848105375771, 26.529147489964714 ], [ 88.488508844607566, 26.529232219591336 ], [ 88.488579535816996, 26.529349876095978 ], [ 88.488925680375928, 26.529665264740231 ], [ 88.489021474361607, 26.529796172755198 ], [ 88.489148543170813, 26.53002158872539 ], [ 88.489272631626704, 26.530198258742701 ], [ 88.489478242726761, 26.530492694981945 ], [ 88.4895268160098, 26.530645844130447 ], [ 88.489656158305138, 26.53097520913866 ], [ 88.489675516212174, 26.531154033931557 ], [ 88.489669898147326, 26.531309863959109 ], [ 88.489634603354318, 26.531527091602072 ], [ 88.489618197022253, 26.531679561762417 ], [ 88.489573328046731, 26.531799258828755 ], [ 88.489520778860935, 26.531954599625124 ], [ 88.489356068028201, 26.532128257812872 ], [ 88.488925898011814, 26.532448538769074 ], [ 88.488744055993436, 26.532550568653846 ], [ 88.488591974340181, 26.532584706918726 ], [ 88.488532396053301, 26.532587577554693 ], [ 88.488425786820642, 26.532592715381554 ], [ 88.488242176735127, 26.532551826805388 ], [ 88.488102224238332, 26.532485412771621 ], [ 88.48783730194998, 26.532310518016061 ], [ 88.487529605207158, 26.532092957623945 ], [ 88.487181739345829, 26.531910701917411 ], [ 88.48691341941884, 26.53171953392939 ], [ 88.486363517262589, 26.531246119113177 ], [ 88.485931827391994, 26.530845388403975 ], [ 88.485849468378319, 26.53079256492498 ], [ 88.485792908216183, 26.530774357250834 ], [ 88.485745198282359, 26.530758997729606 ], [ 88.485549798084776, 26.53079267913887 ], [ 88.485340250652087, 26.530803479996678 ], [ 88.485217174832826, 26.530828173581369 ], [ 88.485101530111592, 26.530836707248284 ], [ 88.485025551787828, 26.530848902954574 ], [ 88.484853605009903, 26.530920817241963 ], [ 88.484851308141401, 26.530921777717936 ], [ 88.484789853868733, 26.530927629606481 ], [ 88.484595165934195, 26.530906107031285 ], [ 88.484418445554866, 26.530891267318168 ], [ 88.48414513708849, 26.530807214881122 ], [ 88.483839969239227, 26.53067411341965 ], [ 88.483313125700249, 26.530373057270822 ], [ 88.483169442815608, 26.530316340626655 ], [ 88.483065089981949, 26.530289267435819 ], [ 88.482894155840654, 26.530268225098553 ], [ 88.4828343877968, 26.530260867744914 ], [ 88.482704261292668, 26.530272495978977 ], [ 88.482454753384218, 26.530302358866834 ], [ 88.482307326621878, 26.530534648355399 ], [ 88.482008105090017, 26.531057640098084 ], [ 88.481892535012548, 26.531338977711698 ], [ 88.481861004781592, 26.531543252419226 ], [ 88.481850839744538, 26.531770484120614 ], [ 88.481879797914416, 26.532043593836818 ], [ 88.481939106404695, 26.532203352103068 ], [ 88.482041988846788, 26.532344080714779 ], [ 88.482318944963424, 26.53270422861732 ], [ 88.482343500951856, 26.532759697901781 ], [ 88.482351765721489, 26.532957894091567 ], [ 88.482362162783659, 26.533549083223647 ], [ 88.482316437653537, 26.534013022782801 ], [ 88.482247923702801, 26.534285111768554 ], [ 88.482240157157605, 26.534327250402328 ], [ 88.482238433157249, 26.534460387836702 ], [ 88.482202487255051, 26.535005623410825 ], [ 88.482200586987574, 26.535431051302055 ], [ 88.482168300426792, 26.535693774747983 ], [ 88.482181352287625, 26.535801086351114 ], [ 88.482212743123682, 26.536165156197058 ], [ 88.482254676712046, 26.536272769073094 ], [ 88.482389675742979, 26.536443062897092 ], [ 88.482742583203731, 26.536794263444563 ], [ 88.482995920425424, 26.537027501717887 ], [ 88.48326407667588, 26.537231666708124 ], [ 88.483808035212689, 26.537607597712508 ], [ 88.484190460221612, 26.537910387754266 ], [ 88.484546651107109, 26.538287599393243 ], [ 88.484687322162245, 26.538578116386986 ], [ 88.484762212306293, 26.53892964788497 ], [ 88.48478248932048, 26.539037034131866 ], [ 88.484964386197532, 26.539211063739629 ], [ 88.485009974630657, 26.539315466935307 ], [ 88.485014886727697, 26.539494140642148 ], [ 88.485034953300499, 26.539617762349906 ], [ 88.485022359194602, 26.539754033921554 ], [ 88.484943478758623, 26.539990289420359 ], [ 88.48493487314596, 26.54009737259571 ], [ 88.484945788217601, 26.540370292554996 ], [ 88.484948432224428, 26.540445018123137 ], [ 88.484925132588842, 26.540571433125194 ], [ 88.484880742951987, 26.540675214889291 ], [ 88.484876730177007, 26.540684595717551 ], [ 88.484811308994779, 26.540679466883944 ], [ 88.484685553195789, 26.540669605817698 ], [ 88.484612128946651, 26.540763021096609 ], [ 88.484425191369553, 26.54097865963746 ], [ 88.484301432964799, 26.541055308855448 ], [ 88.484068945625381, 26.541163296748778 ], [ 88.483619672210182, 26.541282007258872 ], [ 88.482983039435794, 26.541369523884498 ], [ 88.482469492373241, 26.541432346025999 ], [ 88.482046161701078, 26.541499359008242 ], [ 88.481829122915769, 26.541529560940546 ], [ 88.481341057244038, 26.541576408424532 ], [ 88.481015624071858, 26.54161196761828 ], [ 88.480863865275239, 26.541620119972606 ], [ 88.480780574563937, 26.541638732341653 ], [ 88.480469624073976, 26.541671195169556 ], [ 88.480310517816179, 26.541689013437292 ], [ 88.480106593844312, 26.541721668720072 ], [ 88.479859993443995, 26.54176616177898 ], [ 88.479839770389162, 26.54176981122788 ], [ 88.479828509977835, 26.541769096266819 ], [ 88.479743565413287, 26.541763706629808 ], [ 88.479596127859054, 26.541777442874718 ], [ 88.479250220721156, 26.541809470430792 ], [ 88.478847287572307, 26.541871465196039 ], [ 88.47846180396914, 26.541897980807221 ], [ 88.47805373569139, 26.541919165237346 ], [ 88.477945939353674, 26.541933316069731 ], [ 88.477820624222488, 26.541988035319605 ], [ 88.477625897617145, 26.542154097833418 ], [ 88.477517307178061, 26.542229369289998 ], [ 88.477407088066741, 26.542380718895117 ], [ 88.477330599827383, 26.542544546593604 ], [ 88.477306185032489, 26.542662618585041 ], [ 88.4773211371608, 26.542832553579558 ], [ 88.477358699144702, 26.543023304282144 ], [ 88.477464957641757, 26.543209632118874 ], [ 88.476911897066429, 26.543512502200258 ], [ 88.476744499059464, 26.543629071424562 ], [ 88.476334550299327, 26.543923156028882 ], [ 88.476316455040433, 26.543994991175964 ], [ 88.476048751148994, 26.544347162091924 ], [ 88.475772617912071, 26.544467732399994 ], [ 88.475593606959478, 26.544478222991643 ], [ 88.47554936301276, 26.544480815737131 ], [ 88.47521205609155, 26.544466976969488 ], [ 88.474731700307757, 26.544456775060155 ], [ 88.47422880121826, 26.544420610622751 ], [ 88.473788745853994, 26.544390251309096 ], [ 88.472725488190804, 26.54433788558498 ], [ 88.472279581837313, 26.544317749764389 ], [ 88.471707916986816, 26.54429114062367 ], [ 88.471290809623213, 26.544255871910991 ], [ 88.470627974201705, 26.544202571791288 ], [ 88.470056443350245, 26.544165668111134 ], [ 88.469850950960677, 26.544132629717126 ], [ 88.469308424144515, 26.544065159879267 ], [ 88.469200092710196, 26.544038291733841 ], [ 88.469087252075099, 26.543918770934567 ], [ 88.469018621212456, 26.54391804518167 ], [ 88.468424281755233, 26.543875750065865 ], [ 88.468134140678103, 26.543855830082521 ], [ 88.468069956063687, 26.543851424303853 ], [ 88.467789508778878, 26.543863891605383 ], [ 88.467459673425253, 26.543884699219518 ], [ 88.467440293934487, 26.543885921398214 ], [ 88.467017133234151, 26.543876298652322 ], [ 88.466643181637608, 26.543864693800629 ], [ 88.466513968844652, 26.543860683723608 ], [ 88.466467811140603, 26.543891063721674 ], [ 88.466348981920021, 26.544229359897088 ], [ 88.46615618525982, 26.544227318436072 ], [ 88.466156108817415, 26.544227316637432 ], [ 88.466022982174934, 26.544225908299097 ], [ 88.465725133008561, 26.544218812648126 ], [ 88.46563413510728, 26.544216645282006 ], [ 88.4650848786643, 26.544226260833341 ], [ 88.464747303745128, 26.544232973373084 ], [ 88.464588659738922, 26.544266074719644 ], [ 88.464489192921974, 26.544286829273801 ], [ 88.464330399628295, 26.544182250710378 ], [ 88.464142068102035, 26.544149385885476 ], [ 88.463953802226229, 26.544111376938531 ], [ 88.463714535797237, 26.544036813248397 ], [ 88.463549215224134, 26.543993901197609 ], [ 88.463389411991841, 26.543966481767768 ], [ 88.463276172057761, 26.543877820305227 ], [ 88.462985702728076, 26.543782134238143 ], [ 88.462757201183933, 26.543759128680904 ], [ 88.462639675980313, 26.543749301788921 ], [ 88.462545790355989, 26.543741450707444 ], [ 88.462425414301492, 26.543760751957166 ], [ 88.462426747096742, 26.544095175651876 ], [ 88.462439315122367, 26.544445152222067 ], [ 88.462434321187004, 26.544825810962436 ], [ 88.462432971304622, 26.54492869160589 ], [ 88.462362449167756, 26.545071996775278 ], [ 88.462302554319479, 26.545277151019775 ], [ 88.462254640239507, 26.545441273695872 ], [ 88.462221671093289, 26.545545942191552 ], [ 88.462203098294424, 26.545639361967005 ], [ 88.462160031560245, 26.545836541023618 ], [ 88.462151246982501, 26.546065289881255 ], [ 88.462138795868782, 26.546132768712368 ], [ 88.461942464872891, 26.546551961603768 ], [ 88.461853553398839, 26.546717447652156 ], [ 88.461706956710714, 26.546871919703392 ], [ 88.461555465912056, 26.546958727663196 ], [ 88.461456900215808, 26.546978483969895 ], [ 88.461445189244159, 26.547089084393804 ], [ 88.461443697268862, 26.547103165978399 ], [ 88.461389165077946, 26.547096692658272 ], [ 88.461299355181154, 26.547086032094739 ], [ 88.461038416889494, 26.547140469856856 ], [ 88.46067263743231, 26.547161115593042 ], [ 88.460650684981204, 26.547162353959493 ], [ 88.46003256115381, 26.547146594239962 ], [ 88.459951207582208, 26.547144518604682 ], [ 88.459141532655678, 26.54715151173292 ], [ 88.459128487989403, 26.547151373237341 ], [ 88.458996983723864, 26.54714997389226 ], [ 88.458754554379254, 26.547116189060944 ], [ 88.458740217387174, 26.546887194688338 ], [ 88.458688726703429, 26.546845038967433 ], [ 88.458635217041717, 26.546516809802995 ], [ 88.458578662275499, 26.545980510791992 ], [ 88.458395300402856, 26.545926825762422 ], [ 88.45839466008556, 26.545926637804143 ], [ 88.458394326437087, 26.545926539778065 ], [ 88.458261343686104, 26.545925125144436 ], [ 88.458233015041685, 26.545441134300972 ], [ 88.458236710355948, 26.545160321891387 ], [ 88.458269968184538, 26.544828103334339 ], [ 88.458269996962827, 26.544827814651967 ], [ 88.458137253431573, 26.544826402716353 ], [ 88.458009815000992, 26.544825047438053 ], [ 88.457801807207716, 26.544812430849049 ], [ 88.45779530780726, 26.544427491335682 ], [ 88.457765337900071, 26.54406830570781 ], [ 88.457768623123513, 26.543818695276627 ], [ 88.457695892251706, 26.543193805849512 ], [ 88.457921926955407, 26.543154604401536 ], [ 88.45787454527408, 26.542800436091284 ], [ 88.457889528878695, 26.542540547308477 ], [ 88.45789681788392, 26.542426203906246 ], [ 88.457924050254746, 26.542114435932547 ], [ 88.457962845209181, 26.541802792065255 ], [ 88.457315982646548, 26.541743894565116 ], [ 88.45730281387381, 26.541426495936093 ], [ 88.457294948403216, 26.541145561218741 ], [ 88.457331896150151, 26.540974322207262 ], [ 88.457448007619519, 26.540939150621341 ], [ 88.45757585614092, 26.540942496998696 ], [ 88.457783273978976, 26.540947922608609 ], [ 88.457845332596094, 26.540947809294039 ], [ 88.458199619616835, 26.540947152788931 ], [ 88.458198215775099, 26.540614277726775 ], [ 88.458310940397666, 26.540397036594015 ], [ 88.458295784123209, 26.540230445278894 ], [ 88.457857478839628, 26.540142564427867 ], [ 88.4572570149993, 26.540073758197423 ], [ 88.457131669291186, 26.539931998063309 ], [ 88.457053877034866, 26.539691924942417 ], [ 88.457056821415222, 26.539468314810904 ], [ 88.457070299554744, 26.539322832382879 ], [ 88.45699208641571, 26.539118231221437 ], [ 88.456986453062427, 26.539103497628389 ], [ 88.456754848857258, 26.539127035584272 ], [ 88.45672395534632, 26.53927753443071 ], [ 88.456679650245746, 26.539308648275551 ], [ 88.456636410841725, 26.539339013884444 ], [ 88.456551161407049, 26.539307284003996 ], [ 88.4565500984084, 26.539306888302292 ], [ 88.456274791648354, 26.539303953814454 ], [ 88.456145389997801, 26.539302575153783 ], [ 88.455810540923778, 26.539262600288851 ], [ 88.455749478755479, 26.539069512248261 ], [ 88.455051077845042, 26.538973649914055 ], [ 88.455060973984814, 26.538661696679981 ], [ 88.455102883291488, 26.538552923678537 ], [ 88.455218582871339, 26.538548956768977 ], [ 88.45523206460814, 26.538403474340896 ], [ 88.455222146884637, 26.538278545018898 ], [ 88.455293992823556, 26.538092075988573 ], [ 88.45533603882717, 26.537972902327624 ], [ 88.455465598758451, 26.537984428938273 ], [ 88.455601712948749, 26.537996539208962 ], [ 88.455598302719579, 26.537986250964764 ], [ 88.455523856840557, 26.537761665968162 ], [ 88.4556339779258, 26.537742035566566 ], [ 88.455642294856091, 26.53754968766799 ], [ 88.455673806201276, 26.537352388102306 ], [ 88.456327725744018, 26.537312549034937 ], [ 88.456350618886006, 26.536891516130595 ], [ 88.456119705360152, 26.536863049889917 ], [ 88.455900558563997, 26.536819106316727 ], [ 88.455892695791363, 26.536538168901416 ], [ 88.455517521116747, 26.536487360803108 ], [ 88.455468916357461, 26.536226793931462 ], [ 88.454758077823101, 26.536198410428369 ], [ 88.454174432204354, 26.536171378606298 ], [ 88.453868704077479, 26.536116106273312 ], [ 88.453724307131154, 26.536104163276548 ], [ 88.453731666283431, 26.535984619094961 ], [ 88.453402333650843, 26.535965500407542 ], [ 88.452929015961388, 26.535903234946375 ], [ 88.452450260071487, 26.535814905333666 ], [ 88.452196117057213, 26.535755803687437 ], [ 88.452098626950146, 26.53573313267799 ], [ 88.451958775177388, 26.535814854072328 ], [ 88.451927237751875, 26.53581451682652 ], [ 88.451796897209078, 26.535813123776677 ], [ 88.451681614015342, 26.535785886909196 ], [ 88.450995622849746, 26.535627724939616 ], [ 88.450182927100457, 26.535431796839987 ], [ 88.450021323425403, 26.53540926432612 ], [ 88.449102846719086, 26.535342222565589 ], [ 88.44825880420052, 26.535292480163889 ], [ 88.448132201240128, 26.535285017589558 ], [ 88.447968464373218, 26.535423691250401 ], [ 88.447079775910993, 26.536163105742787 ], [ 88.445992027010504, 26.537087615101427 ], [ 88.445793182409489, 26.537257113924738 ], [ 88.44487033140075, 26.537954540869407 ], [ 88.444180177273438, 26.538545241669624 ], [ 88.443537099057949, 26.539074034039515 ], [ 88.443221994599412, 26.539289088021064 ], [ 88.443309298985014, 26.540116981413632 ], [ 88.443330539173076, 26.540694516139069 ], [ 88.443315107706098, 26.540985604202319 ], [ 88.443307323174508, 26.541136348563668 ], [ 88.443331396226995, 26.541500674716417 ], [ 88.442925229116099, 26.541605530271056 ], [ 88.442939673127455, 26.541824124883533 ], [ 88.442984383822306, 26.54237590932081 ], [ 88.442989797741006, 26.542838853330466 ], [ 88.442993968796657, 26.543395399677991 ], [ 88.442976464392359, 26.543842495834554 ], [ 88.442946104179441, 26.543951389345182 ], [ 88.442730105909732, 26.544105096972714 ], [ 88.442047786676085, 26.544102961082842 ], [ 88.441960645967072, 26.54413322956492 ], [ 88.441743701610619, 26.54413996818505 ], [ 88.441711890791169, 26.544140955640614 ], [ 88.441237923791221, 26.544125454925847 ], [ 88.440555882448052, 26.544102511421841 ], [ 88.440403111014803, 26.544041005887777 ], [ 88.440383328627775, 26.54403304059241 ], [ 88.44012294162053, 26.544045840643093 ], [ 88.439486530978684, 26.544070193384755 ], [ 88.439179649021639, 26.544098012113636 ], [ 88.439127577375871, 26.544102731755743 ], [ 88.43875588397691, 26.544070038701364 ], [ 88.438723268264255, 26.544067169864036 ], [ 88.438469422925607, 26.54406823915798 ], [ 88.438376292731789, 26.544068631262348 ], [ 88.438289635858041, 26.544062496087349 ], [ 88.438023813348366, 26.544049226590573 ], [ 88.437806584806083, 26.543995750203749 ], [ 88.437758684215964, 26.543983957393777 ], [ 88.437612378908227, 26.543999899675669 ], [ 88.437584954082411, 26.544002887223542 ], [ 88.437545284087662, 26.544000836769271 ], [ 88.437457824119349, 26.543996314978017 ], [ 88.437174309247041, 26.544008859621215 ], [ 88.437023151197536, 26.54406964120102 ], [ 88.436649026031773, 26.544372460920385 ], [ 88.435923893672793, 26.544978346773348 ], [ 88.435836541623132, 26.545024213097008 ], [ 88.435654945119666, 26.545199085369518 ], [ 88.435080480679687, 26.545780588803154 ], [ 88.434641007176822, 26.546212722039513 ], [ 88.434260252208958, 26.546577875568573 ], [ 88.434018123237877, 26.546891169691776 ], [ 88.434013104121505, 26.546897663696257 ], [ 88.43396591939171, 26.546894321815557 ], [ 88.433839784978147, 26.54688538795034 ], [ 88.433594094691784, 26.547095972301349 ], [ 88.433243565937858, 26.547362631180533 ], [ 88.433213473722901, 26.547450721573568 ], [ 88.43301292490662, 26.547745006726757 ], [ 88.432591060129369, 26.548156521206522 ], [ 88.432177479007521, 26.548380887667861 ], [ 88.432136657880505, 26.548406450897062 ], [ 88.432030634106525, 26.54855092968171 ], [ 88.431675781412252, 26.549139999111731 ], [ 88.431256694640808, 26.549775178581683 ], [ 88.43114906827492, 26.550039262701887 ], [ 88.431059482309308, 26.55025153238239 ], [ 88.43092203802172, 26.550582903778036 ], [ 88.430910125601883, 26.550608779971242 ], [ 88.430803680945189, 26.550784459835029 ], [ 88.430530740301492, 26.551301598789792 ], [ 88.430047827745113, 26.552383367198672 ], [ 88.429588871329429, 26.553402979863677 ], [ 88.429183133195124, 26.554334753945795 ], [ 88.428982353253048, 26.55464463424255 ], [ 88.428731478375084, 26.555240022309249 ], [ 88.428492584265427, 26.55580433430265 ], [ 88.428313743284662, 26.556202867968011 ], [ 88.428061604859238, 26.556891859271957 ], [ 88.427673607650945, 26.557792613938034 ], [ 88.427374925712286, 26.558501901141881 ], [ 88.42721384274472, 26.558869419887856 ], [ 88.427148281268217, 26.55901433484371 ], [ 88.426903590128632, 26.559578581186599 ], [ 88.42655940429313, 26.560230161592756 ], [ 88.426105541637469, 26.561296628036985 ], [ 88.425705181449018, 26.562254451881472 ], [ 88.425512868624025, 26.562793260001001 ], [ 88.425429185808355, 26.562995186578632 ], [ 88.425364458003401, 26.563077700275699 ], [ 88.425298472946224, 26.563253813612675 ], [ 88.424995515630599, 26.563848628811229 ], [ 88.424889329978669, 26.564003502859407 ], [ 88.424757075678542, 26.564376532650897 ], [ 88.424703074087631, 26.564521571713215 ], [ 88.424597026931281, 26.564666045101944 ], [ 88.424371336667889, 26.565105670590299 ], [ 88.424336149793533, 26.565141694733484 ], [ 88.423899992990357, 26.56531898438368 ], [ 88.423480833373844, 26.565522461392504 ], [ 88.423404816379218, 26.565584046066931 ], [ 88.422990175856, 26.565881188366177 ], [ 88.422768958820427, 26.565987999946287 ], [ 88.422641175050273, 26.566028215829533 ], [ 88.422581526616227, 26.566162792179171 ], [ 88.422513786082447, 26.566468907913816 ], [ 88.422486663428856, 26.566765066354776 ], [ 88.422507274990778, 26.566952524639362 ], [ 88.422515898589893, 26.567171058097927 ], [ 88.422383984233534, 26.567518083992411 ], [ 88.422269067963157, 26.567891299943597 ], [ 88.422052968070091, 26.568476651576248 ], [ 88.421826843434133, 26.568947475445668 ], [ 88.421783418769792, 26.569165441432006 ], [ 88.421746830751715, 26.569305466773926 ], [ 88.421620833934412, 26.569642154961514 ], [ 88.421477838131807, 26.569952653092514 ], [ 88.421250515598899, 26.57051187672181 ], [ 88.421035528167124, 26.5710140248774 ], [ 88.421324190758867, 26.571053577060979 ], [ 88.421340910054994, 26.57110056843652 ], [ 88.421335584269855, 26.571495780006273 ], [ 88.421351851207021, 26.572005647942376 ], [ 88.421366958918099, 26.572172241955457 ], [ 88.421395911692002, 26.572599033218864 ], [ 88.42143170021285, 26.572947885636438 ], [ 88.421500575691084, 26.573416719306181 ], [ 88.421569872951352, 26.573854350997578 ], [ 88.421579967841296, 26.573963679780036 ], [ 88.421615267130903, 26.574348934056104 ], [ 88.421634966780346, 26.574603992580251 ], [ 88.421666584245543, 26.574833177609094 ], [ 88.421687265954631, 26.575015436013587 ], [ 88.421721584083912, 26.575473490409308 ], [ 88.421746228205905, 26.575791014943434 ], [ 88.421766698574345, 26.575988872088828 ], [ 88.421788221149541, 26.576108728335214 ], [ 88.421940168803815, 26.576422437945212 ], [ 88.422046552306597, 26.576683643335514 ], [ 88.422078659902297, 26.576876425606599 ], [ 88.422093699264849, 26.577048221298412 ], [ 88.422132011283338, 26.577209866342287 ], [ 88.422128580369758, 26.577464673955603 ], [ 88.422178389321289, 26.577631645683937 ], [ 88.422193288389622, 26.577813840236615 ], [ 88.422219823785895, 26.577990959015608 ], [ 88.422262731340027, 26.578241071268451 ], [ 88.422272406246634, 26.578381601130047 ], [ 88.422296212200479, 26.57876152692296 ], [ 88.422293480959411, 26.578964333037618 ], [ 88.422300706112765, 26.579286867694861 ], [ 88.422308001413171, 26.579604203371332 ], [ 88.42231077402306, 26.579827872858118 ], [ 88.422331737219963, 26.579989329044338 ], [ 88.422348848620516, 26.580436793922956 ], [ 88.422353581752475, 26.580514858673837 ], [ 88.422353623121296, 26.580941334275224 ], [ 88.422374376776133, 26.581118391000985 ], [ 88.422397272616081, 26.581565918832155 ], [ 88.422427702076845, 26.581883506318832 ], [ 88.422446985340173, 26.582169765022684 ], [ 88.422466549191938, 26.582435225105598 ], [ 88.42245628433011, 26.582767970665373 ], [ 88.422363395154605, 26.58279296462365 ], [ 88.422356976693152, 26.58279361483352 ], [ 88.422270717319805, 26.582802357143123 ], [ 88.422111006717671, 26.582764606301566 ], [ 88.422109263831544, 26.582764194412107 ], [ 88.422039930598373, 26.582758237302869 ], [ 88.421802589617869, 26.582771254989495 ], [ 88.421466506673994, 26.58281440356194 ], [ 88.421477770682657, 26.583159085823183 ], [ 88.421496254448641, 26.58339722899899 ], [ 88.421568657967271, 26.583819291627037 ], [ 88.421583802550515, 26.583983284800809 ], [ 88.421588146276008, 26.584626943978321 ], [ 88.421597510017136, 26.585219949740917 ], [ 88.421058777440692, 26.585276491916602 ], [ 88.420728364722322, 26.585327500563778 ], [ 88.42081838326186, 26.58573025204953 ], [ 88.420947442270688, 26.58613342801533 ], [ 88.42096290071737, 26.586274020829421 ], [ 88.420945417896803, 26.586605387728525 ], [ 88.420877143165683, 26.586842584817475 ], [ 88.420732915291865, 26.587242784027296 ], [ 88.420555586970806, 26.587845455703246 ], [ 88.420378414232516, 26.588436428098703 ], [ 88.420274223276863, 26.588762947651958 ], [ 88.420155606296248, 26.589205709076282 ], [ 88.4201554399217, 26.589206331407127 ], [ 88.419895212993765, 26.589199592787054 ], [ 88.419718655391705, 26.589177512632148 ], [ 88.419587689820105, 26.589161134179051 ], [ 88.419465722864857, 26.589518665953733 ], [ 88.419348567282611, 26.589841143953663 ], [ 88.419142598252392, 26.590314780902474 ], [ 88.419128846718934, 26.590369239348945 ], [ 88.419105526398994, 26.59048990588451 ], [ 88.419124636093159, 26.590681247441694 ], [ 88.419129470848475, 26.590966049243832 ], [ 88.419132282129169, 26.591079198346392 ], [ 88.419198743826996, 26.591298362229679 ], [ 88.419231606853259, 26.591435244441016 ], [ 88.419289468334341, 26.591970267314025 ], [ 88.419325407041981, 26.592200798628028 ], [ 88.41939612433174, 26.592747662874388 ], [ 88.419468760774748, 26.593473979640521 ], [ 88.41949205411504, 26.593677069041576 ], [ 88.419610019986465, 26.594259553635538 ], [ 88.419648718713461, 26.594607136210414 ], [ 88.419668778991024, 26.594728274890031 ], [ 88.419741393850302, 26.595134736978594 ], [ 88.419774756000265, 26.595556373328009 ], [ 88.419777120317917, 26.596024477647575 ], [ 88.419767520055075, 26.596414439874536 ], [ 88.419779401897927, 26.596820239162753 ], [ 88.419710172086809, 26.59712763643131 ], [ 88.419704464089818, 26.597228990925259 ], [ 88.419743322896068, 26.597564870622307 ], [ 88.41975546734102, 26.59795116991063 ], [ 88.419783257291556, 26.598142604997292 ], [ 88.419842808598787, 26.59855282355403 ], [ 88.419841545950646, 26.59864642679122 ], [ 88.419795952121547, 26.598809758063908 ], [ 88.419741630372016, 26.598976894368207 ], [ 88.419727351835888, 26.599070353713898 ], [ 88.419686306777692, 26.599218132111162 ], [ 88.419600036612451, 26.599501939263121 ], [ 88.41955110539925, 26.59959112143315 ], [ 88.41953937734047, 26.599817231679936 ], [ 88.419462308139089, 26.600062132361586 ], [ 88.419374669205695, 26.600447341671554 ], [ 88.419360337609533, 26.600544703175558 ], [ 88.419318661227294, 26.600739282292068 ], [ 88.419308088797322, 26.600879590021123 ], [ 88.419296098136499, 26.601125200267802 ], [ 88.419297804150403, 26.60132025242774 ], [ 88.419310631180736, 26.601655847939071 ], [ 88.419313970363476, 26.601729997041787 ], [ 88.419198644002279, 26.601915972344273 ], [ 88.419078032325388, 26.602172099263043 ], [ 88.419000383061302, 26.602459901203531 ], [ 88.418949501218549, 26.602693385891087 ], [ 88.418899220122967, 26.603203823097999 ], [ 88.41885564617121, 26.603538805271683 ], [ 88.418783858688187, 26.603713550739826 ], [ 88.418761008713659, 26.60379911583658 ], [ 88.418673838327038, 26.604149223707736 ], [ 88.418604864822726, 26.60443712007708 ], [ 88.418567101390693, 26.604662946138092 ], [ 88.418483795390898, 26.605048203112119 ], [ 88.418349739748749, 26.605335388117737 ], [ 88.418297308374122, 26.605362121364863 ], [ 88.418257838928184, 26.605392894366616 ], [ 88.418124785130772, 26.605605978832898 ], [ 88.418021205714126, 26.60588569586821 ], [ 88.417971478600919, 26.606033378038035 ], [ 88.417902712839975, 26.60630567296846 ], [ 88.417850983835876, 26.606601558015541 ], [ 88.417831996449536, 26.606722271315846 ], [ 88.417788312780488, 26.607065050611652 ], [ 88.417767112162551, 26.607349568228017 ], [ 88.4177044923685, 26.607809161363775 ], [ 88.417674246369415, 26.608120882572734 ], [ 88.417621252019217, 26.608510369058308 ], [ 88.417593966588356, 26.60864531772728 ], [ 88.417570101279182, 26.608763353745815 ], [ 88.417521397594498, 26.608950955921955 ], [ 88.417432773004123, 26.609292343067239 ], [ 88.417344963199525, 26.609689249859059 ], [ 88.417306772589541, 26.609946276999153 ], [ 88.417229342760038, 26.610538328581072 ], [ 88.41717037331415, 26.611048669560489 ], [ 88.417109224810929, 26.611399060718156 ], [ 88.417018865428361, 26.611663318407466 ], [ 88.416822263736549, 26.612082441151813 ], [ 88.416803643273568, 26.612175852833388 ], [ 88.416787306189292, 26.612421415416065 ], [ 88.416762027145921, 26.61268638356978 ], [ 88.416721026154505, 26.612830258909355 ], [ 88.416706532680394, 26.612939318794588 ], [ 88.416676862247471, 26.613208138744653 ], [ 88.416680741922733, 26.613563140726399 ], [ 88.416676629323035, 26.613867346301049 ], [ 88.416667387889675, 26.614230005110699 ], [ 88.416676450357954, 26.614522651699076 ], [ 88.41668856962184, 26.614589096309771 ], [ 88.416806843960728, 26.614828326765917 ], [ 88.416813836189647, 26.614953222813028 ], [ 88.416827554448162, 26.615222516705842 ], [ 88.416830943093601, 26.615292766348148 ], [ 88.416867410602549, 26.615484296762929 ], [ 88.416899856343377, 26.615652378254708 ], [ 88.416986756933341, 26.61596537919894 ], [ 88.417064190360179, 26.616336784814791 ], [ 88.417110776141442, 26.616742960019621 ], [ 88.417181235325813, 26.617309321567973 ], [ 88.417235709960096, 26.617774092100717 ], [ 88.417307012708534, 26.61827805418892 ], [ 88.417378581656294, 26.618762513579213 ], [ 88.417415368424599, 26.618930642735052 ], [ 88.417523599134825, 26.619271180020974 ], [ 88.417575633009108, 26.619595500731805 ], [ 88.417599137690104, 26.619782987794679 ], [ 88.417600367962677, 26.620013138695469 ], [ 88.417555344303764, 26.620133566910624 ], [ 88.417584822281754, 26.620200200378974 ], [ 88.417716484827963, 26.620190888798504 ], [ 88.417728170618659, 26.620190063220889 ], [ 88.417734078265141, 26.620202130324117 ], [ 88.417749286700257, 26.620233200102177 ], [ 88.417786022207224, 26.620405229617688 ], [ 88.41780371277116, 26.620701870994594 ], [ 88.417796054144617, 26.62094752800607 ], [ 88.417806226376285, 26.621158272436389 ], [ 88.417817359083926, 26.621314122248975 ], [ 88.417868543998168, 26.621553828446451 ], [ 88.417480923605808, 26.621598513060974 ], [ 88.417347539757202, 26.621624232772149 ], [ 88.417243650973774, 26.621704626767155 ], [ 88.417133790691935, 26.62177951960922 ], [ 88.416841661213766, 26.621917643784286 ], [ 88.416592882655493, 26.621980147565807 ], [ 88.416271035979605, 26.622079901266488 ], [ 88.415737346801166, 26.622193643921605 ], [ 88.415730419323438, 26.622258789011937 ], [ 88.415609198805555, 26.622279206320343 ], [ 88.414943152804312, 26.622342582444276 ], [ 88.414682648885218, 26.622377780110526 ], [ 88.414446253991514, 26.622418676780569 ], [ 88.4144390306368, 26.622505560283457 ], [ 88.414316560061252, 26.622618360449053 ], [ 88.414403429174968, 26.622901937374536 ], [ 88.414482631568262, 26.623305006321061 ], [ 88.41455741019638, 26.623588451945579 ], [ 88.414689945084945, 26.623573683278892 ], [ 88.414690650153432, 26.623573604138585 ], [ 88.414695172844006, 26.623591277615446 ], [ 88.414788288648651, 26.623955133422726 ], [ 88.414845736441634, 26.624178602360644 ], [ 88.414808280577745, 26.624265155812338 ], [ 88.414813224151033, 26.624346737811777 ], [ 88.414865802115116, 26.624483191945785 ], [ 88.414994390778588, 26.6244636271947 ], [ 88.415132431316692, 26.624442625326935 ], [ 88.415139315626959, 26.624465325114727 ], [ 88.415236634862879, 26.624786179838395 ], [ 88.41535772497906, 26.62522231595716 ], [ 88.415374541402002, 26.625320333066952 ], [ 88.415391504414458, 26.625407480071203 ], [ 88.415454633224783, 26.625658186775922 ], [ 88.415500944712903, 26.625810878169546 ], [ 88.415581405257683, 26.626121560661545 ], [ 88.415603090610205, 26.626306594373887 ], [ 88.415704850698376, 26.626383797574249 ], [ 88.415761641086931, 26.626656177041014 ], [ 88.415812090355757, 26.626950224773111 ], [ 88.415761291250647, 26.627129031579614 ], [ 88.415797149019284, 26.627607717322348 ], [ 88.415829091139699, 26.627928740219261 ], [ 88.41603371928079, 26.628001632069697 ], [ 88.416050461959287, 26.628105082883337 ], [ 88.416100617149823, 26.628420870826574 ], [ 88.416015451352052, 26.628457985847433 ], [ 88.416123795376905, 26.628942897596687 ], [ 88.416108025764856, 26.629214483861404 ], [ 88.415883858953009, 26.62924464532415 ], [ 88.415875607673229, 26.629407610572798 ], [ 88.415851072369151, 26.629880200710772 ], [ 88.41585344388136, 26.630151983926964 ], [ 88.415861787791357, 26.630429268296155 ], [ 88.415889228804929, 26.630636103373547 ], [ 88.415875516841709, 26.630755527046006 ], [ 88.415871620079258, 26.631043545723116 ], [ 88.415892648027352, 26.631277488165608 ], [ 88.415936463896742, 26.631614946172874 ], [ 88.415566802965657, 26.631670693347871 ], [ 88.414888021664922, 26.631777412297765 ], [ 88.414681549014347, 26.631840377431502 ], [ 88.414722772138305, 26.631922354233325 ], [ 88.414843501626365, 26.63238566156906 ], [ 88.415050594809145, 26.633170587152904 ], [ 88.41480238102514, 26.633189614109426 ], [ 88.414082439552999, 26.633208916258525 ], [ 88.413773462175584, 26.633249017927881 ], [ 88.4137833466242, 26.633412181027381 ], [ 88.413552389031565, 26.633496614777016 ], [ 88.413455199298085, 26.633528162095047 ], [ 88.413188546714139, 26.633568726015938 ], [ 88.412552081213619, 26.633675897324849 ], [ 88.412127694737364, 26.633752776769256 ], [ 88.412097092606814, 26.633779617035771 ], [ 88.412081240257066, 26.634056637004221 ], [ 88.411971291841724, 26.634136959952798 ], [ 88.411751909423117, 26.634259565426646 ], [ 88.411352223726226, 26.634298667049904 ], [ 88.411006887657777, 26.634343798627469 ], [ 88.410806897320526, 26.634358232746308 ], [ 88.41067998769131, 26.634367392341346 ], [ 88.410498137579054, 26.634398009760389 ], [ 88.410036287144976, 26.634561434562613 ], [ 88.409501796670611, 26.634729498067941 ], [ 88.409270017097697, 26.634799396974643 ], [ 88.409256968834086, 26.634847902808531 ], [ 88.409134730283654, 26.634930713281847 ], [ 88.408677979005574, 26.635544589611186 ], [ 88.408462175888758, 26.636000446063804 ], [ 88.408085807813848, 26.636862411171364 ], [ 88.407694315840047, 26.637679295962812 ], [ 88.406459670777224, 26.640116459606986 ], [ 88.403105466644035, 26.641340141934052 ], [ 88.401483521347473, 26.641448672118599 ], [ 88.400413908175381, 26.641864093253332 ], [ 88.399896770119881, 26.642441796152013 ], [ 88.399741246761209, 26.642852449980637 ], [ 88.399741316008999, 26.643484280375276 ], [ 88.399742182955436, 26.643485750766843 ], [ 88.399748024951464, 26.643495671188305 ], [ 88.40001767317716, 26.643953512444682 ], [ 88.400080870335955, 26.644080965264379 ], [ 88.400081044804438, 26.644081317798623 ], [ 88.400263823916418, 26.644449942710764 ], [ 88.400475005417206, 26.645686335156313 ], [ 88.400486338673659, 26.645908295931179 ], [ 88.400555659316296, 26.647265791083441 ], [ 88.400676420280604, 26.648254097448671 ], [ 88.400982905636624, 26.649025719361532 ], [ 88.401063617092291, 26.649809501907043 ], [ 88.401073515930079, 26.649905631339891 ], [ 88.401068717147609, 26.649922175268216 ], [ 88.400802516922681, 26.650839840786091 ], [ 88.400616949912376, 26.651999707220739 ], [ 88.400623384561584, 26.652036595612458 ], [ 88.400707473870852, 26.652518614242695 ], [ 88.400863329079414, 26.653154863905911 ], [ 88.400861222867206, 26.653214345066033 ], [ 88.400833298917689, 26.654003285223496 ], [ 88.399713742795029, 26.655695763448762 ], [ 88.399040912308294, 26.656742798241623 ], [ 88.398644366144651, 26.657649984858949 ], [ 88.398579224651542, 26.658611143389635 ], [ 88.398583911018761, 26.658626523595217 ], [ 88.398855630383082, 26.659518204101914 ], [ 88.399335181273671, 26.660450120276892 ], [ 88.399805308168482, 26.661363713664514 ], [ 88.399925864986756, 26.661774355801924 ], [ 88.400051574920326, 26.662491878997059 ], [ 88.400418729440844, 26.664748180883919 ], [ 88.400417489275753, 26.664806840063648 ], [ 88.40034411808665, 26.668281699041245 ], [ 88.400346022850727, 26.66830455621033 ], [ 88.40044320359101, 26.669470420223774 ], [ 88.400525424109105, 26.670456777758147 ], [ 88.400523181199901, 26.670491028438278 ], [ 88.400435322831925, 26.67183317036455 ], [ 88.40042033832799, 26.67242434061086 ], [ 88.400204433587817, 26.672920810447067 ], [ 88.399898091223974, 26.673277342175652 ], [ 88.399134743074001, 26.67377387676305 ], [ 88.397939321042884, 26.674238912595797 ], [ 88.396472546570806, 26.674627166110895 ], [ 88.394819994647094, 26.675092246010422 ], [ 88.394334852671363, 26.675249214579651 ], [ 88.392434088762229, 26.675864208766257 ], [ 88.39141955366955, 26.676441883785969 ], [ 88.390505419789349, 26.677294899739877 ], [ 88.389952897008641, 26.678012481390965 ], [ 88.389832380659925, 26.678590150115383 ], [ 88.38984071737525, 26.678626006085381 ], [ 88.389953031007622, 26.679109129083088 ], [ 88.39021432812882, 26.679840137612302 ], [ 88.390731816020548, 26.680607276404714 ], [ 88.391254392276437, 26.681130712412482 ], [ 88.391478351344915, 26.681320900139497 ], [ 88.391806963620525, 26.681599957971741 ], [ 88.392630858627285, 26.682010482297983 ], [ 88.394132991744243, 26.682479611844656 ], [ 88.395449260175269, 26.682835994285767 ], [ 88.39592220374675, 26.683020947059106 ], [ 88.396579662121781, 26.683278056037523 ], [ 88.397438687345584, 26.683715649058001 ], [ 88.398021589225038, 26.684320253377052 ], [ 88.398694885560587, 26.685200202227577 ], [ 88.398792027630009, 26.685348488741795 ], [ 88.399398400016196, 26.686274117756398 ], [ 88.399840683001173, 26.686973443169904 ], [ 88.400639826866552, 26.688954473370302 ], [ 88.40100690224682, 26.690109604874408 ], [ 88.401313505414009, 26.690962464346285 ], [ 88.401403762273844, 26.691240909740259 ], [ 88.401589963306208, 26.691815348999228 ], [ 88.40158997769538, 26.691884335993336 ], [ 88.401590147667264, 26.692668253437205 ], [ 88.401591011016421, 26.69267417367422 ], [ 88.401650603692474, 26.693083366104531 ], [ 88.402077735798912, 26.693493955181964 ], [ 88.402826377335487, 26.694084983335358 ], [ 88.403866517925508, 26.694662473094695 ], [ 88.404725785067001, 26.695348177376559 ], [ 88.40558515742913, 26.695984313725148 ], [ 88.406198176704549, 26.696421937322611 ], [ 88.406776015400851, 26.696588723790626 ], [ 88.407605047335153, 26.696782629314953 ], [ 88.408338621630151, 26.697166056168612 ], [ 88.408891562595613, 26.69812712656568 ], [ 88.409258590311765, 26.69892583425991 ], [ 88.409474807116737, 26.699336417042048 ], [ 88.409776270658426, 26.699503317724009 ], [ 88.409827700188259, 26.699517911922158 ], [ 88.410268668364438, 26.699643043591664 ], [ 88.413052224780415, 26.699913172954609 ], [ 88.413790803802613, 26.699998710172395 ], [ 88.414338465747676, 26.699998579770693 ], [ 88.414629870372266, 26.699903687804976 ], [ 88.414875994131876, 26.699601256592757 ], [ 88.41499274232126, 26.699198664286996 ], [ 88.414996397166078, 26.699186062986485 ], [ 88.414993066976535, 26.699142746240796 ], [ 88.414905503586169, 26.698003757567392 ], [ 88.414877255880697, 26.697136797625149 ], [ 88.414875067830167, 26.697069643449311 ], [ 88.414995569789767, 26.696654448044399 ], [ 88.415824494704736, 26.696464734260132 ], [ 88.417201039296572, 26.696378598993192 ], [ 88.417840405110667, 26.696356636649512 ], [ 88.419587493767892, 26.696296617694827 ], [ 88.420873635809698, 26.69629620760395 ], [ 88.421059697447163, 26.696792563226268 ], [ 88.422159983796291, 26.696652272584345 ], [ 88.423139619797666, 26.696516615249664 ], [ 88.423147514046605, 26.696515914677775 ], [ 88.423752521261918, 26.696462262923149 ], [ 88.423937004589163, 26.696793372616128 ], [ 88.424089391112545, 26.697066872638118 ], [ 88.424593398166849, 26.697024051418907 ], [ 88.425742345932576, 26.696926427312803 ], [ 88.425862442297955, 26.695965167158761 ], [ 88.427178785372689, 26.69585634019802 ], [ 88.427254165647298, 26.695896926601904 ], [ 88.427412602809454, 26.696073345708385 ], [ 88.427651237914347, 26.696339063896744 ], [ 88.428083389137157, 26.696555524417988 ], [ 88.428510428613436, 26.696555381425753 ], [ 88.428756171959833, 26.696359816652262 ], [ 88.428816838426428, 26.69631153924621 ], [ 88.429550042200731, 26.695702036319972 ], [ 88.430012114767351, 26.695264161811679 ], [ 88.430318313239638, 26.694794728294141 ], [ 88.430589423762967, 26.69424403923108 ], [ 88.430925760315631, 26.693806164722787 ], [ 88.431218227039608, 26.693575473329474 ], [ 88.431417988049759, 26.693417904013131 ], [ 88.431940295408367, 26.693201127829809 ], [ 88.433437511931686, 26.693173470079614 ], [ 88.434603125933563, 26.693254225602061 ], [ 88.435336525760135, 26.693145617176526 ], [ 88.435979580593255, 26.693005420064139 ], [ 88.436898817226677, 26.692729724797005 ], [ 88.437401222588392, 26.692770135833143 ], [ 88.437647409300553, 26.692742998790436 ], [ 88.437893695837431, 26.69296401977374 ], [ 88.437924085728014, 26.693487474667279 ], [ 88.437984626289506, 26.694010895386555 ], [ 88.439315986243855, 26.694155056710542 ], [ 88.43972808438366, 26.694199679271833 ], [ 88.441170061848936, 26.694365954025614 ], [ 88.442279601322582, 26.694556922364143 ], [ 88.442451318773408, 26.694586476784536 ], [ 88.442913623365087, 26.694721700646028 ], [ 88.443310733403678, 26.695050951440294 ], [ 88.443768416379385, 26.695768206637467 ], [ 88.444170768566153, 26.696512654635342 ], [ 88.444538149715868, 26.697527823750136 ], [ 88.444719622112927, 26.698520509813704 ], [ 88.445011228185706, 26.698922052610669 ], [ 88.445473688360096, 26.69925117300329 ], [ 88.445930865916807, 26.699305102648395 ], [ 88.446453656211304, 26.69971557211602 ], [ 88.446700637924152, 26.700983459718941 ], [ 88.446881994308626, 26.70178214672876 ], [ 88.44703806805245, 26.702273985955742 ], [ 88.447279467673354, 26.702661952587107 ], [ 88.448139087349034, 26.703374551994045 ], [ 88.448933380271342, 26.703951771057461 ], [ 88.449240142618521, 26.704420853839395 ], [ 88.449266358755494, 26.704548137586528 ], [ 88.449335882644903, 26.704885681928715 ], [ 88.449325430724116, 26.704902177293718 ], [ 88.449089922561939, 26.705273837417735 ], [ 88.448978634156674, 26.70534524089021 ], [ 88.448231091591651, 26.705824870021786 ], [ 88.447407434005925, 26.706511219117544 ], [ 88.446855350094381, 26.707364415835173 ], [ 88.444455680984959, 26.710899014078279 ], [ 88.443903430698811, 26.711837962052357 ], [ 88.443657675661257, 26.712524005378611 ], [ 88.443381992984655, 26.713706398931208 ], [ 88.44329201131734, 26.714613558568942 ], [ 88.442683510235895, 26.716135856284779 ], [ 88.4426046271019, 26.716333198118662 ], [ 88.440584194904716, 26.715729402290151 ], [ 88.439448360153733, 26.715373430839236 ], [ 88.438498640100192, 26.715261013784811 ], [ 88.438407114296922, 26.715272715763263 ], [ 88.437825332972807, 26.715347097790357 ], [ 88.437338091080107, 26.715649573069413 ], [ 88.436941308394751, 26.716087532113988 ], [ 88.436358843585822, 26.716940638000096 ], [ 88.435746437648049, 26.718236108709505 ], [ 88.435716507311042, 26.718646699585577 ], [ 88.435721340267719, 26.718664383854275 ], [ 88.435837356408911, 26.719088896235633 ], [ 88.435897951829077, 26.719607892290469 ], [ 88.435891647581514, 26.719617847785514 ], [ 88.434431791593965, 26.721923499969591 ], [ 88.43411050429637, 26.722708868919199 ], [ 88.433713916763907, 26.723421969248534 ], [ 88.433558427579442, 26.723945496087822 ], [ 88.433558579564874, 26.724414820787388 ], [ 88.433559454605188, 26.724418331740651 ], [ 88.433654264732581, 26.724798414914972 ], [ 88.433991249696476, 26.725240503646376 ], [ 88.434950673434912, 26.72529927883869 ], [ 88.435307884151598, 26.725321161142745 ], [ 88.435338515959813, 26.726119942581363 ], [ 88.435336666953674, 26.726119944380002 ], [ 88.434522936984024, 26.726120285223033 ], [ 88.433438815948648, 26.72612073758205 ], [ 88.431815694338866, 26.726283824239147 ], [ 88.429891128073166, 26.726786647785616 ], [ 88.429705326339786, 26.726835191391046 ], [ 88.429368541025383, 26.726754089629594 ], [ 88.429091961724737, 26.726478926761104 ], [ 88.428433172353095, 26.725423145162097 ], [ 88.428328513749989, 26.725130119959147 ], [ 88.428186598932427, 26.724732785089998 ], [ 88.4277895230681, 26.724516336259967 ], [ 88.42761619043489, 26.724522271785474 ], [ 88.426990462839626, 26.724543695435273 ], [ 88.426502995217106, 26.724349816890594 ], [ 88.426226463580463, 26.724101729910956 ], [ 88.425799249635702, 26.724047709434274 ], [ 88.425326472438826, 26.723023530911291 ], [ 88.425034831292464, 26.722594867259374 ], [ 88.425022419748927, 26.722595994109895 ], [ 88.424286048562351, 26.722662870395197 ], [ 88.423889169649499, 26.722816435929815 ], [ 88.423628155814811, 26.723588180150443 ], [ 88.422924960618502, 26.724549598585156 ], [ 88.422462843085782, 26.725100293044136 ], [ 88.421729669888407, 26.726449819303753 ], [ 88.421579189028421, 26.727081702758426 ], [ 88.421587427717668, 26.727122490610498 ], [ 88.421790651117703, 26.728128553190231 ], [ 88.422680866628752, 26.729721245339249 ], [ 88.423108387242337, 26.730686845621506 ], [ 88.423908042821949, 26.732035888945177 ], [ 88.424350592905569, 26.732681047292544 ], [ 88.424963981802364, 26.733231326264729 ], [ 88.425270665009236, 26.73353363696782 ], [ 88.425331285610412, 26.734251145773783 ], [ 88.425327441008676, 26.734266707642519 ], [ 88.425120533985535, 26.735104082587384 ], [ 88.424718744774282, 26.735681802573197 ], [ 88.424080655098237, 26.736119804785233 ], [ 88.423035552948477, 26.737000072895114 ], [ 88.422861160913897, 26.737300477934753 ], [ 88.422794498667258, 26.737415308769528 ], [ 88.422759566301011, 26.737880201610039 ], [ 88.422763817396287, 26.73790714619787 ], [ 88.422825056731028, 26.738295341257071 ], [ 88.423131970164377, 26.73903529534266 ], [ 88.423333279807082, 26.739707609618563 ], [ 88.423331408317893, 26.739770026165843 ], [ 88.423303514945303, 26.740700455761498 ], [ 88.42328679115252, 26.741033204918551 ], [ 88.42323864774545, 26.741991101608107 ], [ 88.423240517436, 26.742043312648832 ], [ 88.423269176131612, 26.742843961979304 ], [ 88.423267658076043, 26.742848259839377 ], [ 88.422626612328372, 26.744662812039223 ], [ 88.422632931864371, 26.744719090713488 ], [ 88.422722391924879, 26.74551564902805 ], [ 88.422813064271566, 26.74584504641183 ], [ 88.423091994400068, 26.746001946632589 ], [ 88.423149844189993, 26.746034487701479 ], [ 88.42346499271531, 26.746009133115024 ], [ 88.423657501592459, 26.745993643192151 ], [ 88.424451729763575, 26.746074673907117 ], [ 88.424986580866062, 26.746331601222494 ], [ 88.42537172182756, 26.746516609753769 ], [ 88.425954921382584, 26.746872827618972 ], [ 88.426598555379087, 26.747341997635147 ], [ 88.427116404798312, 26.747698237084023 ], [ 88.427423032247191, 26.747887700856779 ], [ 88.42742310329362, 26.747958836331293 ], [ 88.42742317074277, 26.74802762097795 ], [ 88.42711661703828, 26.748302970006137 ], [ 88.426197112406896, 26.74898926604186 ], [ 88.425739892582044, 26.749350440970147 ], [ 88.424423387629304, 26.750447486162614 ], [ 88.424031822810434, 26.751583616790526 ], [ 88.423484466634875, 26.752878927420625 ], [ 88.423032368449128, 26.753749990969368 ], [ 88.422957108683704, 26.754020841588613 ], [ 88.422959257164052, 26.754087966086843 ], [ 88.422972417842857, 26.7544991316297 ], [ 88.423123341169344, 26.754796960111662 ], [ 88.42327423212015, 26.75499539821908 ], [ 88.423545703271657, 26.755202916781229 ], [ 88.423807113707369, 26.755216359847168 ], [ 88.424219290987537, 26.755216280706861 ], [ 88.42440554058328, 26.755106926743338 ], [ 88.424726898927304, 26.754918246280113 ], [ 88.424973162081812, 26.7547331487159 ], [ 88.425079741636807, 26.754506532150799 ], [ 88.425083560158214, 26.75449841397068 ], [ 88.425244322967217, 26.754254687803666 ], [ 88.425505651564606, 26.754019969246258 ], [ 88.425792064951906, 26.753821288321831 ], [ 88.426052946586253, 26.753801639933783 ], [ 88.426093646304764, 26.753798575044243 ], [ 88.426425540206594, 26.753997084198147 ], [ 88.426807639660922, 26.754254124828037 ], [ 88.427386104285347, 26.755016608729534 ], [ 88.427382019564618, 26.755081689968051 ], [ 88.4273560822175, 26.75549490326722 ], [ 88.427039716909462, 26.756113294193199 ], [ 88.42606995366549, 26.757160554715881 ], [ 88.425828892189656, 26.75755322660018 ], [ 88.425693351766824, 26.757973003151619 ], [ 88.425693549617677, 26.7584653792739 ], [ 88.425693590087178, 26.758564103250819 ], [ 88.425694463328853, 26.758582427836814 ], [ 88.425708851582272, 26.758884507414109 ], [ 88.425819528448528, 26.759155294181539 ], [ 88.425977631062892, 26.759238700905371 ], [ 88.426075933257778, 26.759290560311172 ], [ 88.426337337398252, 26.759254348209652 ], [ 88.426829890686975, 26.759118766417998 ], [ 88.427226846042174, 26.758784733928394 ], [ 88.4277896579664, 26.758220459706479 ], [ 88.428472923286847, 26.757502681103915 ], [ 88.428721718932252, 26.757115733404419 ], [ 88.428940173250453, 26.756775974032053 ], [ 88.429321843728189, 26.756049316422889 ], [ 88.429542810752196, 26.755570811443818 ], [ 88.429763657267017, 26.754857780362329 ], [ 88.43003477588428, 26.754144691724207 ], [ 88.430115811995165, 26.75390632012062 ], [ 88.430165218050433, 26.753760983382733 ], [ 88.43026067838764, 26.753530818992147 ], [ 88.430315895861952, 26.753467611940778 ], [ 88.430356100054041, 26.753345790675723 ], [ 88.430466571874831, 26.753246459656452 ], [ 88.430617401671782, 26.753246382314728 ], [ 88.431054868787214, 26.753580216054161 ], [ 88.431467192656896, 26.753945536857088 ], [ 88.432070598179621, 26.754328875577187 ], [ 88.432437822847305, 26.754834120098621 ], [ 88.432588928736152, 26.755425230090339 ], [ 88.432577795129191, 26.755449803165959 ], [ 88.432136969045928, 26.756422701446581 ], [ 88.431840750350432, 26.757050106277461 ], [ 88.431574526743077, 26.757519502922776 ], [ 88.431464196115826, 26.758047536264826 ], [ 88.43147003001792, 26.75809555556549 ], [ 88.431489422998538, 26.758255178034062 ], [ 88.431600124146485, 26.758390461250826 ], [ 88.431891678957868, 26.75841748587834 ], [ 88.432806473839776, 26.758218489291892 ], [ 88.43331920791519, 26.758175216612983 ], [ 88.433987683884538, 26.758118797644443 ], [ 88.435385102640453, 26.757924107911322 ], [ 88.435708562700086, 26.758241035295612 ], [ 88.435712019693995, 26.758244422142411 ], [ 88.43576756901814, 26.758871612035307 ], [ 88.435762916825183, 26.758880561189017 ], [ 88.435414606698771, 26.759550556113311 ], [ 88.435300601441668, 26.759769853995635 ], [ 88.435266994676113, 26.759842344748449 ], [ 88.434923957274862, 26.760582325813743 ], [ 88.434884254904489, 26.761480303373332 ], [ 88.434678504409533, 26.762184431166588 ], [ 88.434568267311761, 26.762983191920796 ], [ 88.434542802108695, 26.763202493400399 ], [ 88.434468173667312, 26.763845129149445 ], [ 88.43419199276633, 26.764386758442186 ], [ 88.434169312763629, 26.764502661268864 ], [ 88.434066593998182, 26.765027605439684 ], [ 88.434068183100237, 26.765095728185372 ], [ 88.43408206683398, 26.765691038011028 ], [ 88.4342380641354, 26.766133145628203 ], [ 88.434364199448282, 26.766895750938204 ], [ 88.434382036601789, 26.766933285043137 ], [ 88.434610768372295, 26.767414575222517 ], [ 88.434857331001069, 26.767820649703253 ], [ 88.435229583778323, 26.768249191946722 ], [ 88.435424176384686, 26.768419411126956 ], [ 88.435636935296372, 26.7686055213278 ], [ 88.436109539823462, 26.768704634711185 ], [ 88.437331351560658, 26.768898156224964 ], [ 88.437522454797488, 26.769123702596858 ], [ 88.437507874988512, 26.769177074662309 ], [ 88.437452179074853, 26.769380968956625 ], [ 88.437095435106301, 26.769602232756881 ], [ 88.436577612666724, 26.769602428809094 ], [ 88.436029642254255, 26.769652307008414 ], [ 88.435687868400464, 26.769760757153279 ], [ 88.435587415027214, 26.769945839428999 ], [ 88.435587415027214, 26.770121780096133 ], [ 88.435588315248594, 26.770122425809348 ], [ 88.435838893350308, 26.770302211977537 ], [ 88.436753941841005, 26.77042816382874 ], [ 88.436861086170268, 26.770530081298261 ], [ 88.436919957590021, 26.770586081182728 ], [ 88.437397806963304, 26.770933294136285 ], [ 88.437588597236015, 26.771298055560862 ], [ 88.437588965058751, 26.77129876062935 ], [ 88.437581825340999, 26.771355030310474 ], [ 88.437513943613681, 26.771889991130251 ], [ 88.437433673725138, 26.77229612586558 ], [ 88.437070684864295, 26.772656742314837 ], [ 88.436815655118437, 26.772910104717596 ], [ 88.436458913847844, 26.7733164247133 ], [ 88.436306139716635, 26.773590861828836 ], [ 88.436305979637325, 26.77359114691393 ], [ 88.436293098647639, 26.773614288268845 ], [ 88.436294705736145, 26.773684664715574 ], [ 88.436308557094264, 26.774291261032943 ], [ 88.436575143128437, 26.774584468798253 ], [ 88.437193644671027, 26.774782752222279 ], [ 88.437535654147155, 26.774931480303621 ], [ 88.437852583330141, 26.775260734695223 ], [ 88.437837013367528, 26.775315265087443 ], [ 88.437796122992722, 26.775458473130072 ], [ 88.437757222817652, 26.775594715923432 ], [ 88.437631690949843, 26.775928731325962 ], [ 88.437013489780782, 26.776186229710788 ], [ 88.436550996331448, 26.776285706420254 ], [ 88.43612370594434, 26.776457402287349 ], [ 88.435877425702699, 26.776579328773039 ], [ 88.435701485934885, 26.776728344637434 ], [ 88.435314711804551, 26.7774188719834 ], [ 88.435158998688905, 26.777752920660816 ], [ 88.434993158307691, 26.777897411136678 ], [ 88.434651435715239, 26.778060022052443 ], [ 88.43426419843405, 26.777938284424351 ], [ 88.433620517672807, 26.777618195923083 ], [ 88.433112567091371, 26.777334104585293 ], [ 88.432142032229081, 26.777420422414593 ], [ 88.431991402980941, 26.777433818715792 ], [ 88.431730029417395, 26.777555710127956 ], [ 88.43160943033098, 26.777763380675538 ], [ 88.431539204970363, 26.777961967171109 ], [ 88.431547196346116, 26.778013554981612 ], [ 88.431609792757797, 26.778417668041016 ], [ 88.431866359444996, 26.77881019513444 ], [ 88.432253711839394, 26.779157526798485 ], [ 88.43304835279929, 26.779612946180578 ], [ 88.433556278199717, 26.779942173592474 ], [ 88.433827967886486, 26.780176749157704 ], [ 88.434014182408646, 26.780668559606397 ], [ 88.434039788805251, 26.781593677806029 ], [ 88.43403940479476, 26.781618918178594 ], [ 88.434030039254992, 26.782234435770647 ], [ 88.434031843294974, 26.782246719610498 ], [ 88.434201634397994, 26.783403163225444 ], [ 88.434423006116901, 26.783682839791254 ], [ 88.43470963174417, 26.783768493021569 ], [ 88.434897670990779, 26.783740446764284 ], [ 88.435529131764099, 26.783646267061613 ], [ 88.436680396183419, 26.783352495421354 ], [ 88.437358106391571, 26.783124391377612 ], [ 88.437781302165433, 26.782981952255341 ], [ 88.438831956729473, 26.782710758994369 ], [ 88.439701712663975, 26.782403483134317 ], [ 88.440249672284608, 26.782340047655111 ], [ 88.440299054957507, 26.782361785168291 ], [ 88.440526292054813, 26.782461808665573 ], [ 88.440636950934618, 26.782646733559943 ], [ 88.440613243006794, 26.78267724665767 ], [ 88.440415947937709, 26.782931171136681 ], [ 88.440003890267405, 26.783314953222543 ], [ 88.439868189765207, 26.783472954213494 ], [ 88.439882816338979, 26.783528621348864 ], [ 88.439889342719027, 26.783553465120349 ], [ 88.439948804993435, 26.783779780412601 ], [ 88.440346133567289, 26.783942020807672 ], [ 88.441236289723065, 26.784262005886887 ], [ 88.441608460661996, 26.784446885815157 ], [ 88.441990676128853, 26.784654320740344 ], [ 88.442023371881191, 26.784734239893282 ], [ 88.442101416846981, 26.784925001387762 ], [ 88.442141829681759, 26.785281433291573 ], [ 88.442135834800979, 26.785292216162873 ], [ 88.442046434995063, 26.785453017642681 ], [ 88.441749924019859, 26.785723871859261 ], [ 88.440915452985848, 26.786031163907126 ], [ 88.440201645789386, 26.786351846860271 ], [ 88.439779445565023, 26.786722101343969 ], [ 88.439715617082129, 26.786761500642797 ], [ 88.438899965261271, 26.787448970293781 ], [ 88.438866293744525, 26.787494706215796 ], [ 88.438683891448477, 26.787742472137438 ], [ 88.438653973702003, 26.788089960283514 ], [ 88.438659858865435, 26.788103749588402 ], [ 88.43878488081765, 26.788396727127292 ], [ 88.438991105255354, 26.788653891863646 ], [ 88.439413623839755, 26.788937925644802 ], [ 88.439896450960475, 26.78912276870085 ], [ 88.441470462391976, 26.789334149851186 ], [ 88.441880302334141, 26.789504368132157 ], [ 88.442089090738989, 26.78959108436112 ], [ 88.442350740394431, 26.789911320351223 ], [ 88.442341891065496, 26.789971026341846 ], [ 88.44231060994673, 26.790182091830104 ], [ 88.441993994627182, 26.790502710931435 ], [ 88.441448465874032, 26.79072722398223 ], [ 88.441335461562346, 26.790773730623243 ], [ 88.440148920336469, 26.791058602572491 ], [ 88.439339507112606, 26.791266513239066 ], [ 88.438736389372934, 26.791745123438773 ], [ 88.438585768218672, 26.792092664644827 ], [ 88.438585999344468, 26.792525394131701 ], [ 88.43858608388075, 26.792683850179571 ], [ 88.438586951726506, 26.792689415184441 ], [ 88.438737436183771, 26.793653995635452 ], [ 88.438732454838998, 26.793687917163709 ], [ 88.438647305228983, 26.794267765844779 ], [ 88.438397410612083, 26.794634679347041 ], [ 88.438385985624791, 26.794651457099121 ], [ 88.437868266607268, 26.794972033032934 ], [ 88.437591894150671, 26.795486589134839 ], [ 88.437184691920038, 26.795685348300253 ], [ 88.436400341902299, 26.795721832896334 ], [ 88.436144136742598, 26.795706961706969 ], [ 88.435550431307433, 26.795672497887495 ], [ 88.434740896675123, 26.795650281935025 ], [ 88.434631289102754, 26.795657267868648 ], [ 88.434383884708552, 26.795673035682114 ], [ 88.434112275960842, 26.795664052354198 ], [ 88.434000360728135, 26.795608833980566 ], [ 88.433463463667977, 26.795343928779346 ], [ 88.433389682387997, 26.795286665347362 ], [ 88.433050941947499, 26.795023759339074 ], [ 88.432697695442357, 26.794995524224134 ], [ 88.432432393640113, 26.794974320008919 ], [ 88.431859271887959, 26.795073819201434 ], [ 88.431472109250478, 26.795186781245036 ], [ 88.431090077245301, 26.795516343204724 ], [ 88.431094919195232, 26.795584585560221 ], [ 88.43111537427518, 26.795872840759046 ], [ 88.431205198561145, 26.796500790579046 ], [ 88.431215857326038, 26.796575296712604 ], [ 88.43125673600963, 26.796861060789354 ], [ 88.431254481409269, 26.796910658400236 ], [ 88.431254332121796, 26.796913915744653 ], [ 88.431254296148893, 26.796914716141316 ], [ 88.431241757800933, 26.797190523823645 ], [ 88.431010524116459, 26.797353003438388 ], [ 88.430693829656548, 26.797511109650031 ], [ 88.430460713691048, 26.797564121986682 ], [ 88.4302563931181, 26.797610586359497 ], [ 88.429803960384504, 26.798030405179134 ], [ 88.429804294032976, 26.798594510328428 ], [ 88.429805150187576, 26.798595872801343 ], [ 88.429960207697491, 26.798842626985675 ], [ 88.430357602821175, 26.799022948250524 ], [ 88.430498510397967, 26.799149258031889 ], [ 88.430553844784185, 26.799334298039469 ], [ 88.430538266727694, 26.799350845565129 ], [ 88.430196965017956, 26.799713434227669 ], [ 88.429769704308455, 26.79997538515596 ], [ 88.429618988725395, 26.800246187211826 ], [ 88.429483518449672, 26.800882525907923 ], [ 88.429486130980195, 26.800946118768422 ], [ 88.42949872058955, 26.801252577144794 ], [ 88.429765267053483, 26.801338171019836 ], [ 88.430343640846388, 26.801374034184391 ], [ 88.430574931188175, 26.801423603916248 ], [ 88.430957143057753, 26.801315205932042 ], [ 88.431203391823146, 26.801130097575992 ], [ 88.431902390782739, 26.801102717716276 ], [ 88.432576369703781, 26.801237806679467 ], [ 88.4332050416794, 26.801449631195567 ], [ 88.433267052632459, 26.80147591658033 ], [ 88.434502712130495, 26.801999691632489 ], [ 88.434613612028613, 26.802554731615601 ], [ 88.434621107877888, 26.802612068791973 ], [ 88.434692910649346, 26.803161318939772 ], [ 88.434694426906333, 26.803172904905693 ], [ 88.434688518360474, 26.80319246516018 ], [ 88.434599010635907, 26.803488830445247 ], [ 88.4346195961175, 26.803495301966677 ], [ 88.434885744181827, 26.803578992876282 ], [ 88.434844167624306, 26.803637278837414 ], [ 88.434473621760276, 26.80415675513018 ], [ 88.433780361374659, 26.805569486642526 ], [ 88.433770664884321, 26.806174224061238 ], [ 88.433772566950438, 26.806183452004746 ], [ 88.433866448078163, 26.806638964916374 ], [ 88.433987387108289, 26.807072126977118 ], [ 88.434002660294595, 26.807550410722911 ], [ 88.434001571215617, 26.807559699820331 ], [ 88.433947601100954, 26.80801974801301 ], [ 88.433802071908133, 26.808574858143231 ], [ 88.43340496636614, 26.809116536898728 ], [ 88.433048154948438, 26.80948674281899 ], [ 88.432294075211473, 26.810186487316571 ], [ 88.432117588655842, 26.810311084788793 ], [ 88.431438051924601, 26.810790829932898 ], [ 88.431213214218531, 26.810949562971985 ], [ 88.430630029951999, 26.811392012331567 ], [ 88.429475240190243, 26.812044405724805 ], [ 88.429383115438497, 26.812096452189564 ], [ 88.429011034431767, 26.812389981012871 ], [ 88.428764832431114, 26.812773593126849 ], [ 88.428770151921015, 26.812838347911452 ], [ 88.428780030074392, 26.812958587269065 ], [ 88.428961158031086, 26.813202206416747 ], [ 88.429066801391855, 26.813314972408079 ], [ 88.429217742704736, 26.813373658567514 ], [ 88.42957478075158, 26.813364455805015 ], [ 88.430535143382201, 26.812881277948691 ], [ 88.431425089096649, 26.812303298958113 ], [ 88.432219432380975, 26.811675729551325 ], [ 88.432988554178507, 26.810971410202455 ], [ 88.433521362920601, 26.81055609069108 ], [ 88.434069390889761, 26.810199293662549 ], [ 88.434386149201487, 26.81009994465677 ], [ 88.434823655887044, 26.809914696905764 ], [ 88.435251086568428, 26.809928056334797 ], [ 88.435578125030531, 26.810085874763388 ], [ 88.435769363165662, 26.810356555410749 ], [ 88.43581977016629, 26.810740147739693 ], [ 88.435814527118794, 26.810765026584761 ], [ 88.435654309298968, 26.811525381791 ], [ 88.435186982893015, 26.812450710432017 ], [ 88.434639390195741, 26.813497813573292 ], [ 88.434031372050242, 26.81450896811441 ], [ 88.433453402052919, 26.815294317278983 ], [ 88.432483077631957, 26.816097989230855 ], [ 88.431573129196636, 26.816775295643424 ], [ 88.430296180924074, 26.81794449524233 ], [ 88.429979583590978, 26.818427486939015 ], [ 88.429843869598983, 26.818756995838726 ], [ 88.429793730596259, 26.819090875443578 ], [ 88.429797260435294, 26.819145007436191 ], [ 88.429839335217196, 26.819790378922903 ], [ 88.430015612230761, 26.820223525695212 ], [ 88.430317490359926, 26.820467097178835 ], [ 88.430644459574182, 26.820665547876786 ], [ 88.431333575883855, 26.820714908066577 ], [ 88.432882615840128, 26.820578899096972 ], [ 88.433938886670319, 26.820677697717599 ], [ 88.434487280663518, 26.820993416413103 ], [ 88.435262207584856, 26.821656455081381 ], [ 88.435810749966208, 26.822310502327866 ], [ 88.436193327859826, 26.822960183365808 ], [ 88.436274339689078, 26.823275829216186 ], [ 88.436279036848134, 26.823294128621171 ], [ 88.436267728772748, 26.823318192680517 ], [ 88.436088160240445, 26.823700302027362 ], [ 88.436028126896588, 26.823737336109218 ], [ 88.4356708307443, 26.82395774825153 ], [ 88.435575303857263, 26.824169862349322 ], [ 88.435505139650559, 26.824526332923995 ], [ 88.43551488110694, 26.824553073365678 ], [ 88.435585703617392, 26.824747493302198 ], [ 88.436260099823812, 26.825446660435091 ], [ 88.436521789948699, 26.825780443812505 ], [ 88.436642621060173, 26.825978987140616 ], [ 88.436728459550807, 26.826570114219464 ], [ 88.436874523840288, 26.827061873406763 ], [ 88.437121347272409, 26.827716088826492 ], [ 88.437282568735611, 26.828180882741606 ], [ 88.437640026765905, 26.82879894811299 ], [ 88.438093025173032, 26.829349240575027 ], [ 88.438923367419534, 26.830075425140819 ], [ 88.439647970977148, 26.830603089760814 ], [ 88.44011604292109, 26.831094725741025 ], [ 88.440448295652402, 26.831563912844331 ], [ 88.440720097754365, 26.831812007917904 ], [ 88.440963246556635, 26.832146013427803 ], [ 88.441022187224235, 26.832226975794356 ], [ 88.441273909263543, 26.83266917694101 ], [ 88.441268248930612, 26.832729284029313 ], [ 88.441211665386106, 26.833330157061141 ], [ 88.441208891876897, 26.833359600864924 ], [ 88.441113614102051, 26.833901115044455 ], [ 88.440963150329196, 26.834614254044652 ], [ 88.440772452686588, 26.835440099680909 ], [ 88.440768799640466, 26.835539865972066 ], [ 88.440737755942735, 26.836387757588966 ], [ 88.440740848711243, 26.836399696988451 ], [ 88.440833608384366, 26.836757795336041 ], [ 88.440999694280549, 26.836992342122926 ], [ 88.44117584898629, 26.837163778085937 ], [ 88.441437504037651, 26.837213287563202 ], [ 88.441920386916365, 26.837163411162521 ], [ 88.442151703338482, 26.837113660666944 ], [ 88.442428295229718, 26.836928492955622 ], [ 88.443082209376541, 26.836955314336365 ], [ 88.443328831360532, 26.83717630834002 ], [ 88.443731332834773, 26.837270866657207 ], [ 88.444375188064555, 26.837234412638111 ], [ 88.444742674434963, 26.837590751012385 ], [ 88.445492613693204, 26.838380089569512 ], [ 88.446096485964119, 26.838673165134537 ], [ 88.448592285405709, 26.839867725615079 ], [ 88.449679119695702, 26.840210091222787 ], [ 88.450811113442171, 26.840408092259679 ], [ 88.452375745844051, 26.840592252730346 ], [ 88.453678564913901, 26.840541947353017 ], [ 88.454624309064684, 26.840527890949431 ], [ 88.456455932195581, 26.841239870723484 ], [ 88.459737021446415, 26.842889587984132 ], [ 88.463309917318895, 26.844498384293047 ], [ 88.465750562238725, 26.845458047251157 ], [ 88.46948975085138, 26.847057646193491 ], [ 88.470657360448911, 26.847620978825148 ], [ 88.471225925336228, 26.84780562492972 ], [ 88.471965671678447, 26.847990111854244 ], [ 88.472805728401681, 26.84796249817083 ], [ 88.474063450068229, 26.847952551668982 ], [ 88.474617052934718, 26.848123618909938 ], [ 88.475724274855452, 26.848637349434171 ], [ 88.477818276991968, 26.84998965909557 ], [ 88.47880507159681, 26.850751511672968 ], [ 88.480133833409752, 26.851504180373695 ], [ 88.48285736637439, 26.853298190259352 ], [ 88.483738247821918, 26.85376683597076 ], [ 88.484749761192575, 26.854072884256254 ], [ 88.485454229828918, 26.854171640608797 ], [ 88.485992530730755, 26.8541847608181 ], [ 88.487018596930739, 26.853863533775097 ], [ 88.487979118741407, 26.853479260659412 ], [ 88.489417490824621, 26.852950120251876 ], [ 88.490026, 26.852714964623942 ], [ 88.490453341648447, 26.852394245697951 ], [ 88.490905628691849, 26.851888481368348 ], [ 88.491342628159828, 26.851260831022557 ], [ 88.491835174253936, 26.850709864968337 ], [ 88.492468422879483, 26.850091154783001 ], [ 88.492639310256038, 26.849991768905056 ], [ 88.493076840323965, 26.849819879683764 ] ] ] } },
{ "type": "Feature", "properties": { "OBJECTID_1": 5800, "STATE_UT": "WEST BENGAL", "Shape_Leng": 2.1840342878699999, "STATE_LGD": "19", "Dist_LGD": "328", "Subdis_LGD": "02178", "REMARKS": null, "Sub_dist": "Jalpaiguri", "District": "JALP>IGURI", "Subdis_Typ": "CD_Block", "Shape_Le_1": 2.1840342973700002, "Shape_Area": 0.046649535238000001 }, "geometry": { "type": "Polygon", "coordinates": [ [ [ 88.635553164846726, 26.673164547405975 ], [ 88.638660089591497, 26.672262164067661 ], [ 88.638947452662876, 26.672250895562456 ], [ 88.643716238213869, 26.67206382578496 ], [ 88.64391672137964, 26.671993521284037 ], [ 88.645925638657332, 26.671289019372807 ], [ 88.651040164072356, 26.670889792330115 ], [ 88.651636294079765, 26.67007073477663 ], [ 88.652521480581925, 26.668168249565099 ], [ 88.653316173702535, 26.667259304773154 ], [ 88.654314473334352, 26.666619420050267 ], [ 88.656515560444802, 26.665699038579817 ], [ 88.658216230594633, 26.664963195295286 ], [ 88.65941720234207, 26.6645020769094 ], [ 88.660920540550592, 26.664128854662977 ], [ 88.662926151920431, 26.663751455065665 ], [ 88.664729826820121, 26.663285402999009 ], [ 88.665833125898075, 26.663095907750005 ], [ 88.667031315143163, 26.662364047562789 ], [ 88.668433231408585, 26.661901218666344 ], [ 88.671139211405546, 26.661247204694803 ], [ 88.673044276772032, 26.660870484984969 ], [ 88.67505069843105, 26.660583174074247 ], [ 88.676211851795586, 26.660170971613127 ], [ 88.676352102867327, 26.660121184245327 ], [ 88.677648805647948, 26.659207902023127 ], [ 88.678346458322437, 26.658660678047909 ], [ 88.678638523049472, 26.657755730742451 ], [ 88.678827377981179, 26.65658084113295 ], [ 88.678719578945447, 26.655859797991354 ], [ 88.678497354669219, 26.653785830052072 ], [ 88.678017685967518, 26.651185922392472 ], [ 88.677965343625772, 26.650902212367271 ], [ 88.677856638972742, 26.650090820634944 ], [ 88.677927415617773, 26.647202248584961 ], [ 88.677707068226653, 26.645308788969487 ], [ 88.677368666830546, 26.641701551585413 ], [ 88.677030395836141, 26.638094310604004 ], [ 88.676614719293923, 26.63674394078032 ], [ 88.67650319706496, 26.635661868400575 ], [ 88.676565876214283, 26.634971871654614 ], [ 88.676593451226836, 26.634668313591874 ], [ 88.676586024625408, 26.633946443973286 ], [ 88.676378756074769, 26.633316384343686 ], [ 88.676173219618477, 26.632866839333246 ], [ 88.676268154751597, 26.632324476193673 ], [ 88.676958228839226, 26.631055304358881 ], [ 88.677852905886937, 26.630145325346518 ], [ 88.679215592825415, 26.628794057100095 ], [ 88.680239157111487, 26.627779042668749 ], [ 88.681529041232352, 26.626234037071185 ], [ 88.682718370356554, 26.624689937090977 ], [ 88.684600468836607, 26.622147212823677 ], [ 88.685697699289449, 26.621416046013735 ], [ 88.687098116385016, 26.620862891908985 ], [ 88.688801617600632, 26.620487653382554 ], [ 88.691211833959017, 26.620467498676192 ], [ 88.692114661562414, 26.620369742369746 ], [ 88.69402371632151, 26.620443964317531 ], [ 88.696229268565958, 26.62006446210529 ], [ 88.698235003142941, 26.619776766284815 ], [ 88.701548004836638, 26.619658636736744 ], [ 88.704157145835666, 26.619456071640457 ], [ 88.705561189897082, 26.619263673379862 ], [ 88.706762519574681, 26.618892437735838 ], [ 88.707671274609709, 26.618498704651529 ], [ 88.708462156403471, 26.618156036871653 ], [ 88.709859487025767, 26.61733190084658 ], [ 88.711055027767372, 26.616419192391845 ], [ 88.712148255337752, 26.615326899217052 ], [ 88.713440394058978, 26.614052392603867 ], [ 88.714233291233484, 26.613052886981222 ], [ 88.714726736649652, 26.612236435663021 ], [ 88.715414476097237, 26.610786498298296 ], [ 88.716005474573024, 26.609698429239188 ], [ 88.716797374399391, 26.608608655964758 ], [ 88.717988984204339, 26.607334964137351 ], [ 88.718883047914403, 26.606424839434851 ], [ 88.720274468192201, 26.605059171243795 ], [ 88.721369398179263, 26.604147236206018 ], [ 88.721990051799537, 26.603641824410715 ], [ 88.722265511444277, 26.603417510110035 ], [ 88.723066817279857, 26.603230164240756 ], [ 88.72436926942629, 26.602948189907067 ], [ 88.726372608209374, 26.602479697080412 ], [ 88.728875159760889, 26.601736117827613 ], [ 88.731479031632034, 26.601081890716728 ], [ 88.734183268742925, 26.600426665358384 ], [ 88.735586054652742, 26.600143817783021 ], [ 88.737190589074487, 26.599949393349846 ], [ 88.738797139776239, 26.599935368422564 ], [ 88.73990064300034, 26.599835495112075 ], [ 88.740699960434881, 26.599467543792173 ], [ 88.742099818152155, 26.598913872577214 ], [ 88.743599088727024, 26.598268975932569 ], [ 88.744598304768033, 26.597809009578157 ], [ 88.745395656284586, 26.597260525652814 ], [ 88.745992211671307, 26.596713870049086 ], [ 88.746286612836968, 26.596079480183903 ], [ 88.746380126141958, 26.595446923137047 ], [ 88.746368404378416, 26.594364057555254 ], [ 88.7459530830684, 26.593104167623267 ], [ 88.745942334371307, 26.592111466271206 ], [ 88.746037882842074, 26.591659415749461 ], [ 88.746233819934901, 26.591206404751802 ], [ 88.746731892363016, 26.590841125317752 ], [ 88.747230927965006, 26.590566008314681 ], [ 88.748229068416833, 26.590443536839814 ], [ 88.749423267369934, 26.590940309747566 ], [ 88.750929337718844, 26.592433921788086 ], [ 88.751130459403214, 26.592737690292211 ], [ 88.751542329115239, 26.592172100362177 ], [ 88.753020722828182, 26.590687083142427 ], [ 88.755367516297895, 26.589200368002651 ], [ 88.756943033194489, 26.587506503022723 ], [ 88.758688786358448, 26.585458483222453 ], [ 88.759911313056705, 26.582681248141114 ], [ 88.76185559156238, 26.57918197616732 ], [ 88.762574708356169, 26.576645639784488 ], [ 88.762917261922155, 26.574759363054227 ], [ 88.762608566931874, 26.571644508087616 ], [ 88.762299203745329, 26.568484526939415 ], [ 88.762281663368128, 26.568322264960614 ], [ 88.761648913866338, 26.565346813005078 ], [ 88.760650172667397, 26.561080565016141 ], [ 88.760618737764617, 26.560665731138613 ], [ 88.760529042081657, 26.559394091564116 ], [ 88.759748159849778, 26.556898863192032 ], [ 88.758438594965241, 26.553629355410465 ], [ 88.757819607788747, 26.551542823042894 ], [ 88.757426830683755, 26.549151105738986 ], [ 88.757330723733958, 26.547784761257788 ], [ 88.757279233949532, 26.547040700867683 ], [ 88.757724419046781, 26.544643159554198 ], [ 88.757685704131973, 26.543420532131904 ], [ 88.757569953290783, 26.542410979283318 ], [ 88.756963293121544, 26.541127654817444 ], [ 88.75601103158391, 26.538896276741809 ], [ 88.754390774314857, 26.535301067790101 ], [ 88.753579201818752, 26.533735908385495 ], [ 88.753515589173162, 26.532852079859651 ], [ 88.753814947401963, 26.532410605365214 ], [ 88.753647845271928, 26.53132043908704 ], [ 88.753506318961513, 26.529932078302807 ], [ 88.7532193902627, 26.528550019068177 ], [ 88.7522738160838, 26.527076761383455 ], [ 88.751367163663758, 26.525521778707173 ], [ 88.750595459912631, 26.524592484955292 ], [ 88.75034002906915, 26.523629768798855 ], [ 88.750173595135379, 26.522580206911073 ], [ 88.75095187472931, 26.520968421255702 ], [ 88.75127532039977, 26.519470538334701 ], [ 88.750592276312545, 26.517768374410991 ], [ 88.750049314224555, 26.516700864753147 ], [ 88.748983979127388, 26.516253575242331 ], [ 88.749654901252768, 26.515834632362441 ], [ 88.751541559295561, 26.515856606397335 ], [ 88.752522684574274, 26.515713664554028 ], [ 88.753541147905707, 26.514726268302695 ], [ 88.754332225751682, 26.513962813133389 ], [ 88.754765332953809, 26.512752427282749 ], [ 88.75476325731853, 26.510635702875447 ], [ 88.754393099062327, 26.509385550802563 ], [ 88.754053556426527, 26.507178195417453 ], [ 88.753964671032804, 26.506610608992446 ], [ 88.753937983651099, 26.505514197822038 ], [ 88.754631028199469, 26.502594575779085 ], [ 88.754165431189733, 26.500673107677812 ], [ 88.753782684223552, 26.499251599681656 ], [ 88.753059688653764, 26.497554444981688 ], [ 88.752982867665253, 26.496458648048247 ], [ 88.753466828831165, 26.493974878837662 ], [ 88.754388707672774, 26.491594045129148 ], [ 88.754707831201529, 26.490809312899501 ], [ 88.755376737946165, 26.490268512781711 ], [ 88.757344402422291, 26.48871878934068 ], [ 88.760862757110601, 26.486572208340817 ], [ 88.762758635003081, 26.484928518336517 ], [ 88.762951653795824, 26.484759140921653 ], [ 88.764379683675543, 26.48302642972601 ], [ 88.763849657435799, 26.482802801608045 ], [ 88.763039650659437, 26.482636788556988 ], [ 88.762012713915681, 26.482058223208469 ], [ 88.760795324144965, 26.482804406897912 ], [ 88.759413951992371, 26.483981369444678 ], [ 88.758388929005946, 26.48484702087336 ], [ 88.757662965673376, 26.486580056724279 ], [ 88.756260353332721, 26.488014513159328 ], [ 88.755101176678011, 26.4889675472146 ], [ 88.753432187845249, 26.490039672193177 ], [ 88.750894898181059, 26.49140677570216 ], [ 88.750029289919837, 26.491877754255029 ], [ 88.749328700958813, 26.491322175577977 ], [ 88.749008491948416, 26.490712285943289 ], [ 88.748900440203215, 26.489869614890893 ], [ 88.749351896273026, 26.487553247284609 ], [ 88.748216723423127, 26.485454908617214 ], [ 88.747189624801422, 26.484199234706978 ], [ 88.747142861853661, 26.482764559736665 ], [ 88.747934187013186, 26.481364758676705 ], [ 88.749729840859516, 26.47872501464775 ], [ 88.751621162786478, 26.476115670401896 ], [ 88.753672046927477, 26.473120706755253 ], [ 88.75425644527877, 26.471312700720603 ], [ 88.7547775736262, 26.467979958008698 ], [ 88.755560235616429, 26.465691095267857 ], [ 88.75708775029949, 26.463912101362439 ], [ 88.758452508376593, 26.462645104987644 ], [ 88.760158633813944, 26.461405482177327 ], [ 88.760988127100461, 26.460555773929855 ], [ 88.761547089026976, 26.459722938762638 ], [ 88.761611090179713, 26.458656999321136 ], [ 88.761826109087735, 26.457629817961788 ], [ 88.762213909344496, 26.456424482703767 ], [ 88.762642074771975, 26.454577753660431 ], [ 88.76295863073625, 26.452317172799326 ], [ 88.762778403900256, 26.449701654707667 ], [ 88.762942989727264, 26.447998091438819 ], [ 88.763014262798038, 26.447410476212553 ], [ 88.76312639027077, 26.446542528814689 ], [ 88.763961171570884, 26.44506087236141 ], [ 88.764692341978048, 26.444677235066422 ], [ 88.766093413780084, 26.443838493151986 ], [ 88.768221285284142, 26.442661271600457 ], [ 88.770298687734282, 26.442121028162944 ], [ 88.772674230731241, 26.441735021154329 ], [ 88.774522121698624, 26.441924212432525 ], [ 88.775796789290439, 26.442657588876671 ], [ 88.776848932232497, 26.442937875182849 ], [ 88.779214564700453, 26.443865263271334 ], [ 88.781093389648277, 26.444433099707851 ], [ 88.782736912378653, 26.445021901139853 ], [ 88.7839293783382, 26.445295868809353 ], [ 88.784846504262816, 26.444945915621531 ], [ 88.785184095369743, 26.445054532141 ], [ 88.785796968055706, 26.445782543229825 ], [ 88.786211214675859, 26.446309936254579 ], [ 88.786886340232456, 26.446522645703567 ], [ 88.787427229383184, 26.44615932769085 ], [ 88.788859810731765, 26.445098822852458 ], [ 88.790045073121689, 26.443933082945478 ], [ 88.791776739305135, 26.442440036578489 ], [ 88.793290775848675, 26.440493859603976 ], [ 88.794635107624174, 26.439569807100952 ], [ 88.795813595421123, 26.439591108442926 ], [ 88.796813187378746, 26.439068537583012 ], [ 88.797550912944359, 26.437502168590242 ], [ 88.799064863152978, 26.434915048390849 ], [ 88.800407325237927, 26.433232731605358 ], [ 88.801456390699911, 26.43202800069173 ], [ 88.802621598208248, 26.431200915789702 ], [ 88.803889559555614, 26.430535002888121 ], [ 88.806443042412525, 26.430010803355913 ], [ 88.807881668104585, 26.429040308063804 ], [ 88.80854935986514, 26.427817785862203 ], [ 88.808096422611868, 26.426740325205913 ], [ 88.80851659936161, 26.426039961974709 ], [ 88.809361273204274, 26.425880334110161 ], [ 88.809821092969116, 26.425793273440888 ], [ 88.811490596214128, 26.425487789030285 ], [ 88.812299051659977, 26.424935947036374 ], [ 88.812955240192252, 26.42426417235373 ], [ 88.815316945320831, 26.423029153172934 ], [ 88.821599198144554, 26.419288969910099 ], [ 88.822815520419965, 26.418542316774563 ], [ 88.825864805816195, 26.416422788281125 ], [ 88.827365145685008, 26.414936806988123 ], [ 88.827581801359088, 26.414690320801697 ], [ 88.829585577212697, 26.412394519791292 ], [ 88.830623560329116, 26.4111536262389 ], [ 88.831889164553388, 26.410997508428295 ], [ 88.83309896584467, 26.410165103137047 ], [ 88.832671992018902, 26.409471018972397 ], [ 88.832213297305884, 26.408989464392334 ], [ 88.833261814181412, 26.407784523037378 ], [ 88.834304656334893, 26.406539028553368 ], [ 88.834807075186404, 26.405666036858179 ], [ 88.836848927436108, 26.403261337840547 ], [ 88.839226071226278, 26.398934162581611 ], [ 88.840388596056926, 26.396712224689452 ], [ 88.841995573037309, 26.394710219600995 ], [ 88.843904699742154, 26.39311952484627 ], [ 88.845825778436961, 26.391023168284619 ], [ 88.846955689353649, 26.388968593325956 ], [ 88.847699395410814, 26.38752377490232 ], [ 88.850611494624843, 26.385115531656538 ], [ 88.850491847920523, 26.385057753812362 ], [ 88.84858794627678, 26.384678335237027 ], [ 88.847260137745195, 26.384470450650838 ], [ 88.846298186012518, 26.384398105588161 ], [ 88.84479997483902, 26.384433857236786 ], [ 88.843943156551518, 26.384519459205706 ], [ 88.842645372785796, 26.384983983324219 ], [ 88.841813518778906, 26.385304212119763 ], [ 88.841177117130314, 26.385461972092401 ], [ 88.840781187002221, 26.385597228329459 ], [ 88.840440320564426, 26.385867986318544 ], [ 88.840277447945937, 26.386096533728107 ], [ 88.840277424563567, 26.386096565204355 ], [ 88.840144535342063, 26.386283038731278 ], [ 88.839788743755605, 26.386725220092899 ], [ 88.839593339061423, 26.386847063840946 ], [ 88.83948299314568, 26.386846947828417 ], [ 88.839412955743398, 26.386702612035947 ], [ 88.839117378264461, 26.386359519776079 ], [ 88.838937262944398, 26.385795330090446 ], [ 88.838921236126225, 26.385720573046058 ], [ 88.838921224435012, 26.385720513690785 ], [ 88.838792143842397, 26.38511839869517 ], [ 88.838710816351124, 26.384935119560168 ], [ 88.838601849096108, 26.384689555178852 ], [ 88.838096029008568, 26.384030615620475 ], [ 88.837204435736169, 26.383109714341913 ], [ 88.83659341835164, 26.3824010287845 ], [ 88.836212678672268, 26.381994753754952 ], [ 88.835967454234662, 26.381507307716106 ], [ 88.835606800013863, 26.380970159745118 ], [ 88.835306306840664, 26.380663139292494 ], [ 88.834259308020705, 26.380292752608511 ], [ 88.833502789322324, 26.380071457331951 ], [ 88.832667450442557, 26.379899619371997 ], [ 88.8322503340857, 26.379813812357611 ], [ 88.8310127932059, 26.379497472230582 ], [ 88.829755376409537, 26.379140575377278 ], [ 88.828152215252601, 26.378738438128494 ], [ 88.827445837355583, 26.37853063987717 ], [ 88.827141046322311, 26.378515069914613 ], [ 88.826644276112518, 26.378489691945788 ], [ 88.82508601630667, 26.378660585617581 ], [ 88.824840454623313, 26.37869666372012 ], [ 88.824609970973427, 26.378710074410435 ], [ 88.824489668663318, 26.378624319556764 ], [ 88.824434663429031, 26.378452885392392 ], [ 88.824369711692896, 26.378145996240789 ], [ 88.824259584312415, 26.37808267857281 ], [ 88.824029035911337, 26.378060072314554 ], [ 88.823442867694268, 26.377938009131867 ], [ 88.822711465261989, 26.37778872796747 ], [ 88.820241614858674, 26.377458373705053 ], [ 88.819860748374879, 26.377435685608475 ], [ 88.81952503325374, 26.377557389961623 ], [ 88.819114168084468, 26.377692596735983 ], [ 88.818638152428832, 26.377814276807499 ], [ 88.817851454281254, 26.377999027233386 ], [ 88.817184938833918, 26.378057406723997 ], [ 88.816308140308479, 26.378120170409602 ], [ 88.816077759181326, 26.37805692828465 ], [ 88.815902395878936, 26.377993708642805 ], [ 88.815712185668872, 26.377749967187299 ], [ 88.815451722219279, 26.37738426237388 ], [ 88.815301514753173, 26.377320995967239 ], [ 88.815071008620237, 26.377307310084348 ], [ 88.814625140038231, 26.377370373244162 ], [ 88.814103895678329, 26.377419766708897 ], [ 88.813507639765817, 26.377613541831522 ], [ 88.812911191398427, 26.377897673638756 ], [ 88.812375029983684, 26.378262911704041 ], [ 88.812199546172167, 26.37833951325797 ], [ 88.811868975173127, 26.37834839316389 ], [ 88.811668429954125, 26.378289641353888 ], [ 88.811488223802542, 26.378140726213587 ], [ 88.811272875742702, 26.378032332726036 ], [ 88.811162681812391, 26.377919449822798 ], [ 88.810962365920489, 26.377811047341993 ], [ 88.810731901156373, 26.37763938834712 ], [ 88.810606749701776, 26.377576159712078 ], [ 88.81035118755733, 26.377517380023107 ], [ 88.8101457464291, 26.377517271205136 ], [ 88.809875315793249, 26.377539646337652 ], [ 88.809098261075974, 26.378202729072711 ], [ 88.808907782867948, 26.378288360719296 ], [ 88.808787536315833, 26.378301887422197 ], [ 88.808481852255738, 26.37848673407558 ], [ 88.808411527070405, 26.378694331778036 ], [ 88.80827622226991, 26.378937956321693 ], [ 88.808106854747621, 26.379198461140106 ], [ 88.808085566895443, 26.379231202757865 ], [ 88.807895110271204, 26.3793440047221 ], [ 88.807599521101054, 26.379366423921397 ], [ 88.807409158006294, 26.379343734925499 ], [ 88.80687809484823, 26.37919454998854 ], [ 88.806482524448995, 26.3788648351441 ], [ 88.806372405162449, 26.378666284621374 ], [ 88.806252282716741, 26.378494759625482 ], [ 88.806076875347571, 26.37840896340299 ], [ 88.805831485434737, 26.37837270363741 ], [ 88.805706234155423, 26.378264338928147 ], [ 88.805370680012913, 26.378178396116141 ], [ 88.805085022955495, 26.378214314139314 ], [ 88.804919657416292, 26.378200693007614 ], [ 88.804594137909191, 26.377857633123313 ], [ 88.804273880335359, 26.377356449040917 ], [ 88.803663393550835, 26.376106097318598 ], [ 88.803473120388276, 26.375920920614021 ], [ 88.803162487358975, 26.375871126051663 ], [ 88.802330940920228, 26.375775895940876 ], [ 88.801774745308308, 26.375762138112236 ], [ 88.801464150050549, 26.375811632301065 ], [ 88.801188533923778, 26.375725737153118 ], [ 88.800838168846497, 26.37536898778859 ], [ 88.800647672652019, 26.375382488411162 ], [ 88.800542343154689, 26.375517858862167 ], [ 88.800497207979845, 26.375747974689318 ], [ 88.800416939889942, 26.37589684126624 ], [ 88.800306661423349, 26.375932799758971 ], [ 88.800076243423973, 26.375846966664255 ], [ 88.799440008149929, 26.375738342050909 ], [ 88.799139346803486, 26.375711069210524 ], [ 88.798923944784292, 26.375747085259832 ], [ 88.798773590728672, 26.375796635206598 ], [ 88.798568060567618, 26.376004214023283 ], [ 88.798407565756634, 26.376369645442821 ], [ 88.798036361588856, 26.376996697739457 ], [ 88.797845660349026, 26.377353119750751 ], [ 88.797609978617686, 26.377736554698288 ], [ 88.79719378136798, 26.378183095973156 ], [ 88.796862784989571, 26.378507878935523 ], [ 88.796612136740748, 26.37885069960015 ], [ 88.796261166419754, 26.379283781621268 ], [ 88.79582963033323, 26.380041661893245 ], [ 88.79568073767598, 26.380243809704098 ], [ 88.79556382401131, 26.380402543642504 ], [ 88.795303124939323, 26.380659645426363 ], [ 88.79473667975401, 26.38110607788326 ], [ 88.794696489951093, 26.381133077329707 ], [ 88.793964696313765, 26.381624681833671 ], [ 88.793583651764152, 26.382026089732278 ], [ 88.792996882799969, 26.382734275266614 ], [ 88.792430248757057, 26.383383803419861 ], [ 88.791898684676596, 26.384033340566248 ], [ 88.791612942183576, 26.384227291056675 ], [ 88.791502572885463, 26.384348998107839 ], [ 88.791467368024655, 26.384516070560267 ], [ 88.791435836894436, 26.384718811024356 ], [ 88.791411933813777, 26.384872506960676 ], [ 88.791231203357427, 26.385468003845347 ], [ 88.791075712374266, 26.385770267783698 ], [ 88.790910148084947, 26.385991328337184 ], [ 88.790759601574393, 26.386243973080923 ], [ 88.789721667021354, 26.387191130965959 ], [ 88.789491008902985, 26.38750679120551 ], [ 88.789315337133132, 26.387813638988291 ], [ 88.789250051748525, 26.388025679341695 ], [ 88.78919968611666, 26.388431877928895 ], [ 88.789174285664785, 26.388910158976728 ], [ 88.789183761821221, 26.389492352190359 ], [ 88.789273542040405, 26.390219052067664 ], [ 88.789428478141815, 26.390738135356685 ], [ 88.789553548657409, 26.39099094197843 ], [ 88.789588363212431, 26.391266182188588 ], [ 88.789583102178483, 26.391568461415432 ], [ 88.789532429877795, 26.392344668072042 ], [ 88.789497227714946, 26.392525280717166 ], [ 88.789406872828977, 26.392665062342815 ], [ 88.789216403614205, 26.392773236395783 ], [ 88.788955873614725, 26.392881474300623 ], [ 88.78876541519179, 26.392899291669039 ], [ 88.788364506416883, 26.392912697862755 ], [ 88.787758170902919, 26.392889766049905 ], [ 88.787181887134466, 26.392839646832272 ], [ 88.786938047652825, 26.392834189746111 ], [ 88.786560557223993, 26.392825742414118 ], [ 88.7862048519724, 26.392839119829546 ], [ 88.786074490745193, 26.39290664182812 ], [ 88.785999307422173, 26.393012361631236 ], [ 88.785994240641742, 26.393019485161176 ], [ 88.785863693254896, 26.393276660689367 ], [ 88.78571305321492, 26.393804525858229 ], [ 88.785497110703147, 26.394413724813603 ], [ 88.785215982631541, 26.394909911363357 ], [ 88.785035521072473, 26.395063180121724 ], [ 88.784824805420499, 26.395360890792517 ], [ 88.784699438128598, 26.395460122886391 ], [ 88.784594096040735, 26.395577431353445 ], [ 88.784473839596103, 26.395617926925866 ], [ 88.784273406792352, 26.395671968986221 ], [ 88.784108009776901, 26.395703457848356 ], [ 88.784012688834594, 26.395820731241827 ], [ 88.783932224692478, 26.396154638725648 ], [ 88.783856493682322, 26.396881148845978 ], [ 88.783901297007333, 26.397291845842062 ], [ 88.784021253977755, 26.397603306247618 ], [ 88.784041155075329, 26.397756782749354 ], [ 88.784016042406506, 26.397837975342327 ], [ 88.783960890582705, 26.397914667727775 ], [ 88.783825553406643, 26.397932693738881 ], [ 88.783104121757844, 26.397792296977002 ], [ 88.782582991611832, 26.397706176998497 ], [ 88.782152102137843, 26.397674356286586 ], [ 88.781944098841166, 26.397669306593286 ], [ 88.781771177198152, 26.397665110356627 ], [ 88.781500510939907, 26.397727966672392 ], [ 88.781345246585943, 26.397786588080635 ], [ 88.781189760998757, 26.397804500777113 ], [ 88.780909142842745, 26.397872084828919 ], [ 88.780463092597699, 26.397916903442365 ], [ 88.779989771310966, 26.398013380013538 ], [ 88.779911729942455, 26.398029287221902 ], [ 88.779345307240192, 26.398277257289635 ], [ 88.778778934000684, 26.398443711907817 ], [ 88.778322777174481, 26.398529178978492 ], [ 88.777921818936875, 26.398619194820014 ], [ 88.777616145668674, 26.398641498006782 ], [ 88.777490924966287, 26.398587269786731 ], [ 88.777452721765769, 26.398509749125651 ], [ 88.777410854727236, 26.398424791071307 ], [ 88.777275707308092, 26.398298290633647 ], [ 88.776414558784893, 26.398479372724921 ], [ 88.77543622590116, 26.398685089944991 ], [ 88.775265903298873, 26.398703090775086 ], [ 88.775130510364818, 26.398684911879229 ], [ 88.775107038059446, 26.398655808918477 ], [ 88.775010354644223, 26.398535928390459 ], [ 88.77475560458754, 26.397746000777374 ], [ 88.774440580168687, 26.396946981018402 ], [ 88.774180661708215, 26.396093839159391 ], [ 88.774045850635559, 26.395615380045797 ], [ 88.773965819067371, 26.395448294103517 ], [ 88.773845606689463, 26.395380549972458 ], [ 88.773675220235305, 26.395394036205857 ], [ 88.773159099313034, 26.395411717776597 ], [ 88.772627777150262, 26.395464983722093 ], [ 88.772131699418424, 26.395514716231219 ], [ 88.771725865056681, 26.395455743188052 ], [ 88.771340690820296, 26.395330526982264 ], [ 88.770974511164809, 26.395211483723074 ], [ 88.770328198087952, 26.395026039919856 ], [ 88.769807201940864, 26.394822615071689 ], [ 88.769692053645429, 26.394718606678396 ], [ 88.76965205270011, 26.394547142836416 ], [ 88.769562548572821, 26.393797947317466 ], [ 88.769463347955195, 26.392728331447415 ], [ 88.769373415750579, 26.392516141806539 ], [ 88.769108103156498, 26.392127842426021 ], [ 88.768657635441571, 26.391658152601735 ], [ 88.768217177181043, 26.391075685094847 ], [ 88.767861953966076, 26.390502182030104 ], [ 88.767451525867273, 26.390041561868657 ], [ 88.766906069959248, 26.389283009803137 ], [ 88.7666355925586, 26.389048133864321 ], [ 88.766410359150825, 26.388908111220417 ], [ 88.766109697804382, 26.388961921255714 ], [ 88.765979371650758, 26.388966327933758 ], [ 88.765829084144968, 26.38893017968411 ], [ 88.765769478878383, 26.388871727348373 ], [ 88.765713909769204, 26.388817232929 ], [ 88.765626450700211, 26.388651551727776 ], [ 88.765358800768126, 26.388144515756835 ], [ 88.765018762605848, 26.387381617267863 ], [ 88.764603774944305, 26.386487760401849 ], [ 88.764358895846442, 26.385819638765383 ], [ 88.763848832757503, 26.384821879626088 ], [ 88.763668748014368, 26.384433600929981 ], [ 88.763578902144673, 26.384054499815363 ], [ 88.763453892782991, 26.383801666213969 ], [ 88.763263751820773, 26.383575903105509 ], [ 88.762703155826046, 26.382997783820713 ], [ 88.762558166226427, 26.382636693428708 ], [ 88.762373306083248, 26.382144572713912 ], [ 88.762328280625695, 26.38207688524011 ], [ 88.762253199825352, 26.382036196313436 ], [ 88.762137886953951, 26.382058648787677 ], [ 88.761696707437181, 26.382315476278279 ], [ 88.761586437963786, 26.382333532866312 ], [ 88.761471195239551, 26.382274742385505 ], [ 88.761346293796464, 26.382021905186832 ], [ 88.761186287317344, 26.381602053092308 ], [ 88.760981395674946, 26.381123537321457 ], [ 88.760681131828846, 26.380739712068134 ], [ 88.760010625190262, 26.379791480392555 ], [ 88.759690570863199, 26.379258682442298 ], [ 88.759440371376115, 26.378910976660279 ], [ 88.758919868057546, 26.37832386325573 ], [ 88.758264449344892, 26.377456859246706 ], [ 88.757734117335701, 26.376603479966661 ], [ 88.757373970332537, 26.376088770980061 ], [ 88.75709915999829, 26.375425064115461 ], [ 88.757024285142677, 26.375073036191736 ], [ 88.756964940679552, 26.374409482211888 ], [ 88.756875417666436, 26.373791251365219 ], [ 88.756785632950653, 26.373294705985927 ], [ 88.756715960673091, 26.372802786719262 ], [ 88.756636125157115, 26.372500285359934 ], [ 88.756556250070958, 26.372274513258219 ], [ 88.756491354992079, 26.371985729258029 ], [ 88.756491831632786, 26.37159314730593 ], [ 88.756472033057946, 26.371317711942879 ], [ 88.756387027339485, 26.371123685010105 ], [ 88.756257032136375, 26.370956569390216 ], [ 88.756132036264546, 26.37074886017183 ], [ 88.756107162815397, 26.370469063996154 ], [ 88.756167822986697, 26.370040448907616 ], [ 88.756243337260287, 26.369580148005468 ], [ 88.756229139663105, 26.368839943008993 ], [ 88.756179569031929, 26.368411236189672 ], [ 88.756049538755292, 26.368122257935909 ], [ 88.75576932979078, 26.367828712025471 ], [ 88.755377857602127, 26.367604228652283 ], [ 88.753696422152245, 26.366640012426672 ], [ 88.753677062446513, 26.365994740764734 ], [ 88.753687810244287, 26.365286093878183 ], [ 88.753723488148523, 26.364834948074417 ], [ 88.753703739935702, 26.364469333193199 ], [ 88.753653786193354, 26.364293289104069 ], [ 88.753453818339096, 26.363977271833676 ], [ 88.753058397227335, 26.363597841567184 ], [ 88.752492785713571, 26.363182129951383 ], [ 88.752262552974514, 26.362965234158253 ], [ 88.752107437008647, 26.362838861424393 ], [ 88.751887038356188, 26.362789021895878 ], [ 88.75157150312242, 26.362702974762499 ], [ 88.75130611858259, 26.362553758349293 ], [ 88.750386270410104, 26.36152949169275 ], [ 88.750235321003345, 26.361361406603692 ], [ 88.749999953135386, 26.361182213088739 ], [ 88.749229018304618, 26.360864138169518 ], [ 88.749189455329144, 26.36039928759709 ], [ 88.749135719937556, 26.359085996821364 ], [ 88.749123383937103, 26.359039092680007 ], [ 88.749011052318281, 26.358611985754578 ], [ 88.748686442025758, 26.357695572992327 ], [ 88.748676740139501, 26.357357094254553 ], [ 88.748797148569622, 26.357221846111372 ], [ 88.749123038597418, 26.356978384344984 ], [ 88.749083204026704, 26.35674823434357 ], [ 88.748648048168945, 26.356115982166898 ], [ 88.748414150692554, 26.355713015743106 ], [ 88.748378133743927, 26.355650964320603 ], [ 88.748067703961453, 26.355456613631873 ], [ 88.748002917700546, 26.355212867679768 ], [ 88.748193386915318, 26.355032533824442 ], [ 88.748316532881745, 26.354386603858757 ], [ 88.748378138240525, 26.354125787874864 ], [ 88.748545090183825, 26.354094140732059 ], [ 88.748658461418927, 26.35410955780992 ], [ 88.748745492410592, 26.354121392888032 ], [ 88.748880713574124, 26.354071899598523 ], [ 88.749127073855448, 26.353291317740172 ], [ 88.749943881305114, 26.349844186659936 ], [ 88.750028104613421, 26.349289179951768 ], [ 88.750181328405631, 26.348902314090594 ], [ 88.750213912642039, 26.348820039613202 ], [ 88.750495377959396, 26.347863455933805 ], [ 88.750686569329787, 26.347173183095947 ], [ 88.750806965169375, 26.346911557722251 ], [ 88.751062893337917, 26.346541759194906 ], [ 88.75159445921696, 26.345987059155505 ], [ 88.752341434309812, 26.345319865619331 ], [ 88.75310835996288, 26.344733846689735 ], [ 88.753810276323236, 26.344102583767267 ], [ 88.754331809365567, 26.343575078327262 ], [ 88.754607722268645, 26.343209721551432 ], [ 88.754738140153108, 26.34300222277443 ], [ 88.754788529167342, 26.342749576231995 ], [ 88.754748692797989, 26.342420132083475 ], [ 88.754544032281331, 26.341797079071966 ], [ 88.754189224553102, 26.341043168407566 ], [ 88.75396936909118, 26.340514901241761 ], [ 88.753844815685738, 26.339955226152824 ], [ 88.753785319237124, 26.339404593747076 ], [ 88.7537905991569, 26.339057085815909 ], [ 88.753851156805524, 26.338628381694491 ], [ 88.753976741733311, 26.338339700217034 ], [ 88.754087114628703, 26.33811863516695 ], [ 88.754157653852701, 26.337793798245229 ], [ 88.754267825299962, 26.337685571132226 ], [ 88.755350215140368, 26.337262315103828 ], [ 88.756166823839919, 26.336992154264578 ], [ 88.756723095894245, 26.33674440902729 ], [ 88.757554718775282, 26.336447337774473 ], [ 88.75821610718765, 26.336195047363617 ], [ 88.758767353830365, 26.335920274800912 ], [ 88.759373674955214, 26.335577845341334 ], [ 88.759784693009237, 26.335298291982667 ], [ 88.760020370243922, 26.335050319216919 ], [ 88.760502038138611, 26.334143612837522 ], [ 88.760868072103904, 26.33367901767258 ], [ 88.761154069105089, 26.333241493000571 ], [ 88.761319637891006, 26.33286258703879 ], [ 88.761370213964256, 26.332424886099659 ], [ 88.761310534053962, 26.332009662815722 ], [ 88.761115822737111, 26.331422783234927 ], [ 88.760935736195336, 26.331120250399294 ], [ 88.760620546301254, 26.330826598368844 ], [ 88.760325318658602, 26.330600853246835 ], [ 88.760283716020751, 26.330555750447559 ], [ 88.760225204329799, 26.330492316767049 ], [ 88.760070342872098, 26.330122132430517 ], [ 88.759750282249797, 26.329711279851722 ], [ 88.759580170988158, 26.32947190010816 ], [ 88.759415343243575, 26.329038559082278 ], [ 88.759375727208123, 26.328578224005867 ], [ 88.759383057582113, 26.328383857129381 ], [ 88.759396321682971, 26.328032208719492 ], [ 88.75938673940658, 26.327617000724047 ], [ 88.759306968641738, 26.327309982969382 ], [ 88.759116958081222, 26.326953318141193 ], [ 88.758956929119051, 26.326677978106261 ], [ 88.758746836697242, 26.326483679578189 ], [ 88.758526715035941, 26.326248793746856 ], [ 88.758276520045399, 26.326045509192966 ], [ 88.758021267267736, 26.325891934665094 ], [ 88.757811046242864, 26.325814986872217 ], [ 88.757615780044262, 26.325720070624811 ], [ 88.757430624024153, 26.325598041616388 ], [ 88.757304721635649, 26.325426243226616 ], [ 88.757205610950223, 26.325290998680714 ], [ 88.757030640651578, 26.324947866850607 ], [ 88.756925655594614, 26.32470858783114 ], [ 88.756910925598788, 26.324469377160085 ], [ 88.756941338871741, 26.324182774915187 ], [ 88.756946355290097, 26.324135490360618 ], [ 88.757131916005164, 26.323833251603332 ], [ 88.757417695370407, 26.323467952384135 ], [ 88.757498078573519, 26.323292026106174 ], [ 88.757498337578284, 26.323043784443144 ], [ 88.757448531324712, 26.322750389618818 ], [ 88.757383720782173, 26.322524701154066 ], [ 88.757128699130192, 26.322113855769885 ], [ 88.756903609613971, 26.321860882773592 ], [ 88.756723454723726, 26.321684810805436 ], [ 88.756648611344417, 26.321517738353009 ], [ 88.756563692860198, 26.3212604297251 ], [ 88.756564195581234, 26.320696335367643 ], [ 88.756539925577158, 26.319911023974612 ], [ 88.756571871294909, 26.318164474910645 ], [ 88.756562540828668, 26.317419873128699 ], [ 88.756518093635179, 26.31693693808927 ], [ 88.756573482880015, 26.316584934447235 ], [ 88.756759086762486, 26.316233139447888 ], [ 88.757240415612728, 26.31567849696512 ], [ 88.7574110385886, 26.315376261805113 ], [ 88.757556555190945, 26.315083000979769 ], [ 88.757647035082641, 26.314740043618144 ], [ 88.757727779813251, 26.314117282886343 ], [ 88.757863358906945, 26.313643606367407 ], [ 88.757898734638957, 26.313372816902017 ], [ 88.757904096396999, 26.313097612664762 ], [ 88.757739151740509, 26.312727367174318 ], [ 88.757459178398449, 26.312307527670328 ], [ 88.757204231390233, 26.311846852650206 ], [ 88.756739634426651, 26.31091038230835 ], [ 88.756684630991003, 26.31079951298716 ], [ 88.756640250347345, 26.310671242683782 ], [ 88.756900461986788, 26.31029425137865 ], [ 88.757056297410259, 26.309676077189238 ], [ 88.757100630389857, 26.309370715086459 ], [ 88.757172249699636, 26.308877402769951 ], [ 88.757513427302911, 26.30820974608298 ], [ 88.757749230442698, 26.307754156729004 ], [ 88.758245934102661, 26.306833917351469 ], [ 88.758901612719285, 26.306055597288037 ], [ 88.758967834298176, 26.305976988447298 ], [ 88.759277973599637, 26.305647223240783 ], [ 88.759519143893442, 26.305390788753925 ], [ 88.759865835240134, 26.304280833793484 ], [ 88.760172345777221, 26.303130297825021 ], [ 88.760172385347346, 26.303094983246922 ], [ 88.760172838605683, 26.302679037807422 ], [ 88.760193407899521, 26.301752922259595 ], [ 88.760204311280006, 26.30126197426074 ], [ 88.760094542729007, 26.300824162704998 ], [ 88.760043651893056, 26.300629859680328 ], [ 88.759979865678304, 26.300386322370912 ], [ 88.759946613245688, 26.300336656411616 ], [ 88.759882814440402, 26.300241367844876 ], [ 88.759859900614003, 26.300207145943091 ], [ 88.759784621962808, 26.300245954387321 ], [ 88.7597638943883, 26.300263107156695 ], [ 88.75975623396306, 26.300210543581784 ], [ 88.759607700135291, 26.300255212008494 ], [ 88.759608367432293, 26.300044195982935 ], [ 88.759532676891581, 26.299637517157748 ], [ 88.759406038857662, 26.298880085647511 ], [ 88.759327414728489, 26.298357119985155 ], [ 88.759238932230971, 26.297874859437286 ], [ 88.759218293689344, 26.297762376732351 ], [ 88.75914731829414, 26.297425854919311 ], [ 88.759084976390625, 26.296955041841784 ], [ 88.758982426697685, 26.296421036102004 ], [ 88.758943917727663, 26.296197485325763 ], [ 88.75874569006163, 26.295617145614813 ], [ 88.758580294844762, 26.295115106277194 ], [ 88.758458952019055, 26.294767315059573 ], [ 88.758314823070691, 26.294755240761788 ], [ 88.757711577627276, 26.294735081558827 ], [ 88.757266927626688, 26.294720222060675 ], [ 88.756771876021332, 26.294698624841715 ], [ 88.756404284430232, 26.294673789164108 ], [ 88.755844369222302, 26.294647296035919 ], [ 88.755611244263548, 26.294638785751431 ], [ 88.755586278184239, 26.294272317413572 ], [ 88.755389512815839, 26.294235947930702 ], [ 88.755278765802473, 26.294225790088205 ], [ 88.755206968426933, 26.294219204352828 ], [ 88.754852399019057, 26.294326674236686 ], [ 88.754490709678578, 26.294425412602777 ], [ 88.75408551923141, 26.294545446914867 ], [ 88.753918740857273, 26.29462852898348 ], [ 88.753580056174712, 26.294824986783738 ], [ 88.753432096114409, 26.294947238824079 ], [ 88.753190779231147, 26.295257229737388 ], [ 88.753084033301548, 26.295347330115248 ], [ 88.752855414845556, 26.295367028865314 ], [ 88.752270718818693, 26.295409656730328 ], [ 88.751849545620075, 26.29544936089934 ], [ 88.751375380769275, 26.295492487888055 ], [ 88.751327309307953, 26.295496860391836 ], [ 88.750831769370734, 26.2955207499827 ], [ 88.750240275368469, 26.295524302304784 ], [ 88.749813796169803, 26.295526673816994 ], [ 88.749722086904853, 26.295527183732588 ], [ 88.749478066659492, 26.295528539910265 ], [ 88.748963479980659, 26.295534919700856 ], [ 88.748875796980485, 26.295533386356738 ], [ 88.748473094058113, 26.295526338369882 ], [ 88.747982733316576, 26.29551558697483 ], [ 88.74752193418999, 26.295513308992042 ], [ 88.747400925012755, 26.295512710043567 ], [ 88.747436429347772, 26.295790417094111 ], [ 88.747471957964535, 26.296065955879214 ], [ 88.747502909032107, 26.296319785030107 ], [ 88.747535916849131, 26.296606139062135 ], [ 88.747603762603603, 26.296782268586867 ], [ 88.747725630633397, 26.297078061003788 ], [ 88.747369060234007, 26.297146485921644 ], [ 88.747448696100491, 26.297344390731098 ], [ 88.74753977314208, 26.297596572323982 ], [ 88.747661503575614, 26.297905367139037 ], [ 88.747721975788636, 26.298096602576209 ], [ 88.747735637389837, 26.298168238073799 ], [ 88.747754085182919, 26.298467468598858 ], [ 88.74778434287316, 26.298786306143143 ], [ 88.747856466702615, 26.298786931172003 ], [ 88.747974481137476, 26.298779188009178 ], [ 88.74832324002557, 26.298756302061747 ], [ 88.748325146588286, 26.298756319148879 ], [ 88.748436234444739, 26.298757281423434 ], [ 88.748784858434533, 26.298758133980755 ], [ 88.74876403193457, 26.29890748888954 ], [ 88.748717706956654, 26.299193154940212 ], [ 88.74870786027958, 26.299440127659807 ], [ 88.748663200846124, 26.299795156621258 ], [ 88.748599629569298, 26.300119684176138 ], [ 88.748584095579588, 26.300223572959567 ], [ 88.748821738732317, 26.300260306667894 ], [ 88.748833181706004, 26.300314585249964 ], [ 88.74889580779535, 26.300529677902375 ], [ 88.748618403816351, 26.300613962364537 ], [ 88.748606058822588, 26.300869582065616 ], [ 88.748343564703816, 26.300908484039383 ], [ 88.747972767029637, 26.300957283052242 ], [ 88.747630678413145, 26.301019332676105 ], [ 88.747510681872541, 26.301038287686879 ], [ 88.747500621156803, 26.301039876788934 ], [ 88.747197484876096, 26.301056751667829 ], [ 88.747174183441871, 26.300987200798716 ], [ 88.747100834735818, 26.300650652006027 ], [ 88.746990130889913, 26.300209754876335 ], [ 88.746926770953792, 26.299838619057084 ], [ 88.746816641774672, 26.299794320251749 ], [ 88.746546268695397, 26.299670612209013 ], [ 88.746387988015272, 26.299632397317339 ], [ 88.746012201801705, 26.299473097705345 ], [ 88.745721275616461, 26.299472738875863 ], [ 88.745471312651034, 26.299464067612689 ], [ 88.744873002686973, 26.299428529103409 ], [ 88.744430800640998, 26.299409517435322 ], [ 88.744159317798335, 26.299389818685256 ], [ 88.743595223440877, 26.299302561064394 ], [ 88.743216063870307, 26.299234246763149 ], [ 88.742968320431714, 26.29924292701952 ], [ 88.742475238341626, 26.299260308216674 ], [ 88.742468327051711, 26.299232074001054 ], [ 88.742464911426566, 26.299102014046753 ], [ 88.74250165772537, 26.298814098791695 ], [ 88.742490054672317, 26.298774989074559 ], [ 88.742348407852774, 26.298531031781749 ], [ 88.742197353225322, 26.298267488154124 ], [ 88.742041142784558, 26.298036407354346 ], [ 88.741887499908273, 26.297790176575461 ], [ 88.741648552738582, 26.297454409293607 ], [ 88.741617473967324, 26.297410737315715 ], [ 88.741353774756931, 26.297562308154056 ], [ 88.741345546859577, 26.297564546566605 ], [ 88.74123802931166, 26.297593807808028 ], [ 88.741060997766908, 26.297286693825924 ], [ 88.741024414245373, 26.297110833198417 ], [ 88.741027134694548, 26.296857296327232 ], [ 88.741015127845913, 26.296631804814012 ], [ 88.740980343867818, 26.296512307397109 ], [ 88.740927747917283, 26.296260455855418 ], [ 88.740825386182678, 26.295940986987034 ], [ 88.740723209708392, 26.29560418368618 ], [ 88.740989076284905, 26.295474303596279 ], [ 88.741167394759543, 26.295436848631709 ], [ 88.741596249967017, 26.295353897864118 ], [ 88.742290320641814, 26.295227094354971 ], [ 88.742126374232839, 26.29523336442827 ], [ 88.741756671932933, 26.295252224110925 ], [ 88.741558369623135, 26.295226088013578 ], [ 88.741465539802903, 26.295213853636483 ], [ 88.741216227946609, 26.295394837701622 ], [ 88.741199561710459, 26.295400305579676 ], [ 88.741109837249269, 26.2954297466855 ], [ 88.741012947889317, 26.295359327970687 ], [ 88.74064960829287, 26.295095253743 ], [ 88.740573711807428, 26.295030915344512 ], [ 88.740141818690063, 26.294664786051101 ], [ 88.739796048249104, 26.294367124843006 ], [ 88.739335440678076, 26.294068461790118 ], [ 88.738756607331595, 26.293673202556306 ], [ 88.738485073227594, 26.293455821129271 ], [ 88.738325074842408, 26.293135888210713 ], [ 88.738155001352311, 26.292931337411346 ], [ 88.737814223947339, 26.292477492742137 ], [ 88.737784836800813, 26.292438355146032 ], [ 88.737380639205185, 26.292645851225132 ], [ 88.73730503859673, 26.292692971203735 ], [ 88.737277165908552, 26.292820140736978 ], [ 88.737305385734999, 26.293071235049524 ], [ 88.737282187722826, 26.293174554562086 ], [ 88.737304058335667, 26.293194655309151 ], [ 88.737312548835121, 26.29322658393977 ], [ 88.737223783950526, 26.293265624409116 ], [ 88.737204317225519, 26.29343268517033 ], [ 88.736859375959511, 26.293469485428488 ], [ 88.736853330716713, 26.293620737007473 ], [ 88.73665864727883, 26.293650887678382 ], [ 88.736400501382093, 26.293681402574748 ], [ 88.736313661046665, 26.293691669235216 ], [ 88.736181557832708, 26.293679676775696 ], [ 88.736119490222336, 26.293674043422413 ], [ 88.735672273556645, 26.29377365323154 ], [ 88.735140276902314, 26.293952154268538 ], [ 88.734777022741468, 26.294048514827125 ], [ 88.734427618140103, 26.294089252317178 ], [ 88.734223540384164, 26.294171079831528 ], [ 88.733996646827848, 26.294320396069452 ], [ 88.733858950730053, 26.294390859750422 ], [ 88.733706557012056, 26.294400961834981 ], [ 88.733593723571516, 26.294408443295083 ], [ 88.733258171227703, 26.294393555018587 ], [ 88.732905293444617, 26.294346660769804 ], [ 88.732538605672175, 26.294351408290936 ], [ 88.732282146903628, 26.294360858366986 ], [ 88.732189502343715, 26.294364272193434 ], [ 88.73152593757203, 26.294454007446518 ], [ 88.73097301009642, 26.294524802078001 ], [ 88.730698387720452, 26.294594059768087 ], [ 88.730594897336687, 26.294653985193293 ], [ 88.730556142851754, 26.294676425077 ], [ 88.730423895746242, 26.29465137176345 ], [ 88.730035510930122, 26.294620087946726 ], [ 88.729571781812353, 26.294612028222559 ], [ 88.729524489163907, 26.294492161184337 ], [ 88.72950953613622, 26.294241182884321 ], [ 88.729503505282594, 26.29398232022794 ], [ 88.729523326340484, 26.293783409976413 ], [ 88.729602291312744, 26.293425753196004 ], [ 88.729620561040122, 26.293370168798276 ], [ 88.729726847416146, 26.292937100267011 ], [ 88.729884235069449, 26.292679673827934 ], [ 88.730190823847522, 26.292105023228316 ], [ 88.730295726166901, 26.291799355356034 ], [ 88.730357303646713, 26.291531357386305 ], [ 88.730416247012272, 26.29127483206787 ], [ 88.730299559976743, 26.291445018872594 ], [ 88.730025657058491, 26.291856706921521 ], [ 88.729859090924379, 26.292145907307827 ], [ 88.729488799568514, 26.292678555071291 ], [ 88.729482176061651, 26.292688084287704 ], [ 88.728894826135388, 26.292674953286507 ], [ 88.728531164581625, 26.292655018014727 ], [ 88.728462193775272, 26.292651237264863 ], [ 88.728081443304006, 26.292731499958791 ], [ 88.727466038127204, 26.292861458289735 ], [ 88.727172812375443, 26.292955450933391 ], [ 88.727067098867565, 26.292989338287384 ], [ 88.726898297918183, 26.292669315436626 ], [ 88.726595169731354, 26.292109205975123 ], [ 88.726469761070689, 26.29186123590739 ], [ 88.726432255744044, 26.29165385674014 ], [ 88.726290477623479, 26.291286291229426 ], [ 88.726011469253933, 26.290539254083342 ], [ 88.725882382366137, 26.290223562367544 ], [ 88.725782914649869, 26.290027581207937 ], [ 88.725424938610104, 26.28963819814436 ], [ 88.725094113102898, 26.289189329424062 ], [ 88.724681800924429, 26.288922897174018 ], [ 88.724427925908117, 26.288709625648778 ], [ 88.724256671608146, 26.288616534125822 ], [ 88.724112394271629, 26.288479882140905 ], [ 88.723762265716061, 26.288182143591087 ], [ 88.723347144954857, 26.287768360121788 ], [ 88.723181391807827, 26.287575773003596 ], [ 88.723094315850062, 26.287459534729805 ], [ 88.722569564134119, 26.286973109421524 ], [ 88.722220528254809, 26.286575833907648 ], [ 88.722858509112939, 26.286398317628311 ], [ 88.722734184135334, 26.28617470120156 ], [ 88.722446950566393, 26.285658064967777 ], [ 88.722178195367462, 26.285189828447869 ], [ 88.721983007409904, 26.28486160198139 ], [ 88.721727243817327, 26.284417370165556 ], [ 88.721540501393065, 26.284125052729053 ], [ 88.721125823098305, 26.283419234210328 ], [ 88.721036114824869, 26.283282907780006 ], [ 88.721035393568627, 26.283281812405789 ], [ 88.72077598232579, 26.283311830876357 ], [ 88.720661985162565, 26.283325023031466 ], [ 88.720588110353049, 26.28323723301196 ], [ 88.720286773615783, 26.282849484915857 ], [ 88.720003033013597, 26.282849780792787 ], [ 88.719722747606795, 26.282819188554754 ], [ 88.719147202181716, 26.282701655257256 ], [ 88.718917197870439, 26.282634966030912 ], [ 88.718466669001657, 26.282490429689631 ], [ 88.718140478600276, 26.282380724990503 ], [ 88.718479931303818, 26.281846874833434 ], [ 88.718166273854536, 26.281731659988168 ], [ 88.717818568971836, 26.281593656322229 ], [ 88.717747202371527, 26.281562102708904 ], [ 88.717069452593194, 26.281137571441832 ], [ 88.71699159288778, 26.281088800307941 ], [ 88.716672041281754, 26.281513202972008 ], [ 88.716519993802706, 26.28174572898223 ], [ 88.716456414432059, 26.281842961883228 ], [ 88.716175636196738, 26.282243612552747 ], [ 88.716174515641455, 26.282245210648 ], [ 88.715666058741704, 26.282265988584584 ], [ 88.715455317009344, 26.282267853778478 ], [ 88.714874015023838, 26.282272997900577 ], [ 88.713804345194433, 26.282291585088615 ], [ 88.71358792514269, 26.282123821057553 ], [ 88.714393351671902, 26.281748721926022 ], [ 88.714404460997116, 26.28158860572961 ], [ 88.713967957954935, 26.281587531039804 ], [ 88.713247838417089, 26.281595649219867 ], [ 88.713132242259235, 26.281596952337509 ], [ 88.712857091981277, 26.281951473182005 ], [ 88.712537460335568, 26.282381486716304 ], [ 88.712347378728623, 26.282655251138976 ], [ 88.712435694851479, 26.282847172758864 ], [ 88.71271919803263, 26.28343715679938 ], [ 88.713015669437652, 26.283982281756948 ], [ 88.713379036913068, 26.284682598223355 ], [ 88.713705798383955, 26.285309503930534 ], [ 88.713910223278219, 26.285718889715042 ], [ 88.713344211566152, 26.285868444273319 ], [ 88.712837592880646, 26.286004471229433 ], [ 88.712487262876948, 26.286105347283979 ], [ 88.712256147003643, 26.286139828190585 ], [ 88.711849540124263, 26.286254256129041 ], [ 88.711283710075236, 26.286386937607119 ], [ 88.710596625334063, 26.28648761671019 ], [ 88.709953280019931, 26.28658024957889 ], [ 88.709560716953604, 26.286618720777369 ], [ 88.70953226690068, 26.286621508675751 ], [ 88.70945384781686, 26.286629195181263 ], [ 88.709043753366586, 26.286493421833995 ], [ 88.708487153959027, 26.286353528692473 ], [ 88.708136019062067, 26.286243577579114 ], [ 88.708118643260832, 26.286122557609986 ], [ 88.708064671347586, 26.285360349800328 ], [ 88.70758623831432, 26.285201475567703 ], [ 88.707026899571815, 26.285027821876554 ], [ 88.706552607017272, 26.284864621904831 ], [ 88.706439814945554, 26.284825809863264 ], [ 88.706323144097894, 26.285586204639685 ], [ 88.706322237581276, 26.285592105091609 ], [ 88.705785922382461, 26.285592924373987 ], [ 88.70543052829629, 26.285586926795304 ], [ 88.704824352861635, 26.285556641226037 ], [ 88.704813490849972, 26.285556098934876 ], [ 88.704720339971743, 26.285561718798363 ], [ 88.704610682037412, 26.285568335110611 ], [ 88.704207874793667, 26.285544536351324 ], [ 88.704199271878963, 26.285544028234369 ], [ 88.704161973396424, 26.285541823096708 ], [ 88.70370989769367, 26.285537768053587 ], [ 88.703689842812082, 26.285377371268737 ], [ 88.703577234202044, 26.28484512010624 ], [ 88.703576035405774, 26.284837555009233 ], [ 88.703486374796398, 26.284272090984246 ], [ 88.703483954720809, 26.284256825891873 ], [ 88.701381909047939, 26.284530277350484 ], [ 88.701260716408967, 26.284546041566614 ], [ 88.701354885319745, 26.283925701809721 ], [ 88.701477980924153, 26.283226918687376 ], [ 88.701201502347487, 26.283226396181306 ], [ 88.701082001333361, 26.283226169552108 ], [ 88.701075650321059, 26.283518435727274 ], [ 88.701021545308151, 26.28418129902775 ], [ 88.700974819232556, 26.284184703861058 ], [ 88.700884240415405, 26.28419130668351 ], [ 88.700360557094086, 26.284178163991101 ], [ 88.699976890121434, 26.284191575580792 ], [ 88.699618539064375, 26.284171484726301 ], [ 88.699604656229951, 26.284036706029212 ], [ 88.699579126275694, 26.283788861866526 ], [ 88.699581740604913, 26.283552778138244 ], [ 88.699552805817405, 26.283350140196887 ], [ 88.69951599386809, 26.282598342039876 ], [ 88.699514664670119, 26.282571204997168 ], [ 88.698934590259171, 26.282582844922388 ], [ 88.698604241392673, 26.282568625741533 ], [ 88.698708274966975, 26.282184483926869 ], [ 88.698403274391637, 26.2821339519204 ], [ 88.697898772710232, 26.282078811787812 ], [ 88.69794472716751, 26.281944714776841 ], [ 88.698043774001007, 26.281655687060379 ], [ 88.698158493319852, 26.281664113707905 ], [ 88.698305471320509, 26.281674910069114 ], [ 88.698307069415762, 26.281660486742112 ], [ 88.698357438644962, 26.281205973876638 ], [ 88.698416379312505, 26.280606525370899 ], [ 88.698434751562615, 26.280419646249698 ], [ 88.698058112791728, 26.280362846867945 ], [ 88.697715674338951, 26.28031478709778 ], [ 88.697295294342439, 26.280266024057823 ], [ 88.696800310186234, 26.280196910259235 ], [ 88.696802475753714, 26.279931659718386 ], [ 88.696830351139852, 26.279527156353254 ], [ 88.695898743432338, 26.279459210774007 ], [ 88.695842983666807, 26.27945514403973 ], [ 88.695731636805647, 26.279447023161651 ], [ 88.696038264254526, 26.277282247977439 ], [ 88.695992790035291, 26.277278333228537 ], [ 88.695982964042628, 26.277277486966511 ], [ 88.695790627835265, 26.277260928649014 ], [ 88.695385960793487, 26.277213145870064 ], [ 88.695220473845836, 26.277177326772289 ], [ 88.695043109551932, 26.277138324973748 ], [ 88.694894937251604, 26.277105740737397 ], [ 88.694609969974181, 26.277054134041123 ], [ 88.694257078701298, 26.276997007306079 ], [ 88.694124436793402, 26.276981440041482 ], [ 88.694097949061131, 26.276978331984481 ], [ 88.693985489738623, 26.276965132634814 ], [ 88.693496967211331, 26.276877358803119 ], [ 88.693154927158218, 26.276822779847464 ], [ 88.692991235257352, 26.276801964139395 ], [ 88.69286435800376, 26.276785827603931 ], [ 88.692527947706708, 26.276714138146986 ], [ 88.692137999868862, 26.276565961350059 ], [ 88.691631376686757, 26.276394662983364 ], [ 88.691582161287783, 26.276384855876472 ], [ 88.691476713079908, 26.276363842317494 ], [ 88.691443371614355, 26.276427282293298 ], [ 88.691357233649455, 26.276835925237833 ], [ 88.691351412337895, 26.276861243851386 ], [ 88.69128578521088, 26.277146635608801 ], [ 88.691264784242435, 26.277322962085066 ], [ 88.69122548836566, 26.277543971377213 ], [ 88.691221263350656, 26.277567733264334 ], [ 88.691167465905892, 26.277758473175027 ], [ 88.691126106084994, 26.27780958164692 ], [ 88.6910301700064, 26.277877358153603 ], [ 88.690891188777414, 26.277903066173621 ], [ 88.690735894745785, 26.277928627604126 ], [ 88.690675909065988, 26.277942792825684 ], [ 88.690547205289363, 26.278022530315582 ], [ 88.690456178609793, 26.27812201871626 ], [ 88.690326963118935, 26.27826324465309 ], [ 88.690084856630904, 26.278513569145957 ], [ 88.689849146121276, 26.278678142382432 ], [ 88.68973560581361, 26.278754730446508 ], [ 88.689605276962027, 26.278842640975142 ], [ 88.689451631387726, 26.278963829117458 ], [ 88.689284994207185, 26.279030961709566 ], [ 88.689217291444891, 26.279047517329104 ], [ 88.68917864397929, 26.279056965606514 ], [ 88.689059053932226, 26.279050977021029 ], [ 88.688964619721503, 26.278983926267244 ], [ 88.688828214150817, 26.278779200999395 ], [ 88.688807491972227, 26.278443139639251 ], [ 88.688798422309389, 26.278281249080408 ], [ 88.68872051493986, 26.277952022567831 ], [ 88.688561059745155, 26.277619605260611 ], [ 88.688464183875055, 26.277528014706149 ], [ 88.688281006363411, 26.277371897794922 ], [ 88.688026855255202, 26.277239653387369 ], [ 88.687667123738834, 26.277064772121605 ], [ 88.687509879077709, 26.277021664917925 ], [ 88.687173663034173, 26.276932802906572 ], [ 88.686856178070229, 26.276871077038606 ], [ 88.686519358581563, 26.276836143773039 ], [ 88.686276321295225, 26.276815176079538 ], [ 88.686106404287159, 26.276800516230878 ], [ 88.685951851296977, 26.276759883961518 ], [ 88.685939365109675, 26.276578414262474 ], [ 88.685935478239799, 26.276521926945406 ], [ 88.685908140648223, 26.275805800397393 ], [ 88.685887315946957, 26.275236830815118 ], [ 88.685875184991858, 26.27498957301043 ], [ 88.685865173738819, 26.274785527630058 ], [ 88.68578901734935, 26.274615671775905 ], [ 88.685727211441701, 26.274477818296702 ], [ 88.685814055374408, 26.274250606380406 ], [ 88.686002025373227, 26.273828531161826 ], [ 88.686070685913478, 26.2736743540882 ], [ 88.686177243884742, 26.273697654623106 ], [ 88.686257863609569, 26.273715283133868 ], [ 88.686716457598493, 26.273802809652011 ], [ 88.687011369579125, 26.273837708743315 ], [ 88.687142833375106, 26.273853266115395 ], [ 88.687150544162364, 26.273834770658198 ], [ 88.68726298819638, 26.273565064875868 ], [ 88.687457983699062, 26.273150059227873 ], [ 88.687232765579722, 26.273106334190004 ], [ 88.687321936957858, 26.272670752952934 ], [ 88.68733020442545, 26.272661022288389 ], [ 88.68743826066725, 26.272679595986631 ], [ 88.687797032607023, 26.272741264297963 ], [ 88.688315387445243, 26.272834231714455 ], [ 88.688719624611053, 26.272918805758309 ], [ 88.688714278141504, 26.273154114270994 ], [ 88.688691281577462, 26.273752104975699 ], [ 88.68872116514973, 26.27375482812289 ], [ 88.689082474976317, 26.27378752657313 ], [ 88.68976181025937, 26.27383291625614 ], [ 88.689772302649715, 26.273820257398995 ], [ 88.689844503820837, 26.273733149964926 ], [ 88.690070668926296, 26.273448359854001 ], [ 88.690379088724001, 26.273103024684872 ], [ 88.690384991873941, 26.273061398664652 ], [ 88.690403357828757, 26.272877694150338 ], [ 88.690429169270828, 26.272757798333771 ], [ 88.690600989244331, 26.272712773775538 ], [ 88.690778084640954, 26.272682507991419 ], [ 88.690817335551628, 26.272690745781347 ], [ 88.690875751015142, 26.272703006238771 ], [ 88.691008576384775, 26.272740984608788 ], [ 88.691122531279859, 26.272764082796243 ], [ 88.691141455713648, 26.272738319018231 ], [ 88.691249547029031, 26.272591167448468 ], [ 88.691506176668781, 26.272500328727233 ], [ 88.691663993298732, 26.272491952441726 ], [ 88.691666811773985, 26.272492672798649 ], [ 88.691783303656621, 26.27252245294892 ], [ 88.691768153677401, 26.272487288557556 ], [ 88.69175149283717, 26.272448615011626 ], [ 88.691747066374091, 26.272357865323272 ], [ 88.691741373665536, 26.272249864839466 ], [ 88.691722373688663, 26.271889377892535 ], [ 88.691718539878764, 26.271836516641997 ], [ 88.691694090010287, 26.27149931224352 ], [ 88.691872547879825, 26.27134647515976 ], [ 88.691877927624319, 26.270863550012848 ], [ 88.691906823740965, 26.270466646818363 ], [ 88.692175308243918, 26.270287657449501 ], [ 88.692164853625172, 26.270005623760596 ], [ 88.692184762816623, 26.269790999654958 ], [ 88.692195757028628, 26.269672480700478 ], [ 88.692246146042862, 26.269542999909561 ], [ 88.692362655012573, 26.269544054814332 ], [ 88.692466383716692, 26.269544994605894 ], [ 88.692465106679379, 26.269538434051526 ], [ 88.692455108016873, 26.269487086360016 ], [ 88.692369893655723, 26.269040652104479 ], [ 88.692369417015016, 26.269038158284445 ], [ 88.692352740886349, 26.269037803951562 ], [ 88.692203065818887, 26.269034622150116 ], [ 88.69209714366832, 26.269004742175184 ], [ 88.691982618603049, 26.268964217824418 ], [ 88.691862560009213, 26.26882609994459 ], [ 88.691758459885079, 26.268583202952527 ], [ 88.691263877725817, 26.268469066394346 ], [ 88.691257443975928, 26.268467581613663 ], [ 88.690909142842713, 26.26848894231091 ], [ 88.690107843302371, 26.268517270955329 ], [ 88.690028377407771, 26.26852008043744 ], [ 88.689979008224725, 26.268265390635293 ], [ 88.689927365555548, 26.267581293441992 ], [ 88.6899265723535, 26.267082013224353 ], [ 88.689971017748348, 26.266640856190634 ], [ 88.689778775969785, 26.266625159423597 ], [ 88.689697873857824, 26.266609860156962 ], [ 88.689599473636861, 26.266591252284513 ], [ 88.689520566221233, 26.266675183313112 ], [ 88.689414394958419, 26.266673801055106 ], [ 88.688946055915778, 26.26666770095369 ], [ 88.688793464346986, 26.266665714351291 ], [ 88.68873059004477, 26.266760147662751 ], [ 88.688722254228708, 26.266772668923579 ], [ 88.688629359657284, 26.266762068614639 ], [ 88.687978726237304, 26.26668781698919 ], [ 88.68783424385532, 26.266634517768807 ], [ 88.687980675967481, 26.266262103113604 ], [ 88.687447279068749, 26.266192383171983 ], [ 88.687334078704851, 26.266177585727064 ], [ 88.687133947174004, 26.266987299324455 ], [ 88.687005730829867, 26.267016753920132 ], [ 88.686839314882548, 26.267383957004085 ], [ 88.686774426098964, 26.267605474413187 ], [ 88.686620195965304, 26.267605414158595 ], [ 88.686339912357141, 26.267605305340624 ], [ 88.685910395248584, 26.267570251565928 ], [ 88.685931910629222, 26.267261955874631 ], [ 88.685932066211933, 26.267259731851198 ], [ 88.685812566996447, 26.267240299300397 ], [ 88.685577525582403, 26.267202075415526 ], [ 88.685739997103269, 26.266778802299939 ], [ 88.685339166569349, 26.26673935983365 ], [ 88.685350345142353, 26.266490211654002 ], [ 88.685464918771061, 26.26648480313122 ], [ 88.685487674316789, 26.266483728441358 ], [ 88.685500263026768, 26.266483133090162 ], [ 88.685541075160529, 26.266186283070567 ], [ 88.685541708283267, 26.266181670447793 ], [ 88.685298617936951, 26.266146379252064 ], [ 88.684983731114357, 26.266100663115139 ], [ 88.685059731021852, 26.265759206722066 ], [ 88.684527900742069, 26.265654560709436 ], [ 88.684650509813252, 26.265428411791845 ], [ 88.685203443584101, 26.264555330164399 ], [ 88.685661033929648, 26.263833358023078 ], [ 88.68619945623999, 26.263075911224348 ], [ 88.6846660545948, 26.262159887868563 ], [ 88.68441156534152, 26.261968094851738 ], [ 88.684142972919915, 26.261832162324481 ], [ 88.683929401920409, 26.261686806700823 ], [ 88.683771451291477, 26.261548136637259 ], [ 88.683722986826467, 26.261505588811929 ], [ 88.68364146688026, 26.26150486665631 ], [ 88.683477450324119, 26.261635939247242 ], [ 88.683465635031098, 26.261731333034618 ], [ 88.683462621402896, 26.261755663293286 ], [ 88.682910623826274, 26.261620166937178 ], [ 88.682903511987547, 26.261504235332268 ], [ 88.683110803021179, 26.260831884184142 ], [ 88.682953602426892, 26.260795442755523 ], [ 88.682394813170163, 26.260612577308621 ], [ 88.682185924940541, 26.260510242553721 ], [ 88.681927991283828, 26.260368515694495 ], [ 88.681415362429107, 26.260030667381443 ], [ 88.681094049950502, 26.25983325899773 ], [ 88.680889464976872, 26.25964501830299 ], [ 88.680576321939782, 26.259520610587742 ], [ 88.680166153745063, 26.259233253811658 ], [ 88.679692723640358, 26.258977730338017 ], [ 88.679469555975288, 26.25893208344894 ], [ 88.679360973630082, 26.258909872892389 ], [ 88.679008844082944, 26.259854716821792 ], [ 88.678768004739709, 26.26049265990838 ], [ 88.678590796927779, 26.261066361723238 ], [ 88.67846061286707, 26.261454119711914 ], [ 88.678283766582638, 26.261995410859583 ], [ 88.678175980137439, 26.262788530166574 ], [ 88.678034938561609, 26.264140461213344 ], [ 88.677836783740645, 26.26417916173898 ], [ 88.677758297207731, 26.264515215904567 ], [ 88.677751801404554, 26.264543024740874 ], [ 88.677249661342842, 26.264441190908258 ], [ 88.676870785058725, 26.264419074780506 ], [ 88.676755685326668, 26.264412355945524 ], [ 88.676681674719589, 26.264633776227868 ], [ 88.676671978229251, 26.264662785659084 ], [ 88.676403026078845, 26.264603600375892 ], [ 88.675927480768678, 26.264534416430251 ], [ 88.675380683971468, 26.26440785483868 ], [ 88.675575612024943, 26.263858630771267 ], [ 88.675632636237253, 26.263583647767177 ], [ 88.674834504109128, 26.263430470739706 ], [ 88.674682469220613, 26.263364250959455 ], [ 88.674520898820504, 26.263346562194158 ], [ 88.673963842557328, 26.26333334575736 ], [ 88.673470330591329, 26.263263989141819 ], [ 88.673210095569516, 26.263229187177274 ], [ 88.672842209000805, 26.263177189275893 ], [ 88.672725754889711, 26.263143705717482 ], [ 88.672564277119761, 26.263117911362542 ], [ 88.672164379182789, 26.263061570635045 ], [ 88.672133579201386, 26.263057232305471 ], [ 88.671917633092335, 26.263079555277329 ], [ 88.671944781826255, 26.263857705368878 ], [ 88.671570083792403, 26.263910473989256 ], [ 88.671566714931998, 26.263910948831267 ], [ 88.671216066568263, 26.26392393144431 ], [ 88.6711919926164, 26.263886904557069 ], [ 88.671189566245516, 26.263883170571887 ], [ 88.671043388641522, 26.263893797860533 ], [ 88.670991683919112, 26.263897557026667 ], [ 88.670715407689954, 26.263901568003007 ], [ 88.670650112412829, 26.263902515888446 ], [ 88.670157292025465, 26.263937155075723 ], [ 88.67003849428113, 26.263945505280901 ], [ 88.670023366785017, 26.263694168151403 ], [ 88.670096083267708, 26.263621911222288 ], [ 88.670083431605121, 26.263151813105765 ], [ 88.66990310584373, 26.263144126600196 ], [ 88.669840896140499, 26.263141476298131 ], [ 88.669606886248857, 26.263171733089052 ], [ 88.669247161027727, 26.263192728661522 ], [ 88.668887252344859, 26.263229928218664 ], [ 88.668563380395767, 26.263259354935315 ], [ 88.66814029074186, 26.263320280406674 ], [ 88.667404668690551, 26.263390209890304 ], [ 88.66728558496186, 26.263401529656903 ], [ 88.667289264088311, 26.263077439172548 ], [ 88.667339538888655, 26.262571927552472 ], [ 88.667339987650394, 26.262567410257816 ], [ 88.666107682623533, 26.262661375921823 ], [ 88.666100872057655, 26.26326094403737 ], [ 88.666215943910743, 26.263415965574382 ], [ 88.666221064650472, 26.26375634457969 ], [ 88.666288077632714, 26.264186429160418 ], [ 88.666383889604901, 26.264454716711839 ], [ 88.666380025218075, 26.264795012080185 ], [ 88.666801557246117, 26.264871832169376 ], [ 88.66681922532706, 26.265690411283515 ], [ 88.667250756916928, 26.265678185899617 ], [ 88.667263580350038, 26.266132080031525 ], [ 88.667414602601866, 26.26628743341837 ], [ 88.667376173671528, 26.266505861656242 ], [ 88.668354232262061, 26.266644532619125 ], [ 88.668374022743023, 26.267276757816148 ], [ 88.668553570590859, 26.267294619251345 ], [ 88.668750632735566, 26.267353157921946 ], [ 88.66876216744015, 26.267316511447916 ], [ 88.668806573264817, 26.267175405120895 ], [ 88.670031404925453, 26.266951696963304 ], [ 88.671282000364101, 26.266833556623396 ], [ 88.671335653917367, 26.266834981149486 ], [ 88.671749208059566, 26.266845957375097 ], [ 88.671695934020192, 26.2675828510678 ], [ 88.671767189104571, 26.26843433367759 ], [ 88.672126014104322, 26.26849435443097 ], [ 88.67211713060118, 26.270074379628966 ], [ 88.67209686168087, 26.270392350226814 ], [ 88.671895464803924, 26.270392584050569 ], [ 88.67192860392197, 26.271644649880727 ], [ 88.672027092276551, 26.27167796796391 ], [ 88.672025626381583, 26.271807605236859 ], [ 88.671994572791334, 26.27225295041336 ], [ 88.671993441444215, 26.272269184974959 ], [ 88.67115848207834, 26.272188577840666 ], [ 88.671065331200111, 26.27214800672516 ], [ 88.671006438196628, 26.272122356261775 ], [ 88.670971777425621, 26.272139791418283 ], [ 88.670943162796789, 26.27215418506762 ], [ 88.67069180408356, 26.272127563336426 ], [ 88.670305549761395, 26.272107800734489 ], [ 88.670179731909172, 26.272106643306984 ], [ 88.669640884219461, 26.272069269281417 ], [ 88.669399615000316, 26.271945500984145 ], [ 88.668780069344791, 26.27189117293932 ], [ 88.668287609585548, 26.271907117019907 ], [ 88.668195644013792, 26.271910094675206 ], [ 88.667512088212334, 26.271952409576102 ], [ 88.667473472223037, 26.272187043597228 ], [ 88.667311433276097, 26.272209857598909 ], [ 88.667144137791809, 26.272826513732696 ], [ 88.667142584662599, 26.272832239716138 ], [ 88.667026811338303, 26.27283117132157 ], [ 88.666908923707922, 26.272830083141855 ], [ 88.666796387943009, 26.273242303589484 ], [ 88.666718144227048, 26.273800696245189 ], [ 88.667571637720982, 26.273832881182557 ], [ 88.667537871775437, 26.274432199286593 ], [ 88.667223139636235, 26.274445502957633 ], [ 88.667219461409047, 26.274769591643405 ], [ 88.66720605881261, 26.275158418026649 ], [ 88.667255703188232, 26.275531248168591 ], [ 88.667255751751611, 26.275531617789966 ], [ 88.667015691221252, 26.27554021980535 ], [ 88.666896079590458, 26.27554450597421 ], [ 88.666944482901613, 26.276031139025918 ], [ 88.667294616853155, 26.276066781856571 ], [ 88.66729397293858, 26.276123497601361 ], [ 88.667151255026454, 26.276819047660979 ], [ 88.667126565038984, 26.277410347409671 ], [ 88.667268707385006, 26.277557515167246 ], [ 88.667262727792718, 26.278084159956052 ], [ 88.668044078571427, 26.278139986271412 ], [ 88.668036266160811, 26.278828677201716 ], [ 88.668431528991903, 26.278848527037951 ], [ 88.668476907883075, 26.279602533929847 ], [ 88.669348601856541, 26.279618668666672 ], [ 88.66934740935551, 26.279723999063378 ], [ 88.66939115327915, 26.279829741349545 ], [ 88.669492300928994, 26.280422199425004 ], [ 88.669524393236202, 26.280762823945224 ], [ 88.668207774968891, 26.28193374394715 ], [ 88.667363369124246, 26.282679543626102 ], [ 88.666634134957405, 26.283572259252423 ], [ 88.665705593938071, 26.284600880426353 ], [ 88.665531784664211, 26.284866677755019 ], [ 88.666338669893776, 26.285052396750757 ], [ 88.666271578670489, 26.286210517601376 ], [ 88.666073567741023, 26.286232999753167 ], [ 88.666082246198755, 26.287051490733745 ], [ 88.666327615427178, 26.287071057283526 ], [ 88.666377656403768, 26.287592848431245 ], [ 88.666301128594284, 26.287760312988098 ], [ 88.666220590707781, 26.288280900842949 ], [ 88.666060276660517, 26.289254812659522 ], [ 88.666180751640411, 26.28924854798214 ], [ 88.667982990322798, 26.28915483322902 ], [ 88.667999137650156, 26.28915548433821 ], [ 88.668523768856915, 26.289176634594071 ], [ 88.668520144589081, 26.289496125945504 ], [ 88.669545553384637, 26.289556024391061 ], [ 88.66874663075248, 26.290910850355488 ], [ 88.668167703876463, 26.292036925663638 ], [ 88.668877949757643, 26.292206545895453 ], [ 88.668866729815761, 26.292322500882733 ], [ 88.668846175810415, 26.292388377121938 ], [ 88.668852356850834, 26.292541990320672 ], [ 88.668781492971561, 26.292852019005522 ], [ 88.668766333099825, 26.292966153765008 ], [ 88.668747671268079, 26.293094487920314 ], [ 88.668736254374721, 26.293172997835654 ], [ 88.668715232721866, 26.293279937119451 ], [ 88.668672309879241, 26.293436334619173 ], [ 88.668669775589706, 26.293445571555935 ], [ 88.668483009783131, 26.293438382375484 ], [ 88.668364857752067, 26.293433832705261 ], [ 88.668256537109585, 26.29390242985329 ], [ 88.668146721793846, 26.294328159017368 ], [ 88.668358672214993, 26.294328327190613 ], [ 88.66859014601846, 26.294353672783814 ], [ 88.66878972806353, 26.294396577639986 ], [ 88.668914225710978, 26.29442272273053 ], [ 88.669156916758368, 26.294507094426933 ], [ 88.669096987735827, 26.294726161183462 ], [ 88.668966257786622, 26.295074921870196 ], [ 88.668836133081129, 26.295370119835241 ], [ 88.668724928312827, 26.295569074153491 ], [ 88.668523599784351, 26.295854689842088 ], [ 88.668419104857833, 26.295985855962556 ], [ 88.668382663429213, 26.296055155021463 ], [ 88.668359862917384, 26.296144222078226 ], [ 88.668316749418523, 26.296277739925813 ], [ 88.668237070384521, 26.296491267757858 ], [ 88.668214068424561, 26.296598188155883 ], [ 88.66820565976343, 26.296640962610411 ], [ 88.66807775998069, 26.296739772922251 ], [ 88.668035937908257, 26.296934011195731 ], [ 88.667944055074145, 26.297001014285456 ], [ 88.667924223224361, 26.297177598867165 ], [ 88.668236789796083, 26.297214405420505 ], [ 88.668565081913073, 26.297262068589646 ], [ 88.668737100636747, 26.297290435904927 ], [ 88.66873402585469, 26.297386827040498 ], [ 88.668712882793386, 26.297504478149222 ], [ 88.66886929917888, 26.297511275225247 ], [ 88.669183908110938, 26.297542741604275 ], [ 88.669258952938378, 26.297563074376455 ], [ 88.669468930246978, 26.297563222764552 ], [ 88.669637089080481, 26.297582625637688 ], [ 88.669900423166041, 26.297593977779911 ], [ 88.670114117372691, 26.297615585790709 ], [ 88.670147689064663, 26.297624821828094 ], [ 88.670149122584007, 26.297673045274848 ], [ 88.670297332655821, 26.29770476256482 ], [ 88.670514868766247, 26.297737119272711 ], [ 88.670593915576774, 26.297753916809882 ], [ 88.670601391640957, 26.297968247736492 ], [ 88.670583627332576, 26.2981377105869 ], [ 88.670563111998092, 26.29820001471893 ], [ 88.670707381240732, 26.29822991088173 ], [ 88.670814219800434, 26.298241606564943 ], [ 88.671127073255889, 26.298253412864767 ], [ 88.67132888472031, 26.298274909359634 ], [ 88.671524795732807, 26.298292780687348 ], [ 88.671889391682157, 26.298283633682786 ], [ 88.672063594859083, 26.298294162945297 ], [ 88.672200083167354, 26.298311486585874 ], [ 88.672572499621197, 26.298311338197777 ], [ 88.672956600067096, 26.298329151069538 ], [ 88.6732358854278, 26.298331715036682 ], [ 88.673245199706287, 26.29832579120233 ], [ 88.67332168075103, 26.298277152268838 ], [ 88.67339940735684, 26.298299438368417 ], [ 88.673521109012029, 26.298334333862442 ], [ 88.673714735746501, 26.298378965416987 ], [ 88.673862828906465, 26.298421390934493 ], [ 88.673849935326302, 26.298510548822833 ], [ 88.674065634121803, 26.298530383370519 ], [ 88.674283232285404, 26.298557379219744 ], [ 88.674292507892972, 26.298538637348258 ], [ 88.674329857636906, 26.298463173436744 ], [ 88.674439038930586, 26.29844274893378 ], [ 88.674524482618835, 26.298444352424951 ], [ 88.674625207587326, 26.298446241001272 ], [ 88.674694533625882, 26.29844687772129 ], [ 88.675135794081712, 26.298490206158135 ], [ 88.675907476249108, 26.298568701684303 ], [ 88.676237935732217, 26.298600299364352 ], [ 88.676803842223592, 26.29865726332207 ], [ 88.677118497920389, 26.298685142305544 ], [ 88.677807110609706, 26.298752152589827 ], [ 88.678226604774068, 26.298793487229716 ], [ 88.678549725789253, 26.298821041557858 ], [ 88.678553025401868, 26.298832184158016 ], [ 88.678689799694553, 26.299873804132801 ], [ 88.678694245942779, 26.299911727644144 ], [ 88.678716799141, 26.300202970390842 ], [ 88.678764814844385, 26.300527040190786 ], [ 88.678762822846068, 26.300703971011501 ], [ 88.678808858242292, 26.300974472693838 ], [ 88.678975985553336, 26.301043520841858 ], [ 88.679462213010765, 26.301220259207639 ], [ 88.679615518641356, 26.301273785057163 ], [ 88.679886765861625, 26.30136849086324 ], [ 88.680079646158788, 26.301444758768639 ], [ 88.679979732378797, 26.301830341297261 ], [ 88.679897790650557, 26.302185141830876 ], [ 88.679890123030816, 26.302218344800849 ], [ 88.679827705584216, 26.30248552618616 ], [ 88.679775722971272, 26.30274349131912 ], [ 88.679688067850122, 26.303187393083761 ], [ 88.679760233048398, 26.303202020556853 ], [ 88.679755870437134, 26.303360303934937 ], [ 88.679736799413831, 26.303649371221582 ], [ 88.679735162647717, 26.303674171825605 ], [ 88.67973491173683, 26.303677965166003 ], [ 88.679734070870722, 26.303690721149906 ], [ 88.679585537042954, 26.303676599995129 ], [ 88.679252586437769, 26.303644944758446 ], [ 88.679246364927849, 26.303644353903849 ], [ 88.679072359601776, 26.303641387939763 ], [ 88.678951936782539, 26.303639334787533 ], [ 88.678951825266608, 26.303642196430246 ], [ 88.678950710107245, 26.303670796669962 ], [ 88.67894467475702, 26.303825530423921 ], [ 88.678894436828841, 26.30409122702855 ], [ 88.678889739669785, 26.304116062706157 ], [ 88.678819947782415, 26.304120080877055 ], [ 88.678773717233298, 26.304096375647248 ], [ 88.67869177010914, 26.304032763001658 ], [ 88.678632467014779, 26.304022907331387 ], [ 88.678626357920166, 26.304021624898098 ], [ 88.678516495839688, 26.303998565381562 ], [ 88.678404226274097, 26.304290003281096 ], [ 88.678399413102511, 26.304302497562276 ], [ 88.678386339657891, 26.304316348920395 ], [ 88.678352839911668, 26.304309057217267 ], [ 88.678301422972368, 26.304298733899486 ], [ 88.678182732247365, 26.304274904563272 ], [ 88.678164298843399, 26.304535502911165 ], [ 88.678133068086709, 26.305014843360368 ], [ 88.678094624767198, 26.305217052325133 ], [ 88.67805860871789, 26.305433252042974 ], [ 88.678053246060529, 26.305680000831444 ], [ 88.678050434779777, 26.305716705761427 ], [ 88.678029017425274, 26.305996424595378 ], [ 88.678025842818442, 26.306278118340515 ], [ 88.678021941559393, 26.306294938360793 ], [ 88.677955249635147, 26.306582475900598 ], [ 88.677928519085924, 26.306681446291748 ], [ 88.677855510323582, 26.30695176001575 ], [ 88.677974013989626, 26.306980783836138 ], [ 88.678398952649616, 26.307096428557372 ], [ 88.678451570183881, 26.30724126257428 ], [ 88.678498370903128, 26.307369797278398 ], [ 88.678544284890904, 26.307495893920418 ], [ 88.678664497268812, 26.307832264647345 ], [ 88.678703188801194, 26.307837274770463 ], [ 88.678878704088959, 26.307850521784189 ], [ 88.679214420109474, 26.307860576204689 ], [ 88.679511102855145, 26.30789588358823 ], [ 88.679642471323064, 26.307929680110703 ], [ 88.679774154553627, 26.307935539193807 ], [ 88.679936146735827, 26.307941584436605 ], [ 88.680104677888608, 26.307947871597037 ], [ 88.680308528116143, 26.307968359951929 ], [ 88.680386436384993, 26.307983144806315 ], [ 88.680592086155912, 26.308022171785865 ], [ 88.680873192643787, 26.308064319412836 ], [ 88.68104090721215, 26.308082147573089 ], [ 88.681188062379249, 26.308090477093913 ], [ 88.681435380438529, 26.308150940313681 ], [ 88.681731618919116, 26.308225820565212 ], [ 88.682066813332824, 26.308282428391408 ], [ 88.682221167572891, 26.308339715205761 ], [ 88.682414138701574, 26.308408995378898 ], [ 88.682625582804462, 26.308443518553588 ], [ 88.682971580773881, 26.308458314199868 ], [ 88.682974108768178, 26.308693494109491 ], [ 88.682957172735371, 26.308821394791607 ], [ 88.682948406144078, 26.308912116600936 ], [ 88.682973321861368, 26.308993832599356 ], [ 88.682969851377607, 26.309072963046845 ], [ 88.682955367796069, 26.309212528835189 ], [ 88.682890111189749, 26.309272467750247 ], [ 88.682878970388231, 26.309344543016323 ], [ 88.682834505208291, 26.309623530701458 ], [ 88.682796198585777, 26.309814099740947 ], [ 88.682777327211966, 26.309907633730347 ], [ 88.682762537860867, 26.310051277944183 ], [ 88.682939254642918, 26.3101879299291 ], [ 88.682927042748872, 26.310355453841169 ], [ 88.682902849187201, 26.310417582605396 ], [ 88.682879161943845, 26.310478415446539 ], [ 88.682776043879358, 26.310689348734513 ], [ 88.68270407833063, 26.31088659613954 ], [ 88.682664257249712, 26.311212192089044 ], [ 88.682631144211996, 26.311400480447844 ], [ 88.682586678132736, 26.311679468132979 ], [ 88.682491403955169, 26.31234215696503 ], [ 88.682444760617273, 26.312499603973606 ], [ 88.682440385415532, 26.312514371740917 ], [ 88.682205077802166, 26.312495342086436 ], [ 88.682137542313797, 26.312489881402939 ], [ 88.68192097657186, 26.312450652975315 ], [ 88.681449855026869, 26.312381163260113 ], [ 88.680906303882864, 26.312320323224412 ], [ 88.681052688330965, 26.311556175577095 ], [ 88.681052839417077, 26.311555391368245 ], [ 88.680870223981685, 26.311545030278978 ], [ 88.680805008744244, 26.311541328669421 ], [ 88.680708296550677, 26.311535841006332 ], [ 88.680666524840319, 26.311624176014959 ], [ 88.680592043887771, 26.311923914656973 ], [ 88.680591111290823, 26.311927665729229 ], [ 88.680529915123543, 26.311928485910926 ], [ 88.680411078708346, 26.31193007771094 ], [ 88.680360671707717, 26.31201073340867 ], [ 88.680267987577622, 26.312249173360726 ], [ 88.680147257190242, 26.312580639185228 ], [ 88.68010902431206, 26.312779019736013 ], [ 88.680098382634299, 26.312924929342046 ], [ 88.680038291733808, 26.313066328848038 ], [ 88.680028061046244, 26.313175740368195 ], [ 88.679979316892002, 26.313380750721137 ], [ 88.679976101815726, 26.313394274726022 ], [ 88.679841200810813, 26.313384930769985 ], [ 88.679571492330581, 26.313358132771668 ], [ 88.679305382937116, 26.31332498196241 ], [ 88.679185020372472, 26.313309986666582 ], [ 88.679166911623724, 26.313719448893494 ], [ 88.679148229107568, 26.31378011356145 ], [ 88.679103048966567, 26.313795923642999 ], [ 88.679046541864466, 26.314018470775864 ], [ 88.678993941417332, 26.314293780233811 ], [ 88.678987296326738, 26.314484336682824 ], [ 88.678951971856065, 26.314649867697312 ], [ 88.678949288279114, 26.314662442018118 ], [ 88.678481589553769, 26.314633830087246 ], [ 88.678261421127729, 26.31460342670681 ], [ 88.677969485903134, 26.314552087109178 ], [ 88.677839266768785, 26.314526561651576 ], [ 88.677855735154139, 26.314263090869019 ], [ 88.67785438796966, 26.313983234438751 ], [ 88.677870719658017, 26.313731928785558 ], [ 88.678320965240403, 26.313711713824603 ], [ 88.678379253899493, 26.313331010118077 ], [ 88.677978872127312, 26.3133192352945 ], [ 88.677412093293526, 26.313297826033875 ], [ 88.677313373813206, 26.313272589258645 ], [ 88.677271576022463, 26.312988304566659 ], [ 88.676866604110558, 26.312984596661863 ], [ 88.676894038828891, 26.312546831870861 ], [ 88.676861745073552, 26.312218022643663 ], [ 88.676970331915356, 26.312166291840924 ], [ 88.676942444838005, 26.311845634968108 ], [ 88.676980499650369, 26.311663477287709 ], [ 88.676661414792534, 26.311644567243036 ], [ 88.676656708640223, 26.311644287553861 ], [ 88.676512629154558, 26.311651080133288 ], [ 88.676417888274955, 26.311657322327619 ], [ 88.676296465409621, 26.311665322696513 ], [ 88.676317435801082, 26.311401893282778 ], [ 88.675912376654935, 26.311406292766264 ], [ 88.67576852559705, 26.311392808331505 ], [ 88.675575180350336, 26.311378868839768 ], [ 88.675293382283826, 26.311373432438018 ], [ 88.675174759907293, 26.311371142764074 ], [ 88.675160803328481, 26.311411571786664 ], [ 88.675045153211329, 26.311690356225029 ], [ 88.675012282091188, 26.311811726030385 ], [ 88.675006959004008, 26.31188467993411 ], [ 88.674991398933969, 26.312067046257255 ], [ 88.674997696886237, 26.312306390027913 ], [ 88.675032275818921, 26.312432435408596 ], [ 88.675017081772978, 26.312582356890289 ], [ 88.674996107784182, 26.312845787203344 ], [ 88.675508706061976, 26.312882931901811 ], [ 88.675859359821629, 26.312914534977836 ], [ 88.675839531569181, 26.313076582018709 ], [ 88.675818811189231, 26.313367194340572 ], [ 88.675818146590245, 26.313376508619001 ], [ 88.675170373014339, 26.313354349323788 ], [ 88.675013113064779, 26.31333262889774 ], [ 88.67471848706856, 26.313312595599882 ], [ 88.674599415031025, 26.313304499902813 ], [ 88.674522199240187, 26.313766142593465 ], [ 88.674471981097099, 26.314228034396308 ], [ 88.674903542364632, 26.314268493995826 ], [ 88.675015669837364, 26.31430196766172 ], [ 88.675222566967932, 26.31431197711612 ], [ 88.675406643801637, 26.314350165028145 ], [ 88.675753077942261, 26.314357397376057 ], [ 88.675695511438732, 26.314673214996901 ], [ 88.675692444750609, 26.314944919072786 ], [ 88.675656309990757, 26.314956755949595 ], [ 88.675608109926372, 26.315240214164589 ], [ 88.675573727945221, 26.315495409385676 ], [ 88.675516574230585, 26.315774728920644 ], [ 88.675500511439509, 26.316001701617267 ], [ 88.675498863881501, 26.316147693061623 ], [ 88.675501394573757, 26.316322112075852 ], [ 88.67591078575424, 26.31633397503299 ], [ 88.675982600216912, 26.316350857106443 ], [ 88.676067273186163, 26.316424633889767 ], [ 88.676048176082531, 26.316521795744336 ], [ 88.676051578217823, 26.316619165342274 ], [ 88.676021332218738, 26.316906843176298 ], [ 88.676001457201551, 26.317072946159612 ], [ 88.675994212263163, 26.317316221766248 ], [ 88.675972170779119, 26.317431881775974 ], [ 88.675970293894011, 26.317441731151007 ], [ 88.675695893650641, 26.317431103862418 ], [ 88.675232500879247, 26.317418746278179 ], [ 88.675174804873393, 26.317411540909916 ], [ 88.675057234703672, 26.317396860376846 ], [ 88.675019038697712, 26.317591184985247 ], [ 88.675022805058461, 26.317656109741733 ], [ 88.674994340616365, 26.317785632800792 ], [ 88.674937962117326, 26.317996012106335 ], [ 88.674951094917162, 26.318028578356234 ], [ 88.675220448165192, 26.318087828390617 ], [ 88.675445212126874, 26.318110166650911 ], [ 88.675389199651875, 26.318288103813018 ], [ 88.67533204323928, 26.318567425146625 ], [ 88.675256519073173, 26.31887902314844 ], [ 88.675377468895135, 26.318928798825084 ], [ 88.675349737400495, 26.318993435798461 ], [ 88.675302495114124, 26.31919173361166 ], [ 88.675218977773682, 26.319414031632277 ], [ 88.675139824843086, 26.319648537050398 ], [ 88.675008972586056, 26.320077243869775 ], [ 88.675098513585567, 26.320118621677125 ], [ 88.675418011232296, 26.320121549869668 ], [ 88.675543689689562, 26.320151092598906 ], [ 88.676124275814743, 26.320148302002565 ], [ 88.676232062259942, 26.320143124605579 ], [ 88.676407957061599, 26.320134678172906 ], [ 88.676416895423415, 26.320134838252216 ], [ 88.676871407389569, 26.320142978016065 ], [ 88.676949076438802, 26.32013692108211 ], [ 88.677150678361158, 26.320121199134064 ], [ 88.67716713325666, 26.320124120132107 ], [ 88.677415672595259, 26.320168238173721 ], [ 88.677469673286851, 26.320168731901504 ], [ 88.677516986619707, 26.320159346576645 ], [ 88.677586945781002, 26.320145470936779 ], [ 88.677677639711362, 26.32014630101105 ], [ 88.677784944119935, 26.320147283070696 ], [ 88.678144850104786, 26.320158685574938 ], [ 88.67816184369417, 26.320248068293779 ], [ 88.678164427446404, 26.320418431365567 ], [ 88.678149556257097, 26.320539968444848 ], [ 88.678130094928008, 26.320669570644213 ], [ 88.678096264231272, 26.320876102650061 ], [ 88.678082354417199, 26.32091247662953 ], [ 88.67805265880321, 26.321151492147692 ], [ 88.678049735107265, 26.321411031094271 ], [ 88.678513281662674, 26.321411214555951 ], [ 88.678787645933198, 26.321425890592423 ], [ 88.678901224911669, 26.321420108850987 ], [ 88.678990282975235, 26.321415576267896 ], [ 88.67899982927878, 26.321415927902819 ], [ 88.679282692142579, 26.321426360038515 ], [ 88.679244227239337, 26.321645017603544 ], [ 88.679223398041472, 26.321896280089334 ], [ 88.679188930624719, 26.322159587195245 ], [ 88.679211340830761, 26.322167904125536 ], [ 88.679534796393796, 26.322219527009622 ], [ 88.679754658151012, 26.32227831569179 ], [ 88.680128116019773, 26.322285783662039 ], [ 88.680704166863848, 26.322286988753604 ], [ 88.681167763781332, 26.322283108178965 ], [ 88.681486901699202, 26.322318465924525 ], [ 88.681585902667337, 26.322319368843864 ], [ 88.681620957341352, 26.322313121253615 ], [ 88.681802361389941, 26.322280787028774 ], [ 88.681868901328812, 26.322285145143383 ], [ 88.681874315247512, 26.322285498576946 ], [ 88.682054227320805, 26.322295250825221 ], [ 88.682184591245971, 26.322308606656918 ], [ 88.682245538301004, 26.322299888629004 ], [ 88.682624931695273, 26.322320453426244 ], [ 88.682961287133764, 26.322370558254704 ], [ 88.683037058613422, 26.322384076863727 ], [ 88.683278758607855, 26.322411937860693 ], [ 88.683515664316531, 26.322444030167901 ], [ 88.68358683576389, 26.322444678579132 ], [ 88.683781181956022, 26.322463555348861 ], [ 88.684226859881733, 26.322497547923547 ], [ 88.684511453940502, 26.322508692322344 ], [ 88.68493810580901, 26.322546784006931 ], [ 88.685203336564769, 26.322591960550596 ], [ 88.685407413421444, 26.322589541374271 ], [ 88.68541538321341, 26.322585286681658 ], [ 88.68556495036222, 26.322505447568403 ], [ 88.685601872928146, 26.322545068999773 ], [ 88.685677486127133, 26.322626209432087 ], [ 88.685889519285922, 26.322760702144762 ], [ 88.686055492766855, 26.32277076465914 ], [ 88.686501775036959, 26.322807100867067 ], [ 88.686991884867666, 26.322852334067989 ], [ 88.68712511763016, 26.322861857888483 ], [ 88.687453443921356, 26.322876150813784 ], [ 88.687748463820583, 26.322871406889988 ], [ 88.688100582575885, 26.322869046169615 ], [ 88.688333742608165, 26.322885713305084 ], [ 88.688469354976803, 26.32290951296369 ], [ 88.689218793312705, 26.322978551219194 ], [ 88.689623251711737, 26.323009503186086 ], [ 88.689487616860106, 26.323361630934585 ], [ 88.689523296562925, 26.323473458933051 ], [ 88.689585148335993, 26.323592425749894 ], [ 88.689692202733056, 26.323720912789952 ], [ 88.690041924795025, 26.324006445740906 ], [ 88.690170393848632, 26.324127795761228 ], [ 88.690315513849953, 26.324289593689855 ], [ 88.690327404686059, 26.324356214567672 ], [ 88.690377310764347, 26.325269863713288 ], [ 88.690396338620189, 26.325350760429274 ], [ 88.690681813115248, 26.325779047265257 ], [ 88.69071035759697, 26.325859944880619 ], [ 88.690729375560295, 26.326107390643642 ], [ 88.690719849941161, 26.326254906438805 ], [ 88.690717464039778, 26.326357215113433 ], [ 88.690736489197661, 26.326504731807972 ], [ 88.690762651375337, 26.326628456937783 ], [ 88.690826821600581, 26.327694379292211 ], [ 88.69089579690359, 26.328010828237211 ], [ 88.690952881370436, 26.328270172930161 ], [ 88.69099568820053, 26.328569966430848 ], [ 88.690879086600603, 26.328886404583955 ], [ 88.691395369400823, 26.328891189876572 ], [ 88.691550015021221, 26.328919749646786 ], [ 88.69189499675673, 26.328915009320269 ], [ 88.691904523275184, 26.328910775312067 ], [ 88.691937823371916, 26.328895976068509 ], [ 88.692209068793545, 26.328622372624466 ], [ 88.692328455593781, 26.32861900736134 ], [ 88.692630185334849, 26.328610497976172 ], [ 88.692860964861723, 26.328622405899353 ], [ 88.692961642166097, 26.328615501803995 ], [ 88.693103642419203, 26.328605763944893 ], [ 88.693172641104582, 26.328579596371299 ], [ 88.693298738645922, 26.328565326828425 ], [ 88.693350270698488, 26.328567447429805 ], [ 88.693472419316777, 26.328572472841415 ], [ 88.693912568210521, 26.328577255436016 ], [ 88.694010112276942, 26.32860105329604 ], [ 88.694295611953009, 26.328627239755349 ], [ 88.695023639229646, 26.328691517899301 ], [ 88.695118806387882, 26.328708177840213 ], [ 88.695523266585553, 26.328712956837535 ], [ 88.695611294925357, 26.32873199728391 ], [ 88.695615513645123, 26.328706693958793 ], [ 88.695663657052194, 26.328417933341029 ], [ 88.695706530432119, 26.327668459931544 ], [ 88.69579931888353, 26.327673223640431 ], [ 88.695827276107991, 26.32767972663811 ], [ 88.696003925440891, 26.327720820259685 ], [ 88.696191880151218, 26.327732726384284 ], [ 88.696360803408425, 26.327725598357745 ], [ 88.696360833985352, 26.327724795263123 ], [ 88.696391780556269, 26.326940433554228 ], [ 88.696134830757899, 26.326926145125526 ], [ 88.696141999253939, 26.326438392417913 ], [ 88.696263489568423, 26.326444550075962 ], [ 88.696517909573913, 26.326457444555444 ], [ 88.696519951034986, 26.326445444002104 ], [ 88.696558370972127, 26.326219519015638 ], [ 88.696648786112632, 26.326121973150578 ], [ 88.69666784274682, 26.325755564167991 ], [ 88.696020710387529, 26.325674634177062 ], [ 88.69593268024903, 26.325681769398216 ], [ 88.695829521715098, 26.325668308345826 ], [ 88.695713796054918, 26.325653206030665 ], [ 88.695694339222428, 26.325722374687871 ], [ 88.695692378700357, 26.32572934173578 ], [ 88.695154683042233, 26.325724554644523 ], [ 88.694471861986926, 26.325660278299267 ], [ 88.694250597287294, 26.325667405426486 ], [ 88.694131400243975, 26.325666144576985 ], [ 88.694024575174069, 26.325665014129129 ], [ 88.693984127265708, 26.325684047380946 ], [ 88.693655798276552, 26.325722097696712 ], [ 88.693569583869248, 26.325727349737463 ], [ 88.693460702949153, 26.325733984036162 ], [ 88.693310815641667, 26.325724459316405 ], [ 88.693053866742616, 26.325681619211423 ], [ 88.692763606954941, 26.325653053145913 ], [ 88.692635134304055, 26.325617356355963 ], [ 88.692156918906733, 26.325605434942929 ], [ 88.692128378921609, 26.325429366572052 ], [ 88.692133142630496, 26.325353229967618 ], [ 88.691949951628999, 26.325253291006618 ], [ 88.691797698205278, 26.32503200921991 ], [ 88.691681137074852, 26.324736972233552 ], [ 88.691545536397427, 26.324553758749005 ], [ 88.691438478403086, 26.324446686365548 ], [ 88.691338559227177, 26.324346751001826 ], [ 88.69106257257971, 26.324358631945358 ], [ 88.690906248824376, 26.324090598902046 ], [ 88.690896047814419, 26.324073109786241 ], [ 88.690732853238671, 26.324107102360927 ], [ 88.690610542742434, 26.32413257655719 ], [ 88.69061530914928, 26.324001716206283 ], [ 88.69061770314454, 26.323770925887573 ], [ 88.690577266028072, 26.323637683232562 ], [ 88.690410735866806, 26.323421159758766 ], [ 88.689851629149416, 26.323416371768189 ], [ 88.689787395971621, 26.323330714940596 ], [ 88.68974457565173, 26.323249817325234 ], [ 88.689861165560387, 26.323099928219165 ], [ 88.689939683569605, 26.323016658192273 ], [ 88.690044377246295, 26.322859630267772 ], [ 88.690070554712406, 26.322759701199288 ], [ 88.690149072721567, 26.322697844030301 ], [ 88.690553537415894, 26.322655038099583 ], [ 88.690604605418287, 26.322656800770801 ], [ 88.69069152939062, 26.32265980270779 ], [ 88.691084093356267, 26.322674100129689 ], [ 88.691150708838222, 26.322705034110072 ], [ 88.691317248892005, 26.322731214274143 ], [ 88.691398565591385, 26.322719169654022 ], [ 88.69150996461326, 26.32270267159106 ], [ 88.691529002361619, 26.322647951441866 ], [ 88.691674136752056, 26.322583717364694 ], [ 88.691757412174866, 26.3225385147407 ], [ 88.691793103568955, 26.322467138247873 ], [ 88.691755046957894, 26.322305344815845 ], [ 88.691676543337849, 26.322162582836995 ], [ 88.69167416732904, 26.322103100777554 ], [ 88.691705106705342, 26.321943689649629 ], [ 88.691809797684073, 26.321839007664096 ], [ 88.691952556065644, 26.321717671133683 ], [ 88.692061999062048, 26.321712919115953 ], [ 88.692230922319254, 26.32169389305875 ], [ 88.692316580945487, 26.321570174224235 ], [ 88.692416509114651, 26.321541627943816 ], [ 88.69247123286118, 26.321505941945702 ], [ 88.692495028922508, 26.321444081179436 ], [ 88.692483138086402, 26.32135366783757 ], [ 88.692437939059687, 26.321260873090864 ], [ 88.692361809649867, 26.321187110696656 ], [ 88.692326126349712, 26.321132386050806 ], [ 88.692150082260525, 26.320889689607554 ], [ 88.692121554865935, 26.320518518714721 ], [ 88.692093005887557, 26.320494726250672 ], [ 88.692140598909589, 26.32035197056706 ], [ 88.692047832941171, 26.319999831127348 ], [ 88.691902710241948, 26.319899893065667 ], [ 88.691714760927539, 26.31979043657941 ], [ 88.691593426195709, 26.319745224062899 ], [ 88.691331717185051, 26.319711900583798 ], [ 88.691372168690691, 26.319628627858947 ], [ 88.691543482345878, 26.319431154724043 ], [ 88.691434049242048, 26.319302667684042 ], [ 88.690996279055071, 26.319297886888023 ], [ 88.690955847334521, 26.319078991002698 ], [ 88.690948722005999, 26.318874372754124 ], [ 88.690886864837012, 26.318848197086652 ], [ 88.690920183819458, 26.318693545171016 ], [ 88.690941612865174, 26.318438963287576 ], [ 88.690803621789769, 26.318405645204393 ], [ 88.690891666317384, 26.318181997301394 ], [ 88.690944013155729, 26.318098724576544 ], [ 88.690989258947184, 26.31805614257695 ], [ 88.691024909871771, 26.318022591569388 ], [ 88.691229529019608, 26.317882223585798 ], [ 88.691498390338495, 26.317687137251653 ], [ 88.691681598427067, 26.317513458379437 ], [ 88.691733942567453, 26.317461116937068 ], [ 88.691795804233038, 26.317439705877803 ], [ 88.691815155844836, 26.317093681827998 ], [ 88.691819621878096, 26.317013815735038 ], [ 88.691940059985825, 26.317022715426049 ], [ 88.692021931566956, 26.317028765165446 ], [ 88.692030468831149, 26.317011741898398 ], [ 88.692067883326217, 26.316937152127934 ], [ 88.692180446970099, 26.316948861300943 ], [ 88.692377960574504, 26.316969407212412 ], [ 88.692455233022656, 26.316999556084681 ], [ 88.692454499175881, 26.316958909426205 ], [ 88.692452706826998, 26.316859648553987 ], [ 88.692429554680245, 26.316737962187233 ], [ 88.692430251654855, 26.316675388258602 ], [ 88.692493852609289, 26.316466139400859 ], [ 88.692573832016819, 26.316253355308163 ], [ 88.692596467952683, 26.316054778705109 ], [ 88.692621957437439, 26.315966662231745 ], [ 88.692626410880223, 26.315933572576341 ], [ 88.69252346008966, 26.315641829806623 ], [ 88.692645168040144, 26.315637159627272 ], [ 88.692834024770491, 26.315629914688884 ], [ 88.692834632712163, 26.315628699704803 ], [ 88.692909221583363, 26.315479667652596 ], [ 88.693088695686811, 26.315135264181151 ], [ 88.693123458980494, 26.314947839171509 ], [ 88.693147037405936, 26.314664604887639 ], [ 88.693146369209614, 26.313990947923969 ], [ 88.693239896004457, 26.314028606135309 ], [ 88.693267634693655, 26.314033867169258 ], [ 88.69328065417892, 26.314036335808282 ], [ 88.693476693794423, 26.314038109271394 ], [ 88.693725173777807, 26.314099254177279 ], [ 88.693770016673, 26.314107020722474 ], [ 88.693869964627197, 26.314097461828453 ], [ 88.693945841327547, 26.314090205198852 ], [ 88.694408334776881, 26.31400603674922 ], [ 88.694419281324826, 26.314020208266072 ], [ 88.694537186042339, 26.314172852894899 ], [ 88.694658236588396, 26.314306467869244 ], [ 88.694780229623973, 26.314355425162773 ], [ 88.695110147715184, 26.314439390365635 ], [ 88.695236756970814, 26.314440533403967 ], [ 88.695469676884159, 26.314431593243512 ], [ 88.695483868186045, 26.314429764022464 ], [ 88.69597689361882, 26.31436622961786 ], [ 88.696308120223648, 26.314332407914321 ], [ 88.696353210432392, 26.314318088908749 ], [ 88.69655893124974, 26.314183742785531 ], [ 88.696719889211579, 26.314034269166257 ], [ 88.696807414830403, 26.313876768198327 ], [ 88.696883463301276, 26.313649222633558 ], [ 88.696908540896516, 26.313597912713533 ], [ 88.696897105117387, 26.313524186292227 ], [ 88.696808970657514, 26.313368783442627 ], [ 88.696523371156729, 26.312972323613906 ], [ 88.696091236121731, 26.312530367982163 ], [ 88.696215749057615, 26.312527873262809 ], [ 88.696217884947487, 26.312527830994668 ], [ 88.696247065249906, 26.312523716596274 ], [ 88.696291521436649, 26.312517451019573 ], [ 88.696682631198541, 26.312287524050021 ], [ 88.696735549106393, 26.312256413802515 ], [ 88.6970514953303, 26.312126742355304 ], [ 88.697145470886824, 26.312123907692239 ], [ 88.697157745733421, 26.312126851173275 ], [ 88.697528395019447, 26.31221570778871 ], [ 88.697617347862376, 26.312297495732878 ], [ 88.697753632923877, 26.312530635980124 ], [ 88.697765681141334, 26.312549150323093 ], [ 88.697880159441866, 26.312539138170735 ], [ 88.697884228874102, 26.312539175042957 ], [ 88.697912831811777, 26.312539433148345 ], [ 88.697915039647398, 26.312540661622279 ], [ 88.698127983819461, 26.312659167986283 ], [ 88.69831507787859, 26.312730796289259 ], [ 88.698523082074644, 26.312758437851699 ], [ 88.698751547645884, 26.312782582849991 ], [ 88.698792143942342, 26.312805035324175 ], [ 88.698823837849886, 26.312893668008428 ], [ 88.698855000258106, 26.313030150920781 ], [ 88.698946609698339, 26.313240800922301 ], [ 88.698985696033105, 26.313399443129867 ], [ 88.699042180652157, 26.313462530571371 ], [ 88.699049002909192, 26.313584070348611 ], [ 88.699092991448481, 26.313669132724328 ], [ 88.699071590281733, 26.313757287868611 ], [ 88.698947025185134, 26.313940224361943 ], [ 88.698875717040778, 26.314108914694714 ], [ 88.698842798256578, 26.314130705267871 ], [ 88.698791014393862, 26.314380555818047 ], [ 88.698872207886154, 26.314425461665792 ], [ 88.699202780683834, 26.314450524871859 ], [ 88.69926392109312, 26.314462118931715 ], [ 88.699373214802108, 26.31455145038916 ], [ 88.699417977657617, 26.31456657698601 ], [ 88.699650205092951, 26.314620202660251 ], [ 88.699874020269874, 26.314695840140985 ], [ 88.700114335308399, 26.314756899611268 ], [ 88.700342601230147, 26.314799447436599 ], [ 88.700689921202979, 26.314787846182185 ], [ 88.701372183779313, 26.314775574033547 ], [ 88.701841949146683, 26.314772431802339 ], [ 88.701950631316663, 26.314766332600243 ], [ 88.70218118061706, 26.314753394053923 ], [ 88.702190537163631, 26.314753477690886 ], [ 88.702475241839011, 26.314756035362791 ], [ 88.702936755926601, 26.314760177640153 ], [ 88.703431187899071, 26.314742529344301 ], [ 88.703676361075281, 26.314733686310603 ], [ 88.704203140762388, 26.314745773198922 ], [ 88.704260441965857, 26.314738037230711 ], [ 88.704305408068194, 26.314731965907527 ], [ 88.70437234011149, 26.314733016315699 ], [ 88.704852648231167, 26.314740552634476 ], [ 88.705408422960431, 26.314716084779548 ], [ 88.7054190493497, 26.314714637770351 ], [ 88.705662049763816, 26.314681545417045 ], [ 88.705841915971689, 26.3146684324023 ], [ 88.7058790939451, 26.314668224658874 ], [ 88.706095176751091, 26.314667018668047 ], [ 88.706233754184439, 26.314694028007011 ], [ 88.706231442027502, 26.314903831746506 ], [ 88.70617207238331, 26.315102082794908 ], [ 88.706171625420211, 26.315142571172771 ], [ 88.706199037655495, 26.31524956981184 ], [ 88.70620145863046, 26.315400519218656 ], [ 88.706146171908358, 26.315598805340642 ], [ 88.706276827213856, 26.31560365628377 ], [ 88.706468581559875, 26.315623778614565 ], [ 88.7065723894043, 26.315615589388017 ], [ 88.706636197202783, 26.315610554983152 ], [ 88.706816471702837, 26.315560631817732 ], [ 88.706878792022678, 26.315570568427063 ], [ 88.707061118775641, 26.315599633616273 ], [ 88.707167227085904, 26.315607945150589 ], [ 88.707167128160506, 26.315590823857463 ], [ 88.707165819646946, 26.31536497711204 ], [ 88.707287052755362, 26.315364110165604 ], [ 88.707623332650712, 26.31536170717709 ], [ 88.707625054852485, 26.315356161058048 ], [ 88.707652976104043, 26.315266263027695 ], [ 88.707771066081875, 26.315269854020585 ], [ 88.70782447322091, 26.315271478196223 ], [ 88.707979591884737, 26.315280226801065 ], [ 88.708105878283732, 26.315310806448622 ], [ 88.708075222193827, 26.315498270129126 ], [ 88.708040116258417, 26.315718824364296 ], [ 88.707994776038163, 26.316127025741707 ], [ 88.707980780788489, 26.316285190409246 ], [ 88.708233801448841, 26.316305858628539 ], [ 88.708286937891955, 26.316302651646083 ], [ 88.708658078207804, 26.316353823969848 ], [ 88.708935685433573, 26.31636734797479 ], [ 88.708920880794096, 26.3165991293464 ], [ 88.70985154511277, 26.316884435668214 ], [ 88.709906627688781, 26.316866939357794 ], [ 88.709922551084901, 26.316864344813723 ], [ 88.709991450844825, 26.316853118576603 ], [ 88.710038615789529, 26.316858778909591 ], [ 88.710067925594331, 26.316862296158092 ], [ 88.710167823186566, 26.316882833076363 ], [ 88.710236023273922, 26.316926486168427 ], [ 88.710365710009569, 26.316958350047855 ], [ 88.710716379957034, 26.317025438573182 ], [ 88.710996883899156, 26.317073752851456 ], [ 88.711132711205721, 26.317069238254817 ], [ 88.711132883875564, 26.31706682267577 ], [ 88.711142474245833, 26.316933363284136 ], [ 88.711169530349594, 26.316847138984315 ], [ 88.711179521817542, 26.316747611013511 ], [ 88.711299546237115, 26.31675224162268 ], [ 88.711661499078957, 26.316766206295426 ], [ 88.711984310727416, 26.316791345943898 ], [ 88.712143714660783, 26.316823056938574 ], [ 88.712155562329372, 26.317020039043598 ], [ 88.712173562260148, 26.317182554631245 ], [ 88.712206061060954, 26.317287606238096 ], [ 88.712450217103878, 26.317294014806976 ], [ 88.712579712283969, 26.317295269361239 ], [ 88.712666193789858, 26.317288439010326 ], [ 88.712709134618933, 26.317285045868232 ], [ 88.712857601896872, 26.317265160059151 ], [ 88.712902665125966, 26.317268847279536 ], [ 88.713099720076059, 26.317284970325147 ], [ 88.713174037352019, 26.317288418325916 ], [ 88.713280159152077, 26.317285964975326 ], [ 88.713377270644571, 26.317279997973571 ], [ 88.713449913382874, 26.31727553373895 ], [ 88.713450259621823, 26.317276431262371 ], [ 88.713477963237494, 26.317348087444316 ], [ 88.713527312635449, 26.317432007681077 ], [ 88.713618612708842, 26.317435368447548 ], [ 88.713640199135966, 26.317492648966606 ], [ 88.713657349207381, 26.317519344442246 ], [ 88.713806080886002, 26.317541542408321 ], [ 88.713888115244401, 26.31756152894144 ], [ 88.714067578555955, 26.31760525218067 ], [ 88.714045441743792, 26.317798581239572 ], [ 88.714085941812812, 26.317825157105347 ], [ 88.714162369797577, 26.317826679657571 ], [ 88.714349358636071, 26.317856334802059 ], [ 88.714536467983692, 26.317905117627106 ], [ 88.714651153128273, 26.317914098257063 ], [ 88.714757383746303, 26.317928859729136 ], [ 88.714919033286833, 26.317979685813896 ], [ 88.714966872723039, 26.317950043259941 ], [ 88.715031103202932, 26.31791024466213 ], [ 88.715204621096461, 26.317823272126361 ], [ 88.715255348255766, 26.317788579879107 ], [ 88.715376125407943, 26.317753527903051 ], [ 88.715577526781487, 26.317712324564184 ], [ 88.715757884019183, 26.317699924711803 ], [ 88.715908485388354, 26.31768193737156 ], [ 88.715965339628781, 26.317682994074971 ], [ 88.715989159072478, 26.317683438340055 ], [ 88.716103917062185, 26.317703894319322 ], [ 88.716203755299148, 26.317714860652359 ], [ 88.716299322655686, 26.317722023752424 ], [ 88.716354488868603, 26.317717915649325 ], [ 88.716374749694978, 26.317711959439407 ], [ 88.716460430804318, 26.317686765831638 ], [ 88.716572667094965, 26.317644104691738 ], [ 88.716731626763249, 26.317605030947448 ], [ 88.71686723733319, 26.317566075014383 ], [ 88.716926299409238, 26.317506469747855 ], [ 88.716997854867145, 26.317408538073607 ], [ 88.717109501202572, 26.317272140596856 ], [ 88.717225124340075, 26.317093637761218 ], [ 88.717339543285334, 26.31706053011942 ], [ 88.717464057120594, 26.316945110228687 ], [ 88.717631035144223, 26.316831384660702 ], [ 88.717888550616181, 26.316600500812513 ], [ 88.71804463874912, 26.316442832570715 ], [ 88.718245216343689, 26.316271544096537 ], [ 88.718274689825137, 26.316233132253274 ], [ 88.71830085919737, 26.316007261226162 ], [ 88.718524904600713, 26.315854981722055 ], [ 88.718746912140318, 26.315716103915122 ], [ 88.718999326657638, 26.315686112424203 ], [ 88.719049749846135, 26.315603594230538 ], [ 88.719078243965839, 26.315410231896749 ], [ 88.719129677093008, 26.315151708284759 ], [ 88.719163426850741, 26.314782319848234 ], [ 88.719157633418092, 26.314537483018455 ], [ 88.719152178130571, 26.31434620621252 ], [ 88.719161410570678, 26.314128073851577 ], [ 88.719136610865974, 26.313898638811168 ], [ 88.719068947673861, 26.313604378839045 ], [ 88.718987164226291, 26.313426886841398 ], [ 88.718888278371423, 26.313230352598737 ], [ 88.71871475238396, 26.312978724088907 ], [ 88.718616012219229, 26.312805145041466 ], [ 88.718566491050751, 26.31269444389352 ], [ 88.71852734266281, 26.312545428928445 ], [ 88.718417833116575, 26.312347035787127 ], [ 88.718366129293486, 26.312226780241758 ], [ 88.718512297004963, 26.312180118018091 ], [ 88.718702966768547, 26.312121746621358 ], [ 88.718787503040915, 26.312126175782453 ], [ 88.718902562303469, 26.31213220213948 ], [ 88.719129992755029, 26.312180771825183 ], [ 88.71918143037874, 26.312258941796756 ], [ 88.71924156534601, 26.312369588985405 ], [ 88.719297767577984, 26.312529993864189 ], [ 88.719414105676492, 26.312801045931565 ], [ 88.719536776800851, 26.313066327049398 ], [ 88.719543361636909, 26.313100727916321 ], [ 88.719779184561787, 26.313468729598242 ], [ 88.71993530866763, 26.313653491715343 ], [ 88.720119344132456, 26.313887846946614 ], [ 88.720420388590128, 26.314163687903942 ], [ 88.720584558030964, 26.314277624812576 ], [ 88.720659140606926, 26.314323152991165 ], [ 88.720769491918588, 26.314318759802973 ], [ 88.720893173880938, 26.314408034603161 ], [ 88.721037864006291, 26.314462768242208 ], [ 88.721252334327801, 26.314475054780019 ], [ 88.721526298400022, 26.314496598938945 ], [ 88.721586077235713, 26.314484969805562 ], [ 88.721698023045406, 26.314463192722201 ], [ 88.721780695922462, 26.314445548923004 ], [ 88.72179752673452, 26.314460544218775 ], [ 88.721987770219471, 26.314630044840726 ], [ 88.722186218219463, 26.314793541588699 ], [ 88.722260814285221, 26.314840984423938 ], [ 88.722311830126898, 26.314852198070525 ], [ 88.722398845830128, 26.314849835551513 ], [ 88.722528301440036, 26.314845343437923 ], [ 88.722545897575174, 26.314842076200932 ], [ 88.722740322008292, 26.314805987306499 ], [ 88.722903520181376, 26.314766883884658 ], [ 88.722977752021677, 26.314756935584171 ], [ 88.723380880323418, 26.314728070943772 ], [ 88.723569708275477, 26.314713704274084 ], [ 88.723894276299859, 26.314681416813983 ], [ 88.724220928053455, 26.31464337998807 ], [ 88.724265603674723, 26.314645345006738 ], [ 88.724337708618407, 26.314648515116914 ], [ 88.724522889819582, 26.314727903669848 ], [ 88.724923151082635, 26.314915221660215 ], [ 88.725278861730146, 26.315106595592965 ], [ 88.725304529280663, 26.315137071818469 ], [ 88.72551113323226, 26.315246957281317 ], [ 88.725724275255175, 26.315383590380463 ], [ 88.725920582868639, 26.31554326680839 ], [ 88.725985336753922, 26.315711277253683 ], [ 88.725938858891311, 26.315745954212446 ], [ 88.725931565389487, 26.315933469154345 ], [ 88.726025145244307, 26.315961679088275 ], [ 88.726044908745621, 26.316064879890348 ], [ 88.726071846138836, 26.316294304138864 ], [ 88.726107090569826, 26.316494988752765 ], [ 88.726124100347022, 26.316831594202768 ], [ 88.726159601984079, 26.317072452431773 ], [ 88.726161019315668, 26.317294354750743 ], [ 88.726194313117105, 26.317521833765682 ], [ 88.726734183335964, 26.317629988932879 ], [ 88.726929847934173, 26.31768827669265 ], [ 88.727302880423679, 26.317738600955693 ], [ 88.72732340295272, 26.317741521054415 ], [ 88.727737196314592, 26.317795734885294 ], [ 88.727969673761493, 26.317852241987453 ], [ 88.728301294269386, 26.317921291034793 ], [ 88.72838300487183, 26.317949241064696 ], [ 88.728597544441186, 26.318067830166285 ], [ 88.728718140829585, 26.318092229672686 ], [ 88.729222447358097, 26.318158907207874 ], [ 88.729506677191466, 26.318219757136148 ], [ 88.729748251280853, 26.318233550937691 ], [ 88.730205040330418, 26.318303697157944 ], [ 88.730554347804969, 26.318333996217007 ], [ 88.730778741245956, 26.318339857998126 ], [ 88.73111522798547, 26.318358374139677 ], [ 88.731128958834461, 26.31868525522043 ], [ 88.7313181950787, 26.318749157447712 ], [ 88.731305483161577, 26.319126377180623 ], [ 88.731468654354956, 26.319205610150846 ], [ 88.731414407249133, 26.31983142587967 ], [ 88.731336364981303, 26.320262532989545 ], [ 88.731234863897896, 26.32046781223977 ], [ 88.731167512770583, 26.320708401571551 ], [ 88.731157577959891, 26.32082890532979 ], [ 88.731137789277625, 26.321062131012582 ], [ 88.731120045653654, 26.321505437426026 ], [ 88.731083649191135, 26.321886831811867 ], [ 88.731081098713787, 26.321913546173278 ], [ 88.730753615087337, 26.321860100363381 ], [ 88.730704511204294, 26.321849432605291 ], [ 88.730585660399981, 26.321823613968661 ], [ 88.730565533572587, 26.322087957093572 ], [ 88.730564904047128, 26.322146303309296 ], [ 88.730552147163905, 26.322527410811404 ], [ 88.730525895054086, 26.322958972078936 ], [ 88.730509578654164, 26.32327002958823 ], [ 88.730527289902568, 26.323628065882588 ], [ 88.730911480280668, 26.323627550571075 ], [ 88.731226692657799, 26.323618649980745 ], [ 88.731572165423131, 26.323606123323998 ], [ 88.731900159864551, 26.323612891621679 ], [ 88.732005506449013, 26.32360519342501 ], [ 88.73204272309323, 26.323602472975779 ], [ 88.732051663253742, 26.323603327331739 ], [ 88.73249119521256, 26.323645307684842 ], [ 88.732702693274746, 26.323647162986219 ], [ 88.732809194588697, 26.323639635660697 ], [ 88.732996451425151, 26.323626400338128 ], [ 88.733441406295924, 26.323595290090623 ], [ 88.733925248751291, 26.323560631118255 ], [ 88.733969927969838, 26.323558688582636 ], [ 88.734223239111259, 26.323547680880836 ], [ 88.734244356092233, 26.323544589910966 ], [ 88.734599385053627, 26.323492626183793 ], [ 88.734709677909393, 26.3234867877851 ], [ 88.734914682866361, 26.323475936565274 ], [ 88.73498810082026, 26.323472689113373 ], [ 88.735178016951977, 26.323474351959817 ], [ 88.735183688976122, 26.323465853366486 ], [ 88.735221893075959, 26.323408606122314 ], [ 88.735337636722591, 26.323409618758944 ], [ 88.735411808308356, 26.323410268069495 ], [ 88.735449565445151, 26.323511740374556 ], [ 88.735592000970144, 26.323512985036302 ], [ 88.736049568832584, 26.323513099250192 ], [ 88.736084477816462, 26.323505558434817 ], [ 88.73618802485754, 26.323483189597596 ], [ 88.736244136257937, 26.323483679728099 ], [ 88.736274629570573, 26.323483184201621 ], [ 88.736399564288547, 26.323481149935162 ], [ 88.736489548653822, 26.323474128028636 ], [ 88.736758150068624, 26.323453166630372 ], [ 88.736794257848771, 26.323452277200886 ], [ 88.736991311899601, 26.323447425358438 ], [ 88.737388410246979, 26.32345089494288 ], [ 88.737664315056179, 26.323484426165408 ], [ 88.737888302003569, 26.323529172833105 ], [ 88.738142837122268, 26.323543065560102 ], [ 88.738362758234757, 26.323564437049185 ], [ 88.738444349227393, 26.323604048588038 ], [ 88.738664102166638, 26.323640978348521 ], [ 88.73909066140493, 26.323714721856959 ], [ 88.73911133861742, 26.323689671241368 ], [ 88.739619868362297, 26.323073596968982 ], [ 88.739939423565602, 26.322660154342714 ], [ 88.740042213377478, 26.322676514809359 ], [ 88.740482394646847, 26.322746578292026 ], [ 88.740685257418761, 26.322748346359162 ], [ 88.740793767818161, 26.322740542042425 ], [ 88.740974696125363, 26.322727528852454 ], [ 88.741337553685185, 26.322703460296509 ], [ 88.741428529103416, 26.322673131559839 ], [ 88.741535389246849, 26.3226702420381 ], [ 88.741972583867721, 26.322658421349104 ], [ 88.742038975418438, 26.322652168362936 ], [ 88.742275054650122, 26.322629932625318 ], [ 88.74236191656928, 26.322625429719835 ], [ 88.742789020796749, 26.322603285713114 ], [ 88.742823118592128, 26.322600040959173 ], [ 88.743013716409962, 26.322581901633498 ], [ 88.743605624100326, 26.322532590906405 ], [ 88.74364573026628, 26.322531557585364 ], [ 88.744283524065452, 26.322515143159364 ], [ 88.744325702269407, 26.322509355122691 ], [ 88.744443474786578, 26.322493193406217 ], [ 88.744484434409173, 26.322496391395418 ], [ 88.744779891378926, 26.32251945630793 ], [ 88.745337060956672, 26.32248928495261 ], [ 88.745366718799119, 26.322486384638978 ], [ 88.745738929308175, 26.32244998457918 ], [ 88.74599827669914, 26.322417225874347 ], [ 88.746287755875301, 26.322392508007908 ], [ 88.746313903663804, 26.322392734637049 ], [ 88.746387029337996, 26.322393368659107 ], [ 88.74641466640378, 26.322634788964365 ], [ 88.746473598078126, 26.322775341309011 ], [ 88.746549213075809, 26.322970497790266 ], [ 88.746568300286867, 26.323204064316144 ], [ 88.74660146008938, 26.323332722227406 ], [ 88.746633206157583, 26.323593628143499 ], [ 88.746568212153306, 26.323616404373638 ], [ 88.746611950681029, 26.323966883664809 ], [ 88.746652788895176, 26.324185078078926 ], [ 88.746688767172941, 26.324453800902234 ], [ 88.746770191790972, 26.324913527137596 ], [ 88.746826965092396, 26.325256338809027 ], [ 88.746842026938054, 26.325462640588455 ], [ 88.746874191191012, 26.3256846499267 ], [ 88.746909381662704, 26.326027275438435 ], [ 88.746975703066312, 26.326284591260901 ], [ 88.747047170390658, 26.32646415079995 ], [ 88.747119343682812, 26.326577586786243 ], [ 88.747127853068037, 26.326589331032835 ], [ 88.747247589704557, 26.326695398873596 ], [ 88.747320056175738, 26.326781606985605 ], [ 88.747426884842923, 26.3268836737426 ], [ 88.74722185470489, 26.327084176693461 ], [ 88.747272571971678, 26.327185756017855 ], [ 88.747310257162724, 26.327295002062726 ], [ 88.747355827609397, 26.327474337670594 ], [ 88.747396416711297, 26.32771586859252 ], [ 88.747424846979186, 26.32788338710867 ], [ 88.747433147721665, 26.327914578295179 ], [ 88.747521965666238, 26.328086508885349 ], [ 88.74757226834555, 26.328226984787591 ], [ 88.747708734170828, 26.328383768096444 ], [ 88.747716745331616, 26.328442187157236 ], [ 88.747860680925726, 26.328707953908975 ], [ 88.747959793409791, 26.328724373730893 ], [ 88.747971373979794, 26.328852843683819 ], [ 88.748037779919684, 26.329102378571974 ], [ 88.748074346354088, 26.329316644747394 ], [ 88.748113900336307, 26.329655417563515 ], [ 88.748124774938447, 26.329850012867837 ], [ 88.74815357932431, 26.329982521676072 ], [ 88.748174000229994, 26.330091619332791 ], [ 88.74822882829784, 26.33021268426802 ], [ 88.748342385692581, 26.330493747588434 ], [ 88.748367456093263, 26.330571764675256 ], [ 88.748408172898905, 26.330801627792937 ], [ 88.748466364431238, 26.331012190560216 ], [ 88.748520321955368, 26.331214939118183 ], [ 88.74853289807487, 26.33125005764407 ], [ 88.748539331824759, 26.33145628388047 ], [ 88.748605742261248, 26.331705818768569 ], [ 88.748620317573682, 26.331931678104525 ], [ 88.748249270787255, 26.331951223070519 ], [ 88.748132494718902, 26.331958459015709 ], [ 88.747946549993344, 26.331987966671363 ], [ 88.747821201587215, 26.332002442159023 ], [ 88.747656551009072, 26.3320593638486 ], [ 88.747539876564133, 26.332070024412133 ], [ 88.747314269038327, 26.332121260587769 ], [ 88.747305951208716, 26.332123150063353 ], [ 88.747275900362581, 26.332129975018404 ], [ 88.747189569942748, 26.332129225883136 ], [ 88.747050898080545, 26.332178595066182 ], [ 88.746799289355749, 26.332293111138199 ], [ 88.746565527677035, 26.332353324346514 ], [ 88.746267183883504, 26.332397416307742 ], [ 88.746042386646877, 26.332426584919006 ], [ 88.745911689972559, 26.332435774191651 ], [ 88.745796133384886, 26.332443897767746 ], [ 88.745610560978662, 26.332438398413387 ], [ 88.745486334926454, 26.332347848374582 ], [ 88.745348578574124, 26.33231164166898 ], [ 88.745224021571403, 26.332252209971557 ], [ 88.745129679990782, 26.332193040876177 ], [ 88.744894848118804, 26.331949821926798 ], [ 88.744736215803755, 26.331847303710163 ], [ 88.744624402194461, 26.331807432267226 ], [ 88.744525328381258, 26.331787121978152 ], [ 88.744391680131969, 26.331770399984009 ], [ 88.744162860227902, 26.331772302949446 ], [ 88.744048518624311, 26.331565138720237 ], [ 88.743897563821577, 26.331552156107193 ], [ 88.743795284824614, 26.331548193694232 ], [ 88.743768109110988, 26.3315471405881 ], [ 88.743616861129283, 26.331561385849341 ], [ 88.743469930792742, 26.331575667982747 ], [ 88.743288012331959, 26.331632435888253 ], [ 88.743148834151441, 26.331681638696693 ], [ 88.743041008136061, 26.331719758260306 ], [ 88.74294397668325, 26.331508853750677 ], [ 88.742852097446416, 26.331220193856893 ], [ 88.742807073787503, 26.33099029206835 ], [ 88.742752250216256, 26.330869225334538 ], [ 88.742598459851081, 26.330709324076111 ], [ 88.742590014317784, 26.330700543095645 ], [ 88.742576096409778, 26.330702580959382 ], [ 88.742464626341473, 26.330718902755223 ], [ 88.742374770579261, 26.330644211361289 ], [ 88.74209640612429, 26.330435618109334 ], [ 88.741972311373104, 26.330333396668948 ], [ 88.741685147051953, 26.330140286145365 ], [ 88.741668256884623, 26.330105129847936 ], [ 88.741394544622608, 26.329865455126708 ], [ 88.741205787716979, 26.329754889776382 ], [ 88.740995197070731, 26.329667475673489 ], [ 88.740827228893579, 26.329631001869302 ], [ 88.740746760254865, 26.329627614123126 ], [ 88.740710725319786, 26.329626096966877 ], [ 88.740567419251079, 26.329641568004035 ], [ 88.740477342255588, 26.329651293272605 ], [ 88.74033498227368, 26.329642272173146 ], [ 88.740218937354143, 26.329594580225773 ], [ 88.739910320604849, 26.329389609442956 ], [ 88.739841465811082, 26.329369558158646 ], [ 88.739639092270352, 26.32932111257935 ], [ 88.739388902675785, 26.329303370754019 ], [ 88.739324281890163, 26.329291137276243 ], [ 88.739157025076679, 26.329188538120604 ], [ 88.739062270707279, 26.329168261106418 ], [ 88.738756304260107, 26.329118909909823 ], [ 88.73854073136971, 26.329093688423029 ], [ 88.73831623090939, 26.329095619267491 ], [ 88.73801822705957, 26.329108575800205 ], [ 88.737815436233461, 26.329099024100742 ], [ 88.73768636823138, 26.329100177031592 ], [ 88.737595254317569, 26.32910099181737 ], [ 88.737556069057405, 26.329109708046644 ], [ 88.737443801290453, 26.329134678622552 ], [ 88.737359146307597, 26.328978337780143 ], [ 88.737215106392114, 26.328724228940075 ], [ 88.736991194088375, 26.32867170133801 ], [ 88.736792845913158, 26.328650516907885 ], [ 88.736521033918621, 26.328636472195512 ], [ 88.736016219273154, 26.328612605987018 ], [ 88.735813554352092, 26.328591383785408 ], [ 88.735495142187119, 26.328495237265429 ], [ 88.735193241574905, 26.328469254052891 ], [ 88.734861546423303, 26.328404110761142 ], [ 88.734599183605496, 26.32840181389264 ], [ 88.734593925269508, 26.32840176802722 ], [ 88.734170576610893, 26.328429179363184 ], [ 88.733989077234185, 26.328447038999684 ], [ 88.733755442359836, 26.328495561920704 ], [ 88.733745004828165, 26.328662741392463 ], [ 88.733755016081204, 26.328935128953106 ], [ 88.733779485734715, 26.329067603587077 ], [ 88.733817117865783, 26.32918074369644 ], [ 88.733858562222906, 26.329340596391489 ], [ 88.73390365063301, 26.329562721742263 ], [ 88.733914250042687, 26.329780655353034 ], [ 88.733930131170666, 26.329909164876085 ], [ 88.733983978977506, 26.330119696167117 ], [ 88.73402051933158, 26.330333966839135 ], [ 88.734049475702818, 26.330450920973249 ], [ 88.734141795607457, 26.330696799217947 ], [ 88.734196861096336, 26.330794531242645 ], [ 88.734307535264577, 26.330767351032478 ], [ 88.734426267358401, 26.330738191414468 ], [ 88.734432987992079, 26.330758947767265 ], [ 88.734480579215415, 26.330905936559759 ], [ 88.734556932556472, 26.331031085316397 ], [ 88.734620171983408, 26.331171679029808 ], [ 88.734662498575517, 26.331249849900701 ], [ 88.734739146894185, 26.331347771682374 ], [ 88.734828117723509, 26.331504151195645 ], [ 88.734955266572342, 26.331723103738284 ], [ 88.735031707147641, 26.331840473359193 ], [ 88.735132412331041, 26.332109763654728 ], [ 88.735178846126928, 26.332207421035719 ], [ 88.735234584308671, 26.332242919974817 ], [ 88.735337847163976, 26.332274943034236 ], [ 88.735445468133889, 26.33230311519668 ], [ 88.735469312758653, 26.332493934247736 ], [ 88.735511473875476, 26.332587663390029 ], [ 88.735493535997932, 26.332649745389517 ], [ 88.735531127659499, 26.332766775066659 ], [ 88.735563566205656, 26.332961558329316 ], [ 88.7355761800967, 26.332992788186687 ], [ 88.735687365079912, 26.333091012140528 ], [ 88.735703792096388, 26.333168954583641 ], [ 88.735744611424764, 26.333387152595094 ], [ 88.735778851313, 26.333414681742227 ], [ 88.735888598280269, 26.333397359900289 ], [ 88.735895610294222, 26.333396253734179 ], [ 88.735898254301048, 26.333405122848205 ], [ 88.735945607204087, 26.333563961107984 ], [ 88.73594510538237, 26.333610636821504 ], [ 88.735939489116163, 26.333731178351229 ], [ 88.735872895217994, 26.333901754562362 ], [ 88.73586388491043, 26.33393668602929 ], [ 88.735876541069558, 26.333964027218144 ], [ 88.736010106581205, 26.333988536441836 ], [ 88.736139187173819, 26.334028565266124 ], [ 88.736302298112605, 26.334115571076779 ], [ 88.736460925031736, 26.334218098286669 ], [ 88.736546127701672, 26.334323872948403 ], [ 88.736648975070182, 26.33439479168635 ], [ 88.736746876167444, 26.334524017969102 ], [ 88.736866152351126, 26.334672880049425 ], [ 88.736885263843931, 26.334902557007467 ], [ 88.736898130444445, 26.334910451256349 ], [ 88.737143889079277, 26.334939829409677 ], [ 88.737237725240902, 26.335045677815856 ], [ 88.737263625715798, 26.335045905344316 ], [ 88.737470911353512, 26.335039935644545 ], [ 88.737501908286504, 26.335034919226189 ], [ 88.737721738567416, 26.334999336650128 ], [ 88.737777856263108, 26.334999826780631 ], [ 88.737783316946604, 26.335001460848787 ], [ 88.737898348330191, 26.335035888695359 ], [ 88.737937240411384, 26.335032339071233 ], [ 88.737991858037901, 26.335019725180246 ], [ 88.738002157973256, 26.335017347372741 ], [ 88.73803669104052, 26.33501764774627 ], [ 88.738087706882197, 26.33501809291073 ], [ 88.738153242278372, 26.335018664879556 ], [ 88.738282616949277, 26.335031464930239 ], [ 88.738399168187129, 26.335032482962788 ], [ 88.738571793953213, 26.335037879794356 ], [ 88.73857585978817, 26.33506125497297 ], [ 88.738547659746757, 26.335274959072137 ], [ 88.738558686334386, 26.335453995205739 ], [ 88.738591505293812, 26.335613770559121 ], [ 88.738651101567143, 26.335692091616806 ], [ 88.738675248364075, 26.335855681894259 ], [ 88.738713093634431, 26.33594937236569 ], [ 88.738827890294942, 26.33611375494587 ], [ 88.739028643257313, 26.33631389726861 ], [ 88.739115952139514, 26.336625857697243 ], [ 88.739166624440202, 26.336731331086128 ], [ 88.739295499987406, 26.336790805051635 ], [ 88.739334224794675, 26.336802811900327 ], [ 88.739416368870366, 26.336791859057087 ], [ 88.739438898686274, 26.336789715073337 ], [ 88.739528730166796, 26.336781169715266 ], [ 88.73979712203959, 26.336713490335342 ], [ 88.739897820028432, 26.336711128715649 ], [ 88.739918033190747, 26.336710654772958 ], [ 88.739939123192016, 26.336705284021718 ], [ 88.74016911491276, 26.336646713874813 ], [ 88.740329001782072, 26.336632547753936 ], [ 88.740365825422543, 26.33663234180915 ], [ 88.740600999036928, 26.336631027899671 ], [ 88.740635533902832, 26.336631329172576 ], [ 88.740677598792217, 26.336623516761961 ], [ 88.740795587146692, 26.336601604780299 ], [ 88.740809067984173, 26.336613989344187 ], [ 88.740898187201651, 26.336695858227301 ], [ 88.741148600727399, 26.336694150414758 ], [ 88.741493858554804, 26.336704937782713 ], [ 88.741666278376101, 26.336729778856238 ], [ 88.741925158119614, 26.336743703059483 ], [ 88.742240240994363, 26.336750337358239 ], [ 88.742313710209601, 26.336743195841848 ], [ 88.742323832079251, 26.336741700269329 ], [ 88.742612065694345, 26.336699111974497 ], [ 88.742657169392885, 26.336702632820277 ], [ 88.742668142021216, 26.336703489874196 ], [ 88.742752809594549, 26.336859826220063 ], [ 88.742786928074338, 26.336899023171441 ], [ 88.743005164756596, 26.337079860647123 ], [ 88.743043349970662, 26.337142432777114 ], [ 88.743098551257219, 26.337228493400289 ], [ 88.743183803389854, 26.337330374896908 ], [ 88.743255773435237, 26.337463259621757 ], [ 88.743340441008627, 26.337619596866944 ], [ 88.743381359262401, 26.337830012145389 ], [ 88.743423401668736, 26.337935408192607 ], [ 88.7434052191756, 26.338020830297125 ], [ 88.74344792797956, 26.338063990560784 ], [ 88.743656785632197, 26.338314767412612 ], [ 88.743771549017822, 26.338483033265447 ], [ 88.743935588057013, 26.338484459590177 ], [ 88.743963724246555, 26.338679204181972 ], [ 88.743927898853485, 26.33879948310971 ], [ 88.743927356562324, 26.338850048391066 ], [ 88.743989112107897, 26.339130662949799 ], [ 88.744081626266109, 26.339360976627802 ], [ 88.744081125343712, 26.339407653240642 ], [ 88.744036790565474, 26.339516187022468 ], [ 88.744053142938242, 26.339601908601253 ], [ 88.744085178588193, 26.339835586643062 ], [ 88.744086914279706, 26.340076782117876 ], [ 88.744097034350716, 26.34034138964347 ], [ 88.744104210041314, 26.340477600960583 ], [ 88.744128488139268, 26.340629521635151 ], [ 88.744217102837069, 26.340820901863196 ], [ 88.744126238934825, 26.340839560996983 ], [ 88.743983363641405, 26.3408772201077 ], [ 88.74384916500702, 26.340911063394913 ], [ 88.743796113100188, 26.341027300769383 ], [ 88.743579851329116, 26.341064321361387 ], [ 88.743510446150253, 26.341094838056392 ], [ 88.74334767785308, 26.341377391553408 ], [ 88.743264657837756, 26.341470028918764 ], [ 88.743137715832972, 26.341632305286737 ], [ 88.742941245442182, 26.341836766153904 ], [ 88.742919034885631, 26.341894921713333 ], [ 88.742905167339643, 26.341980380690075 ], [ 88.742919891939493, 26.342217799012246 ], [ 88.74282462675518, 26.342244200409596 ], [ 88.74272940383895, 26.342266711339732 ], [ 88.742698559790767, 26.342324793154717 ], [ 88.742680083219341, 26.3424374422342 ], [ 88.742677206288079, 26.342705826013116 ], [ 88.742658853823116, 26.342806807288355 ], [ 88.742631993771568, 26.342896043417738 ], [ 88.742623343192804, 26.343053483231699 ], [ 88.742611988352621, 26.343156177715457 ], [ 88.742614012726563, 26.343157678683951 ], [ 88.742613754621118, 26.343181749937855 ], [ 88.742549961211807, 26.343435689705359 ], [ 88.742458308604114, 26.343795997687209 ], [ 88.742462625349958, 26.344105555127328 ], [ 88.742622076947328, 26.344186040853174 ], [ 88.742857529351568, 26.344298141346201 ], [ 88.743146415874435, 26.344410704990082 ], [ 88.74344289986999, 26.344526774191309 ], [ 88.743693843096423, 26.344618372839705 ], [ 88.743808367262375, 26.344607587270389 ], [ 88.743827573184035, 26.344605778733751 ], [ 88.743856821834925, 26.344606618700539 ], [ 88.744170999991695, 26.344615641598637 ], [ 88.744173475825335, 26.344604257980166 ], [ 88.74420311568133, 26.344468040367815 ], [ 88.744210759918701, 26.344110439345343 ], [ 88.744186804677327, 26.343852297945261 ], [ 88.744180459960319, 26.343731875125968 ], [ 88.744251295061304, 26.343533023330394 ], [ 88.744333394170837, 26.34335146369915 ], [ 88.74442716917855, 26.34340659843582 ], [ 88.744469946331037, 26.343431748876185 ], [ 88.744522532388999, 26.343511304702986 ], [ 88.744698713175126, 26.343812037995235 ], [ 88.744934450664402, 26.344254291302548 ], [ 88.745079844059603, 26.344578828750002 ], [ 88.745202131173471, 26.344570715965801 ], [ 88.745263190643811, 26.344566665419336 ], [ 88.74526360613055, 26.344566773337988 ], [ 88.745522025421167, 26.344634253967683 ], [ 88.745512846940414, 26.344778616739802 ], [ 88.745519045967228, 26.344912795589096 ], [ 88.7455331734173, 26.345019530726802 ], [ 88.74551984816253, 26.34519480859359 ], [ 88.745571589757105, 26.345353457096394 ], [ 88.745638599142069, 26.345512237799596 ], [ 88.745644504090649, 26.345673926010932 ], [ 88.745692833657415, 26.345794714854264 ], [ 88.745728427025369, 26.346035760142286 ], [ 88.745744754217071, 26.346293834093217 ], [ 88.745874339329362, 26.346312155081932 ], [ 88.745845194999788, 26.346538884062284 ], [ 88.745777736853142, 26.34677903362558 ], [ 88.745749051177825, 26.347062740053445 ], [ 88.745747857777474, 26.347074538259392 ], [ 88.745550427810031, 26.347068376104744 ], [ 88.745442591002814, 26.347065009942298 ], [ 88.745346364443208, 26.347139834435836 ], [ 88.745169100873341, 26.347296493638339 ], [ 88.74516700455365, 26.347492503576234 ], [ 88.74518010138064, 26.347695524628818 ], [ 88.745178262267075, 26.347867464212129 ], [ 88.74499736633544, 26.348006896001493 ], [ 88.744789935007532, 26.348128901627547 ], [ 88.744482715804736, 26.348301628117667 ], [ 88.744136591930214, 26.348542796612833 ], [ 88.743858415433579, 26.348725344599018 ], [ 88.743852123776549, 26.348729474285847 ], [ 88.743603920784381, 26.348737633834787 ], [ 88.743164805211677, 26.348751012149535 ], [ 88.742958918919044, 26.34872858485636 ], [ 88.742638271039425, 26.348729235066173 ], [ 88.742214716436081, 26.348715231722622 ], [ 88.742054448254237, 26.348710398765945 ], [ 88.741504829384439, 26.348705612574008 ], [ 88.741207082740743, 26.348706458836034 ], [ 88.7410584490882, 26.348684529767297 ], [ 88.740806429373265, 26.348692650645376 ], [ 88.740409592728554, 26.348678875729604 ], [ 88.740187122038094, 26.34867954032859 ], [ 88.740115662807625, 26.348679752568557 ], [ 88.739983423796048, 26.348699416245097 ], [ 88.739962732194385, 26.348702492825851 ], [ 88.73970737509535, 26.348714344991095 ], [ 88.739588464935764, 26.348719864130487 ], [ 88.739419379800609, 26.34882500207226 ], [ 88.739215575438493, 26.348964227017518 ], [ 88.738969894145384, 26.349092768916194 ], [ 88.738796057891818, 26.349237843052094 ], [ 88.738761900741167, 26.349266347963635 ], [ 88.7386810543872, 26.349247386657623 ], [ 88.738670518829451, 26.349244916219959 ], [ 88.738395414416914, 26.349270027090142 ], [ 88.737921287337599, 26.349331013715357 ], [ 88.737894671002323, 26.349334437434379 ], [ 88.737683336616726, 26.349343918986733 ], [ 88.737573872935968, 26.349348830184397 ], [ 88.737239587736838, 26.349420286716907 ], [ 88.737187448641919, 26.349431432015024 ], [ 88.737015766264676, 26.349423053930821 ], [ 88.736695637293906, 26.349417014083997 ], [ 88.736676104918388, 26.349416645361941 ], [ 88.736240582137214, 26.349450667614292 ], [ 88.736197002789481, 26.34959816812102 ], [ 88.736170656250863, 26.349917773686343 ], [ 88.736130254207922, 26.350162409967311 ], [ 88.736129820734675, 26.350165033289727 ], [ 88.736046228750524, 26.350168483988398 ], [ 88.73592359899493, 26.350173546272174 ], [ 88.735922821081374, 26.350245760933149 ], [ 88.735893548148795, 26.350482802439444 ], [ 88.735844410091488, 26.35079189223211 ], [ 88.735877613061461, 26.350898793744364 ], [ 88.735894695683726, 26.351084654833016 ], [ 88.73590659191575, 26.35139771693116 ], [ 88.735935533897816, 26.351545849661306 ], [ 88.735846744731532, 26.351637931245591 ], [ 88.735860308306655, 26.351796247898562 ], [ 88.73589640169763, 26.351989151578152 ], [ 88.736018758958608, 26.351979423611567 ], [ 88.736091248812158, 26.351973660755903 ], [ 88.736114834432101, 26.351973866700632 ], [ 88.736259192707621, 26.351975130248093 ], [ 88.73629538682269, 26.351966689211395 ], [ 88.736358691000873, 26.351951925940682 ], [ 88.736470912003028, 26.351946689188424 ], [ 88.736606937160502, 26.351940339075441 ], [ 88.736643928974217, 26.351936644660498 ], [ 88.737050215694978, 26.351896067249754 ], [ 88.737100576830187, 26.351827725968803 ], [ 88.737169022432511, 26.351852397070502 ], [ 88.737172080127436, 26.351888438300819 ], [ 88.737185959364581, 26.352052013289835 ], [ 88.737226168952589, 26.352217440882214 ], [ 88.737263966558885, 26.352252161907813 ], [ 88.737470227868755, 26.352240208119156 ], [ 88.737492906972136, 26.352261040015037 ], [ 88.737498689612892, 26.352433046148235 ], [ 88.73749309762843, 26.352598072642991 ], [ 88.737483983898812, 26.352735558299401 ], [ 88.737439849669386, 26.35293464032145 ], [ 88.737476908932251, 26.353038137000453 ], [ 88.737445188944378, 26.353147910947371 ], [ 88.737462830944935, 26.353282188722062 ], [ 88.737191456920243, 26.353314209083521 ], [ 88.73671808886877, 26.353400561087085 ], [ 88.736705706103521, 26.353402820184044 ], [ 88.736464899135854, 26.353414703825592 ], [ 88.736350508069563, 26.353420348870031 ], [ 88.736105556126574, 26.353480110618648 ], [ 88.736077651062828, 26.353589918739829 ], [ 88.735844446064391, 26.353622269152424 ], [ 88.735485267631077, 26.353674606997572 ], [ 88.73546593760301, 26.353677423674242 ], [ 88.735261508212091, 26.353686996957379 ], [ 88.735156578913063, 26.353691910853058 ], [ 88.734965518843694, 26.353721171195161 ], [ 88.734965398334509, 26.353721190080933 ], [ 88.734603104649636, 26.353743701910389 ], [ 88.734480273445911, 26.353751333557227 ], [ 88.734213084866042, 26.353748994420584 ], [ 88.734088282348409, 26.353743573307327 ], [ 88.734014677335551, 26.353740377116765 ], [ 88.733855904726283, 26.353775229443329 ], [ 88.733773614960398, 26.35379329142728 ], [ 88.733727533698755, 26.35378140328919 ], [ 88.733663221380596, 26.353764811696749 ], [ 88.733598035820762, 26.3537917526873 ], [ 88.73327800307743, 26.353832822926506 ], [ 88.733196660297665, 26.353843261357497 ], [ 88.733139443630478, 26.353839321427586 ], [ 88.733106279331366, 26.353728978209801 ], [ 88.733058739369369, 26.353535972007535 ], [ 88.732999524408569, 26.35336349822694 ], [ 88.732986225234185, 26.353181110320008 ], [ 88.732980894053071, 26.352967838794768 ], [ 88.732812873715204, 26.352973242820951 ], [ 88.732764221291859, 26.352883399649215 ], [ 88.732608134957502, 26.352844201798518 ], [ 88.732583460258525, 26.352654836051897 ], [ 88.732809326789038, 26.352594912425332 ], [ 88.733138361746057, 26.352525574695562 ], [ 88.733432562362907, 26.352500640991821 ], [ 88.733715237268427, 26.352482483679751 ], [ 88.73368277713854, 26.35230680471534 ], [ 88.733620192418016, 26.352093032267703 ], [ 88.733562871429456, 26.35174518079549 ], [ 88.733242362944736, 26.351732056089588 ], [ 88.732883501072763, 26.351735788276073 ], [ 88.732888655087436, 26.35161202627404 ], [ 88.732867684695975, 26.351433008126889 ], [ 88.732871102119702, 26.351116641020212 ], [ 88.732846205288183, 26.350947906620661 ], [ 88.732850477067927, 26.3505524477373 ], [ 88.732845072142425, 26.350346054227089 ], [ 88.732967909641388, 26.350344432749409 ], [ 88.733001599144529, 26.350343986685687 ], [ 88.733116105324086, 26.350344992127759 ], [ 88.733413857363701, 26.350344162053489 ], [ 88.733477398962862, 26.350336757935054 ], [ 88.733715795747457, 26.350308977877091 ], [ 88.733964594990141, 26.350245813993183 ], [ 88.734037559685703, 26.350205184421782 ], [ 88.734042861189153, 26.350067667289068 ], [ 88.734054979553719, 26.350005870374673 ], [ 88.734119941182371, 26.349999559831872 ], [ 88.734265427207731, 26.349959566081168 ], [ 88.734341762562337, 26.349960234277432 ], [ 88.734353029268959, 26.349961603045585 ], [ 88.734494249809813, 26.349978763908894 ], [ 88.734532759679155, 26.349960932151362 ], [ 88.734567140760987, 26.349945012352464 ], [ 88.734601492165211, 26.349945312726049 ], [ 88.734664067892481, 26.349949314709136 ], [ 88.734788407259259, 26.349957265615387 ], [ 88.735081671681883, 26.350018298106022 ], [ 88.735100979226843, 26.349997833133557 ], [ 88.735101072756379, 26.349989180756154 ], [ 88.735102276049247, 26.349877475964774 ], [ 88.735118471040664, 26.34979163927278 ], [ 88.735168683787776, 26.349737053122567 ], [ 88.735241945259645, 26.349668913289747 ], [ 88.735242167392187, 26.349648280144038 ], [ 88.73524717032069, 26.349538273272742 ], [ 88.73526755165625, 26.349418081579245 ], [ 88.735291305449437, 26.349339191250749 ], [ 88.735360378778523, 26.349305404620793 ], [ 88.735396101648803, 26.349178470709887 ], [ 88.735439198959909, 26.349075674602773 ], [ 88.73556039429684, 26.349071410916906 ], [ 88.735752324909924, 26.349064657907661 ], [ 88.735753744040096, 26.349061273758821 ], [ 88.735795421321711, 26.348961861800547 ], [ 88.735834256745591, 26.348900296911211 ], [ 88.735789938155165, 26.348762345405987 ], [ 88.735800425149534, 26.348497626364406 ], [ 88.735781303764213, 26.348146671331847 ], [ 88.735794607435253, 26.347974831573254 ], [ 88.7355771261835, 26.347966050592788 ], [ 88.735428159781804, 26.347975065397009 ], [ 88.735244879747484, 26.347980339920809 ], [ 88.735145867088136, 26.347958838929344 ], [ 88.734756779901545, 26.347934798252368 ], [ 88.734432276628297, 26.347934454711378 ], [ 88.734310180170723, 26.347934326108316 ], [ 88.734296766782393, 26.348155967623882 ], [ 88.734296243377003, 26.348164623598564 ], [ 88.734071054935271, 26.3481626522846 ], [ 88.733757966756798, 26.348170226374918 ], [ 88.733770843249886, 26.348036443227329 ], [ 88.733770865732936, 26.348036214799549 ], [ 88.733642520785736, 26.348044376147072 ], [ 88.733601807577429, 26.348058635797429 ], [ 88.733581214901221, 26.348065849259569 ], [ 88.733367545875581, 26.348066577710426 ], [ 88.733355233257441, 26.348066619079248 ], [ 88.733341513200344, 26.348063745745321 ], [ 88.733272967773303, 26.348049390766846 ], [ 88.733232886788358, 26.348084806068982 ], [ 88.733131579958524, 26.347986704422908 ], [ 88.733121069581728, 26.347976525896001 ], [ 88.732934400901911, 26.348006045242869 ], [ 88.732824353561114, 26.348023448023753 ], [ 88.732760766995852, 26.347973366577662 ], [ 88.732635694681619, 26.347977633860751 ], [ 88.73263246431685, 26.347977743578042 ], [ 88.732244382572276, 26.348001852603488 ], [ 88.732099479307578, 26.348016293916885 ], [ 88.731990651447461, 26.348027139740736 ], [ 88.73191572443119, 26.34800893476455 ], [ 88.73190841833889, 26.348007158603536 ], [ 88.731569160788183, 26.348034445833036 ], [ 88.73146400036336, 26.348046299796977 ], [ 88.731231861061588, 26.348075370382105 ], [ 88.730970179929898, 26.3480997357143 ], [ 88.730705299909744, 26.348119373310453 ], [ 88.730595014248593, 26.348127549047206 ], [ 88.730240104897007, 26.348106655098093 ], [ 88.730147648295372, 26.347990300811773 ], [ 88.730077808743943, 26.347956396370648 ], [ 88.730054421874115, 26.347945042429842 ], [ 88.729762811304738, 26.34800025001158 ], [ 88.729680265232105, 26.348008809758824 ], [ 88.729604795924672, 26.348016636558555 ], [ 88.72951108836611, 26.348015812779579 ], [ 88.729515611956003, 26.347598121755993 ], [ 88.72908730173765, 26.347523253195618 ], [ 88.729084682012513, 26.347309919617146 ], [ 88.729085451832191, 26.347238824612134 ], [ 88.729130704818203, 26.347159231013734 ], [ 88.729094186947236, 26.346887830009393 ], [ 88.729081268186064, 26.346714402947384 ], [ 88.729372923721485, 26.346654751815379 ], [ 88.729341240605834, 26.346392281078977 ], [ 88.729301185701217, 26.345991973051184 ], [ 88.729254803166668, 26.345720484812603 ], [ 88.729249560119172, 26.345293818554921 ], [ 88.729231975675191, 26.344640405330495 ], [ 88.728832354729434, 26.34465022232996 ], [ 88.728600605733448, 26.344643740016636 ], [ 88.728423301694079, 26.344619959243801 ], [ 88.728038524058718, 26.344625461296062 ], [ 88.727895646067282, 26.344610870695192 ], [ 88.727593445980801, 26.344592416606815 ], [ 88.727555544053189, 26.344590101751862 ], [ 88.727541602762813, 26.344591689954598 ], [ 88.727446898755431, 26.344602477322496 ], [ 88.727294204663849, 26.344583355937175 ], [ 88.726855322015581, 26.344575047100818 ], [ 88.726786326028162, 26.344569994709559 ], [ 88.726747546362219, 26.344507437868003 ], [ 88.726723658570052, 26.344436124327729 ], [ 88.726734873115959, 26.344311793054828 ], [ 88.726676268794847, 26.344257948845325 ], [ 88.726528749402348, 26.344216653775618 ], [ 88.726268376784219, 26.344121036956324 ], [ 88.726296413148987, 26.343810206076228 ], [ 88.726350892279925, 26.343335184171451 ], [ 88.726342959360124, 26.343157355827373 ], [ 88.726315586695023, 26.342952692612698 ], [ 88.726329310349456, 26.342597297627208 ], [ 88.726367305806548, 26.342277668679515 ], [ 88.726353619923657, 26.342175338421157 ], [ 88.726304834400651, 26.342126023197466 ], [ 88.726058343717625, 26.34211496333495 ], [ 88.726024497732453, 26.342052448761535 ], [ 88.726011585266519, 26.341879020800206 ], [ 88.726028011383676, 26.34127478790117 ], [ 88.725688109918394, 26.341236241159663 ], [ 88.725210173310927, 26.34119202868925 ], [ 88.725032873768157, 26.341168245218398 ], [ 88.724752299678926, 26.341116885835675 ], [ 88.724540383431986, 26.341101683695797 ], [ 88.724332009614614, 26.341103455360212 ], [ 88.724283887791273, 26.341103863652449 ], [ 88.724195022182585, 26.341111968342716 ], [ 88.724202759050172, 26.34130756998843 ], [ 88.724186657588234, 26.341427415442922 ], [ 88.724160502605173, 26.341564946964809 ], [ 88.724139132914729, 26.341715852304787 ], [ 88.724143291379846, 26.34178699137658 ], [ 88.724191640731704, 26.341876297653073 ], [ 88.72426919556699, 26.342001413134767 ], [ 88.724253337821324, 26.342099039938773 ], [ 88.724197542982267, 26.342240753308147 ], [ 88.72404185684627, 26.342497129339108 ], [ 88.72391716224729, 26.342624902317425 ], [ 88.723736284302163, 26.34292993706697 ], [ 88.723360891092284, 26.342979950164647 ], [ 88.723114013700808, 26.343004432408691 ], [ 88.723107598836691, 26.343141790361415 ], [ 88.723107582648879, 26.343142138399003 ], [ 88.723016816772713, 26.34314717280381 ], [ 88.722900304205723, 26.343153638030003 ], [ 88.722791660706662, 26.343166010003415 ], [ 88.722453365430511, 26.343193472600717 ], [ 88.722347365938219, 26.34320207821338 ], [ 88.722218663960234, 26.343190387026766 ], [ 88.722184764015708, 26.34318730774811 ], [ 88.722110691355397, 26.343195541940759 ], [ 88.72210910585062, 26.343195755979423 ], [ 88.721987203646563, 26.34321222526404 ], [ 88.721966660433111, 26.342834306757879 ], [ 88.721631301443438, 26.342831341693113 ], [ 88.721276021571214, 26.342845973662804 ], [ 88.721151993369858, 26.342836591935225 ], [ 88.721142963277202, 26.342835909349787 ], [ 88.720970206210097, 26.342847712052333 ], [ 88.720521077585715, 26.342874843699121 ], [ 88.72004216611316, 26.342919486944822 ], [ 88.71971067240969, 26.343014316857307 ], [ 88.719652459293627, 26.343019041895332 ], [ 88.71956257475307, 26.343026337195738 ], [ 88.719463938909712, 26.343025463954064 ], [ 88.719114950694461, 26.342915715188155 ], [ 88.718910484431376, 26.342853629591389 ], [ 88.718888817964626, 26.342847051050626 ], [ 88.718790280147346, 26.342837289809154 ], [ 88.718767980557914, 26.343072621704152 ], [ 88.718715994347747, 26.343316578996962 ], [ 88.718760284159828, 26.343325860000505 ], [ 88.718755869387905, 26.34334296330718 ], [ 88.718749983325154, 26.343365762919689 ], [ 88.718595543649485, 26.34340774866871 ], [ 88.718512529929399, 26.34343031715548 ], [ 88.718469495570844, 26.343435215762668 ], [ 88.718403886430281, 26.343442684632237 ], [ 88.718046514734908, 26.34343951722002 ], [ 88.718004412973357, 26.343439143102046 ], [ 88.717747280612571, 26.343462576736556 ], [ 88.717648937948184, 26.343471540279438 ], [ 88.717635321313082, 26.343470396341786 ], [ 88.717530672602493, 26.343461602770788 ], [ 88.717495810383411, 26.343492400953608 ], [ 88.717484101210346, 26.343661167728783 ], [ 88.717458873428313, 26.343769268037363 ], [ 88.717453053016015, 26.343794210734302 ], [ 88.716995127223413, 26.343723487149248 ], [ 88.716645407859346, 26.343680386240862 ], [ 88.716297256013604, 26.343673420991649 ], [ 88.716245982066482, 26.343672394865166 ], [ 88.716023761387532, 26.343697084852636 ], [ 88.715895243770547, 26.343722606712959 ], [ 88.715638256200634, 26.343769205984131 ], [ 88.71557844319068, 26.343826446033688 ], [ 88.715561911852831, 26.343827538710002 ], [ 88.715459981792776, 26.343834280927354 ], [ 88.715173196985518, 26.343835898807754 ], [ 88.715154162834381, 26.343836006726406 ], [ 88.714900904752994, 26.343852496695433 ], [ 88.714793851255308, 26.343859467340621 ], [ 88.714650829372317, 26.343858194799907 ], [ 88.714468353331881, 26.343856572422908 ], [ 88.714133381950091, 26.343818040070516 ], [ 88.713921509769932, 26.343798379091993 ], [ 88.713557144047002, 26.343741808137963 ], [ 88.713044580842791, 26.343706137428342 ], [ 88.71283773857084, 26.343677631617481 ], [ 88.712724503133359, 26.343658848377174 ], [ 88.712578645687984, 26.343466458210514 ], [ 88.712506522757849, 26.343296944998087 ], [ 88.712492215443433, 26.343252378194734 ], [ 88.712553932318201, 26.343021843283509 ], [ 88.712663299771521, 26.342493985309204 ], [ 88.712760658577565, 26.342161556310828 ], [ 88.712786389979954, 26.342064017640325 ], [ 88.712773155556761, 26.341921693631321 ], [ 88.712778915714466, 26.341846197344182 ], [ 88.712789948597333, 26.341739642070877 ], [ 88.712814307634233, 26.341317682864826 ], [ 88.712813063871863, 26.341298964375767 ], [ 88.712801609206963, 26.341126478903902 ], [ 88.712520893924193, 26.341088426789497 ], [ 88.712195893325884, 26.341041090973647 ], [ 88.712187687012204, 26.340889923930888 ], [ 88.711872256999129, 26.340869335751279 ], [ 88.711856335401592, 26.340522567062862 ], [ 88.711645152102165, 26.340440691884453 ], [ 88.71164832311166, 26.340151862918162 ], [ 88.711659553845379, 26.340027533443958 ], [ 88.711676690426998, 26.339814375233289 ], [ 88.711677471038513, 26.339743279328957 ], [ 88.711804225084961, 26.339428888032785 ], [ 88.711916857976689, 26.339446155915425 ], [ 88.71192731979005, 26.339447760305916 ], [ 88.711961841166101, 26.339448067874059 ], [ 88.71198590702403, 26.339431294618578 ], [ 88.712056273578241, 26.339382250990127 ], [ 88.712080931190087, 26.339382470424709 ], [ 88.712154904925001, 26.339383129627777 ], [ 88.712179068809064, 26.338978944622625 ], [ 88.712203039338874, 26.338592533818428 ], [ 88.712381062835846, 26.338549680223593 ], [ 88.712426324815112, 26.338470092021169 ], [ 88.712599417329329, 26.33842719525893 ], [ 88.712312022781703, 26.337773944811772 ], [ 88.712301072636478, 26.337749055174811 ], [ 88.712210115204698, 26.337776833434191 ], [ 88.712202101345952, 26.337779281388748 ], [ 88.7121280313836, 26.337787508386839 ], [ 88.712029498962238, 26.337777742648768 ], [ 88.711931257921265, 26.337741315609264 ], [ 88.711848056242843, 26.337682803018993 ], [ 88.711804502975497, 26.33760686696337 ], [ 88.711679844349419, 26.33728134475831 ], [ 88.71120153812052, 26.337272636622913 ], [ 88.71082171485034, 26.337278136876591 ], [ 88.710545843316083, 26.337249012332109 ], [ 88.710358885953895, 26.337207347641026 ], [ 88.710382272823665, 26.336874260338902 ], [ 88.710389843316648, 26.336634353592615 ], [ 88.710398094596428, 26.336332238042417 ], [ 88.710379639608732, 26.336216528569992 ], [ 88.710293462073651, 26.335980229903726 ], [ 88.710256501736239, 26.335753258106422 ], [ 88.710228671316202, 26.33559302769612 ], [ 88.710131168618602, 26.335041105662526 ], [ 88.710031518339974, 26.334684698939782 ], [ 88.709377938740943, 26.33446999569378 ], [ 88.709245133156401, 26.334437702837761 ], [ 88.709047683403924, 26.334430287927489 ], [ 88.708934554985774, 26.334426041328811 ], [ 88.70883958567839, 26.334540736365966 ], [ 88.708837819409894, 26.334541116779178 ], [ 88.708780262798939, 26.334553537315969 ], [ 88.708617675265543, 26.334538751562206 ], [ 88.708391124350953, 26.334510064088249 ], [ 88.708292740317745, 26.334486965001474 ], [ 88.708204416100955, 26.334446178948042 ], [ 88.707979823010476, 26.334239748565608 ], [ 88.707774222702255, 26.33410014680436 ], [ 88.707577751412146, 26.334027287329491 ], [ 88.707233534999716, 26.33393532985167 ], [ 88.706992388088281, 26.333888732379137 ], [ 88.706438687195714, 26.333114970979182 ], [ 88.706446608424301, 26.33284395938125 ], [ 88.706289245052687, 26.332802553694933 ], [ 88.706217241732361, 26.332768175311116 ], [ 88.706146973204284, 26.332734621605539 ], [ 88.706111281810252, 26.332770086370431 ], [ 88.706107081976313, 26.33277426012404 ], [ 88.705993611815813, 26.332777688339718 ], [ 88.705959191163799, 26.332768492771777 ], [ 88.705599794195223, 26.332711946099494 ], [ 88.705171750176191, 26.332619231392471 ], [ 88.704682497399403, 26.332513425254433 ], [ 88.704571503971806, 26.332489421449679 ], [ 88.704540984578841, 26.332573582704754 ], [ 88.704450798765436, 26.332701649761361 ], [ 88.704280728872618, 26.332917879156867 ], [ 88.704006316938035, 26.333204277255618 ], [ 88.703946895133186, 26.33322596260814 ], [ 88.703870618234475, 26.333434145769274 ], [ 88.703834625567595, 26.333567142010054 ], [ 88.703798389184385, 26.333722356001999 ], [ 88.703762740058437, 26.333824247391135 ], [ 88.703695441091782, 26.334112500791321 ], [ 88.703294588074812, 26.334230358744094 ], [ 88.703284762981468, 26.334233248265832 ], [ 88.703195754380602, 26.334254669217671 ], [ 88.703073499642358, 26.334160249396064 ], [ 88.703058398226574, 26.334160637003833 ], [ 88.702945234734841, 26.334163541814064 ], [ 88.702865989174143, 26.334193937999885 ], [ 88.702641768402941, 26.334400792862368 ], [ 88.702630186034298, 26.334556227188159 ], [ 88.702609970174024, 26.33460048462473 ], [ 88.702395659032504, 26.334802984070507 ], [ 88.702309466208931, 26.335015520849652 ], [ 88.702263216774099, 26.335183975560085 ], [ 88.702252272024793, 26.335281644632232 ], [ 88.702212330434747, 26.335325725801681 ], [ 88.702118140839559, 26.335369318639209 ], [ 88.702101774077676, 26.335511380046228 ], [ 88.702108983043217, 26.335751418992857 ], [ 88.702119911604711, 26.33608529679907 ], [ 88.702120042006413, 26.336089259211974 ], [ 88.702084041245541, 26.336089948992026 ], [ 88.701962185806281, 26.336092286330029 ], [ 88.701956517379415, 26.336158893717993 ], [ 88.701934431828647, 26.3363720060633 ], [ 88.702170845608123, 26.336400793361975 ], [ 88.702289201785277, 26.336401857259943 ], [ 88.70234139394023, 26.336394909997125 ], [ 88.702383046940099, 26.336389365676723 ], [ 88.702610483686954, 26.336338080937708 ], [ 88.702817801700235, 26.336322165635465 ], [ 88.702818049013786, 26.33632519275352 ], [ 88.702830828380058, 26.336482265644122 ], [ 88.702832270892657, 26.336797799978513 ], [ 88.703118198645996, 26.336809254643413 ], [ 88.703131226225196, 26.33696935375275 ], [ 88.703137650981887, 26.33728048860371 ], [ 88.703109302552321, 26.337644127674423 ], [ 88.70310891674319, 26.337649081140228 ], [ 88.702974729800019, 26.337650624376863 ], [ 88.702891880655841, 26.337651576758901 ], [ 88.702709120429631, 26.337676600394843 ], [ 88.702679643350905, 26.338159212577636 ], [ 88.702679008429527, 26.338169608740486 ], [ 88.702314173260561, 26.338157447208459 ], [ 88.701742508410121, 26.338116760080482 ], [ 88.701633097789284, 26.338117874340469 ], [ 88.701510676676435, 26.338119120800854 ], [ 88.70151758976499, 26.33838582104886 ], [ 88.701513114738532, 26.338790182321134 ], [ 88.701936590201512, 26.338851758002306 ], [ 88.702335998007982, 26.338859788048808 ], [ 88.702720217164369, 26.338903234296879 ], [ 88.7029915030555, 26.33890122521143 ], [ 88.702963357872704, 26.339216493346555 ], [ 88.702934130805545, 26.339629518687389 ], [ 88.703101756341027, 26.339635467702749 ], [ 88.703094664287391, 26.339830938047385 ], [ 88.703370784933838, 26.339837860129194 ], [ 88.703696220803977, 26.339845223778127 ], [ 88.703937871335768, 26.339847392043566 ], [ 88.70409074978835, 26.339848761711039 ], [ 88.704094699610778, 26.339937676782426 ], [ 88.704086479807245, 26.340235348782358 ], [ 88.70403367791198, 26.340550394784941 ], [ 88.704131918952953, 26.340586829019003 ], [ 88.704104069647144, 26.340875436752071 ], [ 88.704077106173543, 26.341084060580954 ], [ 88.704001757375238, 26.341207816287749 ], [ 88.703953542921738, 26.34155401300734 ], [ 88.703931165091262, 26.341793785754646 ], [ 88.703902104398651, 26.34187391534897 ], [ 88.703900643000338, 26.341877947009721 ], [ 88.703710647728258, 26.341881677397566 ], [ 88.703589848992408, 26.341884048010456 ], [ 88.703501717230552, 26.342098797121821 ], [ 88.703493544191758, 26.342118714407206 ], [ 88.703168443768732, 26.342080245007367 ], [ 88.702828303083777, 26.342063861158294 ], [ 88.702508038315386, 26.342034322026393 ], [ 88.702236893617794, 26.342022998662515 ], [ 88.702239646442592, 26.341774161648289 ], [ 88.701993208819601, 26.341758616866741 ], [ 88.701800922074938, 26.341752446618159 ], [ 88.701594036635527, 26.341728369069017 ], [ 88.701244084347081, 26.341707447240935 ], [ 88.701007413361481, 26.341700876794107 ], [ 88.700790417743633, 26.341698926164554 ], [ 88.700691784598234, 26.341698040332346 ], [ 88.700455210739449, 26.341682580986401 ], [ 88.700169320757595, 26.341666678274635 ], [ 88.700081289719776, 26.341599227322547 ], [ 88.699735973436475, 26.341605008164663 ], [ 88.699528891944851, 26.341598701219141 ], [ 88.699454860653361, 26.341158081979927 ], [ 88.698720241346109, 26.341133694164682 ], [ 88.698585257603611, 26.341130139144639 ], [ 88.698463843731474, 26.341126941155437 ], [ 88.698441900273565, 26.341326721950736 ], [ 88.698384101744978, 26.34164616743675 ], [ 88.698371850280751, 26.341880806853794 ], [ 88.698371576886814, 26.341886028317617 ], [ 88.698231691839169, 26.341887147074203 ], [ 88.69811014756533, 26.341888118342013 ], [ 88.698047070915663, 26.34223862191493 ], [ 88.698007321780551, 26.342264927984104 ], [ 88.698009049378186, 26.342553801017175 ], [ 88.69801338860708, 26.342607166787388 ], [ 88.698089090838948, 26.342896707117404 ], [ 88.698082384594443, 26.343056629060243 ], [ 88.698046728273937, 26.343158518650739 ], [ 88.697989520599947, 26.343424642433376 ], [ 88.697912794040292, 26.343669831797342 ], [ 88.69790770387749, 26.343686097835189 ], [ 88.697676106866879, 26.343666235408477 ], [ 88.697533381760195, 26.343638286277951 ], [ 88.697346467565467, 26.343592160949527 ], [ 88.696951779401161, 26.343601934781532 ], [ 88.696843231230218, 26.343605399869375 ], [ 88.69672628968658, 26.343597754732627 ], [ 88.696606654673417, 26.343589935127454 ], [ 88.696544166180388, 26.343887116996882 ], [ 88.696517087593577, 26.34410462612766 ], [ 88.696500861125912, 26.34423335598467 ], [ 88.696492573873229, 26.344256785122582 ], [ 88.696480492380886, 26.344290943172552 ], [ 88.69606242544063, 26.344184960767393 ], [ 88.695860320797237, 26.344174248942466 ], [ 88.695599281781483, 26.344140785169145 ], [ 88.695494706815339, 26.344142611692234 ], [ 88.695431551924628, 26.344143716059705 ], [ 88.695365747631229, 26.34414924868895 ], [ 88.69528838255286, 26.344155755283907 ], [ 88.695184814827428, 26.344154819989001 ], [ 88.695115967228162, 26.344136422557881 ], [ 88.695099434091674, 26.344136804769789 ], [ 88.694977827764603, 26.344139619647763 ], [ 88.694906164388044, 26.344374501881816 ], [ 88.694780199046988, 26.344613339334217 ], [ 88.694832916406028, 26.344751577723173 ], [ 88.694835822115579, 26.344933807349378 ], [ 88.694848096962176, 26.345160557913459 ], [ 88.694901209123543, 26.345263248799938 ], [ 88.694981393576484, 26.345592826048119 ], [ 88.694329500206322, 26.345666930184734 ], [ 88.694331268273459, 26.345951359667538 ], [ 88.694304580891753, 26.346133321295781 ], [ 88.694166290342082, 26.346149847237712 ], [ 88.694149119586257, 26.346363001851103 ], [ 88.694112470414211, 26.346553760647566 ], [ 88.694075968731056, 26.346731189692719 ], [ 88.693982214407754, 26.346734786081583 ], [ 88.69400085285713, 26.346832722252373 ], [ 88.694685694689099, 26.346901123787859 ], [ 88.695272245118076, 26.346937528344313 ], [ 88.695430065345306, 26.346938951971083 ], [ 88.695548458394683, 26.346932793413714 ], [ 88.696012424933542, 26.346908655610036 ], [ 88.696019300250555, 26.346908545892745 ], [ 88.69654521928652, 26.346900130037 ], [ 88.696531060360201, 26.347286627176175 ], [ 88.696543732707141, 26.347477832036361 ], [ 88.696549944324545, 26.347806739289638 ], [ 88.696553147709665, 26.347962306715146 ], [ 88.697026515761138, 26.347975462897352 ], [ 88.697043726986465, 26.348202260226174 ], [ 88.697047424998743, 26.348313392149407 ], [ 88.697045203673269, 26.348513350111091 ], [ 88.69704441586714, 26.348584446015423 ], [ 88.697086582379939, 26.348784805074729 ], [ 88.697219745894643, 26.348786004770375 ], [ 88.697352710659118, 26.348804978666863 ], [ 88.697357049888012, 26.349302740828875 ], [ 88.697336531855512, 26.349373658667446 ], [ 88.697291947065764, 26.349391033569418 ], [ 88.697280701043553, 26.349515363043622 ], [ 88.69742353227025, 26.349534425973047 ], [ 88.69756651098578, 26.349540159151047 ], [ 88.69773903332981, 26.349550601179374 ], [ 88.69767797475879, 26.34971892099145 ], [ 88.697651933989619, 26.349843117366049 ], [ 88.697646064114622, 26.349927498954969 ], [ 88.697628752165258, 26.350153985118368 ], [ 88.697606162994077, 26.350411530267934 ], [ 88.697553834142184, 26.350682139868923 ], [ 88.697504363335781, 26.35113942174695 ], [ 88.697521822773979, 26.351344000425343 ], [ 88.697545250113251, 26.351455310414281 ], [ 88.697732522238141, 26.351470329991798 ], [ 88.697860361766345, 26.351507032223822 ], [ 88.697766700972522, 26.351946140601967 ], [ 88.697769857592903, 26.352106150678367 ], [ 88.697793236368796, 26.352221904217572 ], [ 88.697736615052804, 26.35243470359876 ], [ 88.697772557357666, 26.352594739755489 ], [ 88.697783618119558, 26.352643992926005 ], [ 88.697791903573545, 26.352786273767549 ], [ 88.697769315301741, 26.353043818917172 ], [ 88.697763446326064, 26.353128202304731 ], [ 88.697810792933808, 26.353306385881069 ], [ 88.697824832250262, 26.35350815597667 ], [ 88.697827809905561, 26.353550957410789 ], [ 88.697911410882966, 26.353573929693141 ], [ 88.697884235169397, 26.353800326823659 ], [ 88.697864653331123, 26.35423121270037 ], [ 88.69782440777027, 26.354746348864978 ], [ 88.697821991291903, 26.354964080128241 ], [ 88.697801275408608, 26.355052772167767 ], [ 88.697795308406796, 26.355146041756484 ], [ 88.697763741303675, 26.35532351396904 ], [ 88.697711606705354, 26.355576350268393 ], [ 88.697918613553213, 26.355591547012352 ], [ 88.697945791065479, 26.355809545374257 ], [ 88.698370113689862, 26.355800035043615 ], [ 88.698397193175992, 26.356026921405373 ], [ 88.698453423286935, 26.356294063220503 ], [ 88.698477247227231, 26.356369824807643 ], [ 88.698420723937318, 26.356573737987674 ], [ 88.698420082720702, 26.356631503241317 ], [ 88.698458407329667, 26.356734059229495 ], [ 88.698433055441228, 26.356796045001545 ], [ 88.698411944755492, 26.356920286342188 ], [ 88.698385213307006, 26.357106689722002 ], [ 88.698374708326185, 26.357164367741404 ], [ 88.697993346315911, 26.357194423084195 ], [ 88.697969862319326, 26.357196272989654 ], [ 88.697219703626502, 26.357229509234514 ], [ 88.696568240132251, 26.357259186862052 ], [ 88.696242311433593, 26.357275597690716 ], [ 88.696119101615295, 26.357281801214185 ], [ 88.695823160810278, 26.357279131127029 ], [ 88.69529530283603, 26.3572832536193 ], [ 88.69511793584411, 26.357263878625133 ], [ 88.695019636347183, 26.35723188344474 ], [ 88.694978408726627, 26.356947098729677 ], [ 88.694411784576232, 26.356888653588555 ], [ 88.694449179286266, 26.356631243337233 ], [ 88.694452166834083, 26.356362660808202 ], [ 88.694452244175807, 26.356355745921007 ], [ 88.694026904418138, 26.356400763284626 ], [ 88.693988015934224, 26.356404878582339 ], [ 88.693839494696988, 26.356408401226759 ], [ 88.693716640110893, 26.356411315030243 ], [ 88.693683435342336, 26.35673542440037 ], [ 88.693643431699059, 26.356783944623373 ], [ 88.693499553661525, 26.356858191752224 ], [ 88.693500427802576, 26.357222603340517 ], [ 88.693482300168057, 26.357238610373599 ], [ 88.693480499725354, 26.357240198576335 ], [ 88.693218788916056, 26.357249920247682 ], [ 88.693095580896397, 26.357254495998234 ], [ 88.693094293067247, 26.357370027404897 ], [ 88.693115242774297, 26.357703512207365 ], [ 88.693233618736599, 26.357704582400629 ], [ 88.693241950056006, 26.357842419691963 ], [ 88.693146925889948, 26.357858174914895 ], [ 88.693064038074965, 26.357871919253739 ], [ 88.692965588391246, 26.357853252925338 ], [ 88.692837496153572, 26.357838762149186 ], [ 88.692579814307066, 26.357746310943526 ], [ 88.692469006139788, 26.357706554613856 ], [ 88.692412420796643, 26.357914908646194 ], [ 88.692315041306188, 26.358242879705188 ], [ 88.692314042159353, 26.358332635642682 ], [ 88.6923137543763, 26.358358411111851 ], [ 88.692302922042302, 26.358354393840273 ], [ 88.69224006482716, 26.358331080714834 ], [ 88.692185710702063, 26.358339476785488 ], [ 88.692160058439981, 26.358428122959538 ], [ 88.692073283755121, 26.358689530697347 ], [ 88.692062527863413, 26.358769424669276 ], [ 88.692005198780976, 26.359044431055679 ], [ 88.691983489146764, 26.359221992301173 ], [ 88.691983190571818, 26.359248652703229 ], [ 88.69209130706821, 26.359285184064049 ], [ 88.692061543105808, 26.359742640410559 ], [ 88.692035076057948, 26.360038743992902 ], [ 88.692033362849486, 26.360057905847725 ], [ 88.691718033560448, 26.360023943849967 ], [ 88.691491561786222, 26.359981580385693 ], [ 88.691368523738447, 26.35995856403656 ], [ 88.691368077674724, 26.359998556887945 ], [ 88.691341035960079, 26.360211621569135 ], [ 88.691334169636264, 26.360384873263342 ], [ 88.691297810045967, 26.36054896895979 ], [ 88.691307079358296, 26.360602380595424 ], [ 88.691440057612624, 26.360621359887887 ], [ 88.691387858263113, 26.360878636140171 ], [ 88.691349909570704, 26.361184925443979 ], [ 88.691700019240557, 26.36119698175537 ], [ 88.692114249672954, 26.361209618129408 ], [ 88.692568286797041, 26.361191505783438 ], [ 88.692570297681129, 26.361453716615756 ], [ 88.692588590790876, 26.361582756738869 ], [ 88.692997495438135, 26.361630893850702 ], [ 88.693534744133217, 26.361671301289562 ], [ 88.693535978003013, 26.361655985835114 ], [ 88.693551916687682, 26.36145814757549 ], [ 88.693589858185476, 26.361151858271683 ], [ 88.693581677052805, 26.36100069122898 ], [ 88.693583013445391, 26.360880717171426 ], [ 88.693565805817343, 26.360653919842605 ], [ 88.6936905130068, 26.360665271085452 ], [ 88.693945260365524, 26.360688455607772 ], [ 88.694250776252375, 26.36071788142516 ], [ 88.694507166672452, 26.360729085179173 ], [ 88.694836752913886, 26.3608120512352 ], [ 88.694910690675897, 26.360817162082412 ], [ 88.695176996121518, 26.360824010419776 ], [ 88.695378981155102, 26.360848052895392 ], [ 88.695342823012936, 26.3609943770889 ], [ 88.695178468311724, 26.361135100304693 ], [ 88.695123420809296, 26.361205706078522 ], [ 88.695103097030369, 26.361258849716194 ], [ 88.695284067605712, 26.361398246431975 ], [ 88.695489800114217, 26.3615289772805 ], [ 88.695564662379297, 26.361491926111569 ], [ 88.69556916528478, 26.361489696692217 ], [ 88.695646137359404, 26.361506475343617 ], [ 88.696164617203351, 26.361619500339714 ], [ 88.696173492612672, 26.361708458578562 ], [ 88.696143507416991, 26.361938792940975 ], [ 88.696141133206766, 26.36195702669545 ], [ 88.695894753140408, 26.361932584920908 ], [ 88.695568509679049, 26.361906761787679 ], [ 88.695451170635067, 26.361897473589579 ], [ 88.695329331383618, 26.362207451912411 ], [ 88.695221972116371, 26.362599711907251 ], [ 88.695221348886207, 26.362601987192022 ], [ 88.695126454222532, 26.36260501431002 ], [ 88.695004218370059, 26.36260891466975 ], [ 88.694963916151892, 26.362684097992769 ], [ 88.694902255035117, 26.362905737709696 ], [ 88.694901017567986, 26.363016825566092 ], [ 88.694880893438551, 26.363052195002865 ], [ 88.694806211037871, 26.363113737409094 ], [ 88.694812418158619, 26.363442643763051 ], [ 88.694838994024394, 26.363577790282818 ], [ 88.694840432040337, 26.363585103569733 ], [ 88.694485285267774, 26.363581895688014 ], [ 88.694163039292903, 26.363560121302612 ], [ 88.694105721901622, 26.363556247922531 ], [ 88.69403855693389, 26.363566427348815 ], [ 88.693967362104161, 26.363577218314049 ], [ 88.693919941751972, 26.363573015782094 ], [ 88.693799802219132, 26.363562372305694 ], [ 88.693768093922472, 26.363720116989839 ], [ 88.693763244777983, 26.36374424310236 ], [ 88.693482532193173, 26.363701710565522 ], [ 88.69313774471118, 26.363654154415769 ], [ 88.692980296803341, 26.363617178789809 ], [ 88.692330136426733, 26.363526865272661 ], [ 88.692103533351428, 26.363498151718375 ], [ 88.691852466917851, 26.363451440032009 ], [ 88.691610968371549, 26.363431478679843 ], [ 88.691428710866376, 26.363407607974807 ], [ 88.691004953915524, 26.363363777716245 ], [ 88.690728827873158, 26.363352388701855 ], [ 88.690586075786825, 26.363326551179455 ], [ 88.690522055748318, 26.363314964314213 ], [ 88.690462667218355, 26.363332200720549 ], [ 88.690360245229215, 26.36366901391392 ], [ 88.690403992750134, 26.363727181164506 ], [ 88.690381980943698, 26.363931402812057 ], [ 88.690400768680604, 26.364016007432838 ], [ 88.690375263008036, 26.364091323855575 ], [ 88.690324200401562, 26.364246400251204 ], [ 88.690216794369633, 26.364587609330783 ], [ 88.690133464987468, 26.364745414269521 ], [ 88.690121039954079, 26.364768943232207 ], [ 88.689732004928146, 26.364707647240152 ], [ 88.689651696368742, 26.364692046700668 ], [ 88.689540030248281, 26.364670355052908 ], [ 88.689389143794017, 26.365020669768171 ], [ 88.689377966120276, 26.365046619705765 ], [ 88.689008712582051, 26.364981056430679 ], [ 88.688915246941178, 26.364953330331957 ], [ 88.688900541227042, 26.36494896682143 ], [ 88.68879192290899, 26.364956870063565 ], [ 88.688761259624471, 26.365218919017934 ], [ 88.688759198378364, 26.365236543032097 ], [ 88.688743407182528, 26.365325278239027 ], [ 88.688741428674064, 26.365374221143441 ], [ 88.688736586724133, 26.365494084584384 ], [ 88.688725033133835, 26.365645075359964 ], [ 88.688823287664661, 26.365681516788641 ], [ 88.688801918873537, 26.36582797318249 ], [ 88.688749911079583, 26.3660674743345 ], [ 88.688676041666042, 26.366334964187274 ], [ 88.688672789717543, 26.36634674170881 ], [ 88.688449122029397, 26.366335948944936 ], [ 88.688445985194107, 26.366335797858824 ], [ 88.688327750425401, 26.366321391618953 ], [ 88.68830035257929, 26.366565561151788 ], [ 88.688262682676736, 26.366913025915437 ], [ 88.688261848105867, 26.366920725910802 ], [ 88.688240333624549, 26.367099283605114 ], [ 88.688229220702055, 26.367191509980273 ], [ 88.688342178249002, 26.36723697520631 ], [ 88.68830087778332, 26.367401025936658 ], [ 88.68823203108343, 26.367822575051832 ], [ 88.688191376331019, 26.367928861427856 ], [ 88.688134183945465, 26.368190533566349 ], [ 88.688128406700685, 26.368266028054791 ], [ 88.688026404694881, 26.368674500128122 ], [ 88.688018409721906, 26.368727756181045 ], [ 88.688028054051529, 26.36885782782656 ], [ 88.688055788244071, 26.369024726709824 ], [ 88.688051193607748, 26.369104674641051 ], [ 88.687932842826513, 26.369100267963063 ], [ 88.687915323133723, 26.369343414966693 ], [ 88.687905092446101, 26.369596627182659 ], [ 88.687901363856895, 26.369929888053946 ], [ 88.687895333003269, 26.370160113598388 ], [ 88.687894904925997, 26.370176467769795 ], [ 88.687880185722065, 26.370175227604705 ], [ 88.687761828645534, 26.370165261317823 ], [ 88.68769299903272, 26.370364614035736 ], [ 88.68765087209016, 26.37051002002147 ], [ 88.687615156414381, 26.370716064594774 ], [ 88.68760778557089, 26.370948161628405 ], [ 88.687594296639531, 26.371300585253834 ], [ 88.687562824864528, 26.371553961146446 ], [ 88.687414783865222, 26.371561215078088 ], [ 88.687335538304524, 26.37181845625679 ], [ 88.687300686877279, 26.37194711956397 ], [ 88.687246026982621, 26.372140094289989 ], [ 88.687140985268286, 26.372143439767967 ], [ 88.687091239269307, 26.372323559584686 ], [ 88.687055281675953, 26.37255109795484 ], [ 88.687012280592342, 26.372555007307767 ], [ 88.686884828671964, 26.372854804405733 ], [ 88.686790205603586, 26.373206489687789 ], [ 88.686739688885609, 26.373455392352525 ], [ 88.686668530028669, 26.373775328868362 ], [ 88.686664297819163, 26.373794354925565 ], [ 88.686535585049285, 26.373780287730142 ], [ 88.686230769734266, 26.373721626751717 ], [ 88.685785411967231, 26.373642636598447 ], [ 88.685668672771101, 26.373621932406309 ], [ 88.685584070848222, 26.373930714630831 ], [ 88.685481632671269, 26.374127552844357 ], [ 88.685416699820905, 26.37438492262612 ], [ 88.685213264180845, 26.374649631775128 ], [ 88.685202996621058, 26.374714028629569 ], [ 88.685229704687174, 26.374886246103415 ], [ 88.685233369424509, 26.374985164333907 ], [ 88.685187188338148, 26.375272799000527 ], [ 88.685184922945894, 26.375474846087343 ], [ 88.685212836103574, 26.375539590979372 ], [ 88.685683925272997, 26.375668555559457 ], [ 88.685869863703317, 26.37568744312108 ], [ 88.685941018962922, 26.375726783963955 ], [ 88.6858914195534, 26.376319642237775 ], [ 88.685937026872352, 26.376509225620339 ], [ 88.685955202170874, 26.376591079214961 ], [ 88.686321249626019, 26.376723384776426 ], [ 88.68658755507164, 26.376811791730859 ], [ 88.68660071844846, 26.376915095954985 ], [ 88.686580184228205, 26.37704388786517 ], [ 88.68651992695311, 26.37730990013182 ], [ 88.686492356437157, 26.377640698659377 ], [ 88.686498339626723, 26.37795890308098 ], [ 88.686526638593534, 26.37798925609934 ], [ 88.686593216303947, 26.37801135783792 ], [ 88.686581506231562, 26.378256316076204 ], [ 88.686492205351044, 26.37878517139859 ], [ 88.686486983887278, 26.378816090090538 ], [ 88.686361863908928, 26.378789850571195 ], [ 88.685704079979359, 26.378629070675117 ], [ 88.685236580004243, 26.378482570214487 ], [ 88.684948575716248, 26.378484135034853 ], [ 88.684674597254912, 26.378477457568636 ], [ 88.684521610883678, 26.378450964440503 ], [ 88.684447393432492, 26.378441920857995 ], [ 88.683984164337744, 26.378328926438883 ], [ 88.683933357138756, 26.378303359612403 ], [ 88.683948651908793, 26.378182167872808 ], [ 88.683996973381682, 26.378015254600371 ], [ 88.683606602862483, 26.378032619609769 ], [ 88.683461123132361, 26.378028564566648 ], [ 88.683383715785908, 26.378026407093046 ], [ 88.683011408150037, 26.378089956786141 ], [ 88.682863326681229, 26.378103692131731 ], [ 88.682764967829087, 26.378112814854546 ], [ 88.682588713298514, 26.378090290434614 ], [ 88.682199564058692, 26.377998883341832 ], [ 88.681942946110155, 26.377950215629994 ], [ 88.681898285777322, 26.377941746714271 ], [ 88.681698149749877, 26.37797757570462 ], [ 88.681617449985367, 26.378003177604626 ], [ 88.681544318015938, 26.378026380113397 ], [ 88.681293884705099, 26.377940972397994 ], [ 88.68117876968455, 26.377901714292705 ], [ 88.681154183119133, 26.378022820596755 ], [ 88.681137051933433, 26.378307166442653 ], [ 88.68109716790002, 26.378549463586921 ], [ 88.681089653165031, 26.378804609345309 ], [ 88.681079424276049, 26.378888192336262 ], [ 88.681003889318106, 26.378996281852949 ], [ 88.680955938365912, 26.379129727754787 ], [ 88.680887715795507, 26.379413605953175 ], [ 88.680897320554948, 26.379798606620454 ], [ 88.680902893653695, 26.380129180317454 ], [ 88.681255314581165, 26.380182600946341 ], [ 88.681589017918895, 26.380248400743142 ], [ 88.681857649910683, 26.380317792432209 ], [ 88.682232731055763, 26.380421622759741 ], [ 88.682533968867631, 26.380482942134108 ], [ 88.682476026447546, 26.380679053695417 ], [ 88.682413626088021, 26.380858390202604 ], [ 88.682266917884021, 26.381099715179744 ], [ 88.682128416892965, 26.381437343158893 ], [ 88.68203622199411, 26.381787943858569 ], [ 88.682000700571905, 26.382055385147964 ], [ 88.681999008047853, 26.382205987416455 ], [ 88.682472056840027, 26.382273056156691 ], [ 88.682773582434947, 26.38230927365413 ], [ 88.682758331731691, 26.382426281747541 ], [ 88.682781274336378, 26.382451594065856 ], [ 88.682919955191835, 26.3825114313575 ], [ 88.68325375925366, 26.382568861164089 ], [ 88.683731078926201, 26.382669435046466 ], [ 88.684110906693036, 26.382764937651814 ], [ 88.684122828106069, 26.382730754420834 ], [ 88.684206896730984, 26.382489677656565 ], [ 88.684283557640128, 26.382281185128647 ], [ 88.684395900950108, 26.38230819087039 ], [ 88.684663433071023, 26.382372502289172 ], [ 88.684737654119488, 26.382381544073041 ], [ 88.684988089228966, 26.382417293023707 ], [ 88.684942957651458, 26.382713934400613 ], [ 88.684890365298202, 26.382847338034253 ], [ 88.684771199731131, 26.38311820304267 ], [ 88.684765850563622, 26.383180910970339 ], [ 88.684792078391752, 26.383327584100755 ], [ 88.684810467728937, 26.383344485959299 ], [ 88.685042279677532, 26.383384250382903 ], [ 88.685547988249141, 26.38343905416906 ], [ 88.685886300612367, 26.383509069987667 ], [ 88.685889572345957, 26.383478026289936 ], [ 88.685912288321504, 26.383262459694834 ], [ 88.685968536418898, 26.382802751445865 ], [ 88.686061382426942, 26.382807778656115 ], [ 88.686091063651702, 26.382812512687337 ], [ 88.686617804668003, 26.382896511165086 ], [ 88.687137584032314, 26.382938886320574 ], [ 88.687148009872828, 26.382923587953258 ], [ 88.687307601764473, 26.382689399995854 ], [ 88.687404661096309, 26.382723570636301 ], [ 88.68784432165819, 26.382878361047574 ], [ 88.688131262048159, 26.382973008397698 ], [ 88.688580531866137, 26.383090047967414 ], [ 88.688603575194918, 26.383057571649658 ], [ 88.688698519321292, 26.382923765119699 ], [ 88.688813139714682, 26.382931541557468 ], [ 88.688912033663485, 26.382938252298572 ], [ 88.689394423713736, 26.383001201244497 ], [ 88.689640218321472, 26.383036898034447 ], [ 88.689918289597472, 26.383093808032868 ], [ 88.689925475180587, 26.383386218099531 ], [ 88.690126783923972, 26.38345393704958 ], [ 88.690369823009007, 26.383528310083477 ], [ 88.690328841802682, 26.383766417286381 ], [ 88.690551332278233, 26.383809224116476 ], [ 88.69059190789028, 26.383919417147411 ], [ 88.690925416075174, 26.384004020868929 ], [ 88.690861538129525, 26.384420779295567 ], [ 88.690856760031522, 26.384536835906317 ], [ 88.691242418103172, 26.384631326774354 ], [ 88.691576768053437, 26.384640629361627 ], [ 88.692018829805193, 26.384676006892278 ], [ 88.692318064826907, 26.384710092996443 ], [ 88.6928504194114, 26.384771388089121 ], [ 88.692877376589706, 26.384793788402646 ], [ 88.693500577089992, 26.384903394176376 ], [ 88.694103266752393, 26.384970276756917 ], [ 88.694421528730629, 26.385133838256081 ], [ 88.694625310609638, 26.38521129506529 ], [ 88.694850604272006, 26.385241685855192 ], [ 88.694880816096827, 26.385222658898613 ], [ 88.694887595186401, 26.385218388917565 ], [ 88.694961784758618, 26.385152893990892 ], [ 88.695051291583923, 26.385177484153644 ], [ 88.695317511593942, 26.385250626015647 ], [ 88.695909553283343, 26.385331583885545 ], [ 88.696570064856644, 26.38538952720495 ], [ 88.697377592202201, 26.385439338854439 ], [ 88.697566369792185, 26.385450492246491 ], [ 88.697750059018063, 26.385447420162336 ], [ 88.698048913626508, 26.385469015582657 ], [ 88.698741379910814, 26.3854847015578 ], [ 88.699538728729408, 26.385506055060432 ], [ 88.700194101576585, 26.385554481753957 ], [ 88.70110074500343, 26.385657151956025 ], [ 88.702038869198532, 26.385760098249989 ], [ 88.702025044820004, 26.386535047654377 ], [ 88.702080354924476, 26.386752942594285 ], [ 88.702118981705723, 26.387055757816995 ], [ 88.702116751387052, 26.38773156416039 ], [ 88.702149242993244, 26.388114666358831 ], [ 88.702145529692473, 26.388450182729798 ], [ 88.701881250419433, 26.388622675396221 ], [ 88.701199952815614, 26.389018270976464 ], [ 88.700497715397319, 26.389408949963126 ], [ 88.700035168888007, 26.389674749090432 ], [ 88.700011855762568, 26.38968814629095 ], [ 88.699884575612714, 26.389679519993877 ], [ 88.699770653093196, 26.389671798414838 ], [ 88.699749350851903, 26.389699963382668 ], [ 88.6996841868758, 26.389897871789401 ], [ 88.699652547826872, 26.389911765415718 ], [ 88.69935372919133, 26.390060167043146 ], [ 88.699325404144133, 26.390074235137888 ], [ 88.699272934098701, 26.390073762094516 ], [ 88.698961233574153, 26.39002342614026 ], [ 88.698901029359092, 26.390013702670274 ], [ 88.698869545892876, 26.390013420283196 ], [ 88.698777755688923, 26.390059255130552 ], [ 88.698674307573299, 26.390110910390263 ], [ 88.698587155173129, 26.389925809228771 ], [ 88.698547200093287, 26.389915608218814 ], [ 88.698529595864215, 26.389911114306528 ], [ 88.698002674983513, 26.389965059240126 ], [ 88.697977984096724, 26.389967586335104 ], [ 88.697683998417858, 26.389979115643712 ], [ 88.697680168205238, 26.389378872137286 ], [ 88.697656505243572, 26.389147082671798 ], [ 88.697656872166988, 26.389114002908968 ], [ 88.697773826301102, 26.388978002033241 ], [ 88.697733161656117, 26.388859483078704 ], [ 88.697198188245864, 26.388835759862502 ], [ 88.696935999896539, 26.388819218632079 ], [ 88.696700310071321, 26.388779286934607 ], [ 88.696055467385975, 26.388726211645405 ], [ 88.695735616305683, 26.388704422870887 ], [ 88.695337061955911, 26.388681922732587 ], [ 88.69471892913532, 26.388586548730302 ], [ 88.69447269206114, 26.38855124404472 ], [ 88.694005666928035, 26.388551751262355 ], [ 88.694004014873428, 26.387757757814313 ], [ 88.694000818682866, 26.387573412982647 ], [ 88.693518163332612, 26.387564326232734 ], [ 88.693361547297627, 26.38749201984092 ], [ 88.692922629575776, 26.38744072610865 ], [ 88.692895127408235, 26.387444793742304 ], [ 88.692519323208273, 26.387411750851697 ], [ 88.692506444916546, 26.387301525445082 ], [ 88.692519718909978, 26.386954372746175 ], [ 88.692526970143604, 26.386725747095625 ], [ 88.692249901611717, 26.386693596332464 ], [ 88.692271777620476, 26.386418518000255 ], [ 88.691975951928669, 26.386381960559106 ], [ 88.691745426909961, 26.386377106918019 ], [ 88.691623377217127, 26.38637453665558 ], [ 88.691545127205927, 26.386644870164673 ], [ 88.691490468210588, 26.386768345282974 ], [ 88.691487242342419, 26.386775630690863 ], [ 88.691388528258017, 26.386774737664041 ], [ 88.691299176116161, 26.386773929173557 ], [ 88.69123791160041, 26.386786079913691 ], [ 88.691051750138229, 26.387191384574805 ], [ 88.691040324251617, 26.387216261621234 ], [ 88.690796262637491, 26.387175937819336 ], [ 88.690201090408038, 26.386996911578251 ], [ 88.689849269328363, 26.386921729154551 ], [ 88.689562467433973, 26.386919130113824 ], [ 88.689396466973449, 26.386902723781702 ], [ 88.689279761951525, 26.386856418588877 ], [ 88.689018051142227, 26.386798743267434 ], [ 88.688521976108348, 26.386733913839123 ], [ 88.688255324423722, 26.386700123611888 ], [ 88.688137361250256, 26.386685176879439 ], [ 88.688063237328606, 26.386919113926012 ], [ 88.68805635211902, 26.386940845143954 ], [ 88.687610452960087, 26.386881495284854 ], [ 88.687423393075164, 26.386852180983396 ], [ 88.68730397839596, 26.386833466091616 ], [ 88.687262713903181, 26.387029163964769 ], [ 88.687193823136511, 26.38719947397658 ], [ 88.68710807457802, 26.387379684624818 ], [ 88.68718559703774, 26.387435691703843 ], [ 88.687173984092169, 26.387475805963732 ], [ 88.687079310661716, 26.387651758322022 ], [ 88.687077073148487, 26.387655916787196 ], [ 88.686993490157477, 26.38765719292519 ], [ 88.686870499773818, 26.387659068910978 ], [ 88.686709771139078, 26.38805478230239 ], [ 88.686628646894576, 26.388320503188709 ], [ 88.68719621893041, 26.388481509713927 ], [ 88.687514953952018, 26.388556675050552 ], [ 88.687450050779262, 26.388744617170403 ], [ 88.687318339669673, 26.388916869717832 ], [ 88.687216014807291, 26.389081849447848 ], [ 88.687503594615237, 26.389197578705364 ], [ 88.687941836946266, 26.389318445789684 ], [ 88.687925862288751, 26.389623721557541 ], [ 88.687881722663406, 26.389826935065059 ], [ 88.687801561592835, 26.390256059169872 ], [ 88.687735224900791, 26.390572189754778 ], [ 88.687812443389589, 26.390780274889835 ], [ 88.687781663193277, 26.390911968012972 ], [ 88.687732156413972, 26.391220709767993 ], [ 88.687655654684761, 26.391541066267223 ], [ 88.687653089818298, 26.391551807769758 ], [ 88.687573467441609, 26.391558626429514 ], [ 88.687327194394584, 26.391492290636734 ], [ 88.686959815942828, 26.391398459871084 ], [ 88.686730542780367, 26.391309652718348 ], [ 88.686787792722498, 26.391057540373254 ], [ 88.686961404145563, 26.390508605887476 ], [ 88.68676093087231, 26.390465308926935 ], [ 88.686406198687166, 26.390364048861841 ], [ 88.686330888559723, 26.390359595419056 ], [ 88.686198788043669, 26.390192486993726 ], [ 88.685975733693226, 26.390163472166535 ], [ 88.685855981768213, 26.3901478941101 ], [ 88.685759238098399, 26.390561783699411 ], [ 88.685736870160497, 26.390689783306925 ], [ 88.685827447179008, 26.390826348057544 ], [ 88.685818210242246, 26.390918616700844 ], [ 88.685818018686689, 26.390920528659535 ], [ 88.685795529340282, 26.390920323614068 ], [ 88.685755225323476, 26.390919957590029 ], [ 88.685621138205022, 26.390930050681334 ], [ 88.685527349707456, 26.391080024323742 ], [ 88.685572807738936, 26.39113322641731 ], [ 88.685681948563115, 26.391481114761689 ], [ 88.685760137420459, 26.391602486365684 ], [ 88.685926192739657, 26.391728425626411 ], [ 88.686217797013796, 26.391859277883441 ], [ 88.686738041327601, 26.392135489361408 ], [ 88.687063094985888, 26.392270411949994 ], [ 88.687604655930159, 26.392512878166826 ], [ 88.687522119750099, 26.392779843714891 ], [ 88.68744651284635, 26.392801780877562 ], [ 88.687378983653218, 26.392850185987356 ], [ 88.687344776140549, 26.392913975799388 ], [ 88.68726861975108, 26.392984926912902 ], [ 88.687166375827644, 26.393142364928224 ], [ 88.687354001386097, 26.393211940079027 ], [ 88.68737070359515, 26.393215862022487 ], [ 88.687495185954106, 26.393209683680027 ], [ 88.687756099964076, 26.39319673614051 ], [ 88.687756081078362, 26.393196854850999 ], [ 88.687738130610285, 26.39330592103147 ], [ 88.687716313057479, 26.393384906688141 ], [ 88.687667773948647, 26.393606933113517 ], [ 88.688126922819265, 26.393731759013519 ], [ 88.688104724853247, 26.393844676090964 ], [ 88.688042489069687, 26.394168385262844 ], [ 88.687992813217818, 26.394492207749238 ], [ 88.687953531730159, 26.394635137002012 ], [ 88.688447020313788, 26.394684861417261 ], [ 88.688789584671667, 26.394752066854437 ], [ 88.689186406927206, 26.394834847650145 ], [ 88.68957485559514, 26.394917552902768 ], [ 88.689443056352047, 26.395097348963532 ], [ 88.689289185947246, 26.395378751328337 ], [ 88.689187110197054, 26.395521108612343 ], [ 88.689047063271403, 26.395689516557979 ], [ 88.688975892723306, 26.395688871744085 ], [ 88.688908530804099, 26.395722196122506 ], [ 88.688828694388803, 26.395747868169622 ], [ 88.688543511274077, 26.395790528410203 ], [ 88.688418270786599, 26.395945806254019 ], [ 88.688407649793248, 26.395958974127382 ], [ 88.687976700064723, 26.395932441429068 ], [ 88.687708727276004, 26.395933778720973 ], [ 88.687512514091338, 26.395882979615862 ], [ 88.687269912076829, 26.39586192468812 ], [ 88.687207875043441, 26.39579349077701 ], [ 88.686831519559064, 26.395752366578506 ], [ 88.686509924693326, 26.395681574644982 ], [ 88.686121054243301, 26.395636565375241 ], [ 88.686213446093745, 26.395237718745761 ], [ 88.685988393449634, 26.395145179406541 ], [ 88.686007959100095, 26.395054225572096 ], [ 88.686011559985559, 26.394732779993831 ], [ 88.685591322081905, 26.394587704958667 ], [ 88.685636387109639, 26.394427373824271 ], [ 88.685644305640267, 26.394203385078185 ], [ 88.685631248383459, 26.393920756038085 ], [ 88.685420776447756, 26.393879874656534 ], [ 88.685080622272949, 26.393828072807366 ], [ 88.685026525353919, 26.393818427578424 ], [ 88.684907896682148, 26.393797278221882 ], [ 88.684856769324483, 26.394016003236004 ], [ 88.68475329512853, 26.394373373132737 ], [ 88.68474986601359, 26.394385218103366 ], [ 88.684625539237288, 26.394379215128708 ], [ 88.684479906622471, 26.394343795329917 ], [ 88.684334220048299, 26.394313243561385 ], [ 88.684026842564776, 26.394232512320627 ], [ 88.68374650409794, 26.394152025695462 ], [ 88.683738553191745, 26.394151953749713 ], [ 88.683616713040919, 26.394150844885644 ], [ 88.683576266031935, 26.394241231247861 ], [ 88.683566783580261, 26.394262421073904 ], [ 88.683329162011262, 26.394231032036544 ], [ 88.683270114324387, 26.394191526617703 ], [ 88.683097223258301, 26.394175339720221 ], [ 88.682816448620258, 26.394133816222677 ], [ 88.682487384884951, 26.394057755161327 ], [ 88.682384634643256, 26.394056818067725 ], [ 88.682327416177372, 26.394037238028147 ], [ 88.682282266613356, 26.394021788574719 ], [ 88.68207070110202, 26.394078311864632 ], [ 88.681989583152813, 26.394077571722619 ], [ 88.681795679427125, 26.394107823117622 ], [ 88.681724100586848, 26.394118989999413 ], [ 88.681508003391684, 26.394097535772687 ], [ 88.681215974637553, 26.394094872880146 ], [ 88.680997821592257, 26.394099657273443 ], [ 88.680902205672339, 26.394101752693757 ], [ 88.680544734152193, 26.39414720083272 ], [ 88.680419221170155, 26.394159740979319 ], [ 88.680366054150113, 26.394165054173982 ], [ 88.680121441251572, 26.394166753892648 ], [ 88.680063155290441, 26.39416715858755 ], [ 88.679828016749639, 26.39418617025558 ], [ 88.679738349845024, 26.394193418791303 ], [ 88.679586982253511, 26.394187165805135 ], [ 88.67932297997163, 26.394097079816447 ], [ 88.679096506398707, 26.394036559939366 ], [ 88.679110777740277, 26.393729823672459 ], [ 88.678981152158485, 26.393714027980081 ], [ 88.678970774881407, 26.393674965927005 ], [ 88.678173040253682, 26.393433872974924 ], [ 88.67814589691568, 26.393431877379271 ], [ 88.678021729319426, 26.393422748361218 ], [ 88.67799455180716, 26.393914459884456 ], [ 88.678112868414189, 26.393973991406654 ], [ 88.678123216912979, 26.394495271739459 ], [ 88.678097797575333, 26.394831129852832 ], [ 88.678038256160676, 26.394835457390514 ], [ 88.677998354140811, 26.395566863420072 ], [ 88.677997353195337, 26.39558519969728 ], [ 88.677575968656072, 26.395542381176028 ], [ 88.677359595369069, 26.39554527159703 ], [ 88.677073245833697, 26.395518297331591 ], [ 88.676711130214528, 26.395495501316361 ], [ 88.676370370796008, 26.395497253195742 ], [ 88.675932434234483, 26.395483501662341 ], [ 88.675945942950989, 26.395244951992993 ], [ 88.676205692338897, 26.395232717615897 ], [ 88.676313556125763, 26.394780712959573 ], [ 88.675963291772575, 26.394748468666933 ], [ 88.67584350297534, 26.394737442079361 ], [ 88.675734022207394, 26.395083477820322 ], [ 88.675731329637188, 26.395091989004129 ], [ 88.675390682633974, 26.395083997628433 ], [ 88.675052730898869, 26.39505940027118 ], [ 88.674931335013184, 26.39505056443204 ], [ 88.67484079037024, 26.395405310107037 ], [ 88.674802683397161, 26.395407247246737 ], [ 88.674678441157198, 26.395413564084777 ], [ 88.674624855952402, 26.395369233803137 ], [ 88.67407931101144, 26.395305782136177 ], [ 88.674159317398619, 26.39492658659276 ], [ 88.674156097825687, 26.394926294313109 ], [ 88.67404045220519, 26.394915755158024 ], [ 88.673941181440455, 26.395085325927084 ], [ 88.673864808314306, 26.395143075892292 ], [ 88.673755989447386, 26.395200529081194 ], [ 88.673733751011866, 26.395253903844662 ], [ 88.673672830936482, 26.395379987896149 ], [ 88.673500885957196, 26.395758340774876 ], [ 88.673434503399676, 26.395889246091883 ], [ 88.673364342790251, 26.39592724874359 ], [ 88.673363759130211, 26.39592756530493 ], [ 88.673255488849804, 26.395936312111189 ], [ 88.673066648307213, 26.395895613291998 ], [ 88.672554871110492, 26.395715562723069 ], [ 88.672368379597117, 26.3956998416744 ], [ 88.672360348651239, 26.395699165384201 ], [ 88.672203407061659, 26.395707466126737 ], [ 88.672174878767692, 26.39583871768275 ], [ 88.672108107703082, 26.396003715399218 ], [ 88.672106122899322, 26.396179049023942 ], [ 88.672072294900545, 26.396300509660819 ], [ 88.672043655989967, 26.396441502673269 ], [ 88.671982293448139, 26.396606548953116 ], [ 88.671976609732837, 26.396630852232079 ], [ 88.672121798981891, 26.396705247749026 ], [ 88.672125994319231, 26.396812446936906 ], [ 88.672086151654639, 26.396987433423362 ], [ 88.671940025311983, 26.396995833091296 ], [ 88.671898418177534, 26.397326671188978 ], [ 88.671857076343031, 26.397443424774281 ], [ 88.671853720073159, 26.397452902729356 ], [ 88.671437406810924, 26.397439338254912 ], [ 88.671194428879858, 26.397403009241543 ], [ 88.670816583218823, 26.397336213895187 ], [ 88.670730688970195, 26.397329313397165 ], [ 88.67061124101599, 26.397319714932962 ], [ 88.670546877436493, 26.397487865672531 ], [ 88.67054435663681, 26.397494452307171 ], [ 88.670422579438537, 26.397493331751889 ], [ 88.670403745836268, 26.397493159082103 ], [ 88.670246802448048, 26.397501458025943 ], [ 88.670035444680082, 26.397538480416586 ], [ 88.669878003067424, 26.397590613216266 ], [ 88.669845222778861, 26.397619536312618 ], [ 88.670133006732954, 26.397997241679434 ], [ 88.670665757019151, 26.398713289986404 ], [ 88.670896625578848, 26.398946782767837 ], [ 88.671039330001122, 26.399116608045063 ], [ 88.671215021556065, 26.399331581087665 ], [ 88.671383175892913, 26.399524882267542 ], [ 88.671642028656777, 26.399836542322646 ], [ 88.671721893850361, 26.399941193731138 ], [ 88.67193321924276, 26.400204169886592 ], [ 88.672113583675014, 26.400411190224304 ], [ 88.672380487169789, 26.400740242268398 ], [ 88.672571602997152, 26.400968392177617 ], [ 88.672659586370855, 26.401084252736098 ], [ 88.672831668047081, 26.401294907234217 ], [ 88.67301185531295, 26.401518006550816 ], [ 88.673132397741995, 26.401670043237971 ], [ 88.673336875696293, 26.401931715376406 ], [ 88.673403302320594, 26.402010263962552 ], [ 88.673497119596448, 26.401967542568059 ], [ 88.673627004182947, 26.401908397754426 ], [ 88.673544248568248, 26.401816091339583 ], [ 88.673596089088278, 26.401483778353736 ], [ 88.673644227998807, 26.401114318870782 ], [ 88.673676909361916, 26.400896884383769 ], [ 88.673799578687692, 26.400908579167663 ], [ 88.673863537572231, 26.400914676571119 ], [ 88.674018616665876, 26.400928470372662 ], [ 88.674262909405797, 26.40094926809428 ], [ 88.67467455878392, 26.400991392338938 ], [ 88.675146620120472, 26.401036542802274 ], [ 88.675417866441421, 26.40105948900424 ], [ 88.675474634346983, 26.401064291383989 ], [ 88.675782448001655, 26.401055975353017 ], [ 88.675981201771094, 26.401094907903712 ], [ 88.676229212308385, 26.401151612856722 ], [ 88.676532095879566, 26.40121500516841 ], [ 88.676695304844486, 26.401238767055531 ], [ 88.676821511203855, 26.401254766894056 ], [ 88.676840518375286, 26.401274735440722 ], [ 88.676849714842547, 26.401311933199224 ], [ 88.676821732437077, 26.401478689090254 ], [ 88.676817434577003, 26.401615970600631 ], [ 88.676804319763619, 26.401682656229639 ], [ 88.676787331570154, 26.401727036873297 ], [ 88.676904229946331, 26.401715735992468 ], [ 88.676914701652208, 26.401715946433853 ], [ 88.676959864706077, 26.401716852051152 ], [ 88.677130850108711, 26.401720283864051 ], [ 88.677301053101189, 26.401732974197444 ], [ 88.677523299860468, 26.40175974881339 ], [ 88.677649463951639, 26.401779460153989 ], [ 88.677884060201279, 26.401807584652374 ], [ 88.678028247605596, 26.401812614560583 ], [ 88.678313877683365, 26.401822648296616 ], [ 88.678500676764884, 26.401825592677028 ], [ 88.678679204781531, 26.401830934649979 ], [ 88.678706881417497, 26.401935106719861 ], [ 88.678951484423521, 26.40192868196317 ], [ 88.678992352315277, 26.401925205184114 ], [ 88.679214124232487, 26.401906338306901 ], [ 88.679377808039476, 26.401888038901916 ], [ 88.6794108158565, 26.401884628672747 ], [ 88.679429840115063, 26.401537169304959 ], [ 88.679452428386924, 26.40123922840769 ], [ 88.679464610603361, 26.401165493892506 ], [ 88.679465695185741, 26.401158935136777 ], [ 88.679445633109538, 26.401164117929738 ], [ 88.679400941300457, 26.401175664325478 ], [ 88.679225244349595, 26.401162926328027 ], [ 88.679130491778835, 26.401159586245967 ], [ 88.679088091442338, 26.40114311606203 ], [ 88.679109321737883, 26.401087638683634 ], [ 88.679098284358417, 26.40097001095728 ], [ 88.67905300259406, 26.400843408896264 ], [ 88.678888391586042, 26.400822112050889 ], [ 88.678901437151637, 26.400761611958899 ], [ 88.67891143671352, 26.400470449251884 ], [ 88.679128201205572, 26.400463704336516 ], [ 88.679292998373228, 26.400458576402229 ], [ 88.679397326025821, 26.400455329849649 ], [ 88.679399717323179, 26.400457820971724 ], [ 88.67959959074858, 26.400666058991476 ], [ 88.679711823441949, 26.40064690792849 ], [ 88.680057446394073, 26.400587933086683 ], [ 88.680060524773467, 26.400603045294361 ], [ 88.680085594274829, 26.400726051865831 ], [ 88.680243309281366, 26.400729424323515 ], [ 88.680421389435651, 26.400733232952405 ], [ 88.680426575825891, 26.400724924115991 ], [ 88.68048892582334, 26.400625065194674 ], [ 88.680551690408265, 26.400524541674315 ], [ 88.68060469914758, 26.400483873432051 ], [ 88.680715983955565, 26.400488793622969 ], [ 88.680780546285234, 26.400491648970501 ], [ 88.680759099253066, 26.400773350809516 ], [ 88.680916762998265, 26.40077273207595 ], [ 88.680922086984765, 26.400773372393246 ], [ 88.681249903360424, 26.400812807664977 ], [ 88.681277568305177, 26.400994131673883 ], [ 88.681274373913311, 26.401278058435707 ], [ 88.681484609327299, 26.401275858693964 ], [ 88.681501498595367, 26.401399472307844 ], [ 88.681519897825069, 26.401998411797308 ], [ 88.681505450216434, 26.402064125259244 ], [ 88.681636888831406, 26.402030235207235 ], [ 88.681759810866652, 26.40199854219901 ], [ 88.682300909559387, 26.401832689227263 ], [ 88.682628841048256, 26.401726622285821 ], [ 88.683345221205059, 26.401510515198197 ], [ 88.683396880961368, 26.401494930846411 ], [ 88.6837661192111, 26.401372775932941 ], [ 88.684378267942748, 26.401186985890718 ], [ 88.684515599815143, 26.401165601811101 ], [ 88.68488148988888, 26.401138064570091 ], [ 88.684947506422361, 26.401133862038137 ], [ 88.685418818623646, 26.401103855258782 ], [ 88.685638308061527, 26.401091448211844 ], [ 88.685766018087349, 26.401083030557459 ], [ 88.686022450775567, 26.401066132296194 ], [ 88.68667643596882, 26.40102063199663 ], [ 88.686930213858318, 26.40100647486895 ], [ 88.686997070358586, 26.401003739131284 ], [ 88.687300535791167, 26.400991318594549 ], [ 88.687293915881583, 26.401174389086862 ], [ 88.687265399278829, 26.401476601763818 ], [ 88.687236698315019, 26.401795275631514 ], [ 88.68720167691589, 26.402270273254544 ], [ 88.687221819931096, 26.402647428236264 ], [ 88.687222455751794, 26.402659355045273 ], [ 88.687036726863539, 26.402650621728867 ], [ 88.687005504200727, 26.402649154035259 ], [ 88.686865999566294, 26.402660233682866 ], [ 88.686860072134664, 26.402781580105909 ], [ 88.686840393169689, 26.403110624056126 ], [ 88.686828785620037, 26.403126979126853 ], [ 88.686659142905171, 26.403176879809223 ], [ 88.686377480636281, 26.403231936304849 ], [ 88.68630866271468, 26.403256002162834 ], [ 88.686327608732199, 26.403416421430734 ], [ 88.686348315622354, 26.403591756854155 ], [ 88.686425724767446, 26.404024563682697 ], [ 88.686118744784324, 26.404095850243323 ], [ 88.68616040497875, 26.404456314707204 ], [ 88.68597725894341, 26.404487574242182 ], [ 88.685766375118192, 26.404547386352874 ], [ 88.68569291939275, 26.404781289225184 ], [ 88.685625719351549, 26.405068747624682 ], [ 88.685575779098997, 26.40524319271924 ], [ 88.685534748429973, 26.405438296140517 ], [ 88.685817685038216, 26.405473789683697 ], [ 88.68625817837227, 26.405518943744312 ], [ 88.686707672121429, 26.405576526435595 ], [ 88.686670289102608, 26.405853968186136 ], [ 88.686632909681123, 26.406019243793139 ], [ 88.686629421210853, 26.406034668964878 ], [ 88.686508422825511, 26.406025339397956 ], [ 88.686156917407857, 26.40599128117276 ], [ 88.685903609863772, 26.405962231271985 ], [ 88.685657090402458, 26.405939413673082 ], [ 88.685665742779861, 26.405778997103084 ], [ 88.68555849862588, 26.405765676344913 ], [ 88.685284399655359, 26.405757012276354 ], [ 88.685117683334454, 26.405749323072826 ], [ 88.684900702105779, 26.405741177013738 ], [ 88.684455431572985, 26.405714493229311 ], [ 88.684315343278513, 26.405705160065111 ], [ 88.684240804769388, 26.405700194008773 ], [ 88.684190424748351, 26.405710023598772 ], [ 88.68417872456854, 26.405734609264869 ], [ 88.684190747604987, 26.405884926448266 ], [ 88.684221509814904, 26.406197966962679 ], [ 88.684251349320391, 26.406593304437479 ], [ 88.684250518346801, 26.406667371701872 ], [ 88.684142881189075, 26.406689027376785 ], [ 88.683863863826332, 26.406711178578064 ], [ 88.683692900906692, 26.406726711668455 ], [ 88.683616832650785, 26.40673362295837 ], [ 88.683496006935229, 26.406731145326148 ], [ 88.683436361199142, 26.406729922248189 ], [ 88.683208023331645, 26.406715498021867 ], [ 88.683194322160318, 26.406714686833368 ], [ 88.682927552664466, 26.406698901932828 ], [ 88.682920306826759, 26.406698472956236 ], [ 88.682833336089629, 26.406703106263421 ], [ 88.682689385207027, 26.406710773883162 ], [ 88.682211786744631, 26.406735078061445 ], [ 88.682140672853848, 26.40673869693336 ], [ 88.681908981414438, 26.406748171291099 ], [ 88.681811484112757, 26.40675215708643 ], [ 88.68158010204013, 26.40676739789717 ], [ 88.681454760828615, 26.406775653673549 ], [ 88.681438051425005, 26.406488165596443 ], [ 88.681437529818197, 26.406479197556962 ], [ 88.681162965898238, 26.406511673874718 ], [ 88.681071592080343, 26.406516809003563 ], [ 88.680879449227234, 26.406527606264092 ], [ 88.680557089937793, 26.406543184320526 ], [ 88.680507370019143, 26.406548027169777 ], [ 88.68038324199307, 26.406560116756054 ], [ 88.680328684621145, 26.406305033050899 ], [ 88.680326801440799, 26.406296225090784 ], [ 88.680116303424711, 26.406321051775194 ], [ 88.679889507894529, 26.406336250317736 ], [ 88.679819031623083, 26.406340972657802 ], [ 88.679597342443458, 26.406345122129721 ], [ 88.679493944689852, 26.40599026493885 ], [ 88.6794409413464, 26.405827226845076 ], [ 88.679421258784146, 26.405748857224012 ], [ 88.679389433575579, 26.405734163201146 ], [ 88.679284498880577, 26.405718800981958 ], [ 88.67924232607254, 26.405405654347533 ], [ 88.679201627253349, 26.405164539811722 ], [ 88.679189704041676, 26.405005992932274 ], [ 88.679179137007623, 26.40492976369768 ], [ 88.679094101611554, 26.404770548621968 ], [ 88.678916604217989, 26.404384815007234 ], [ 88.678913444000273, 26.404377946884779 ], [ 88.678867656816976, 26.404385759295394 ], [ 88.67872360431096, 26.404394730932154 ], [ 88.678419298012273, 26.40443104555635 ], [ 88.678434456085313, 26.404505259410257 ], [ 88.678464147202703, 26.404709237341478 ], [ 88.678497039007198, 26.405034645332648 ], [ 88.678532471396522, 26.405337440770325 ], [ 88.678477370834059, 26.40556327762323 ], [ 88.678449283207897, 26.405622693132841 ], [ 88.678457771908711, 26.405680384642096 ], [ 88.678488785029458, 26.405767088280527 ], [ 88.67857838988084, 26.40592634472506 ], [ 88.678687467752468, 26.406182488730906 ], [ 88.678694889857354, 26.406334822194367 ], [ 88.678711628039252, 26.406674485339295 ], [ 88.678743408281719, 26.407098647884368 ], [ 88.678753129953066, 26.407452650719279 ], [ 88.678741683382043, 26.407454604046791 ], [ 88.678547244559752, 26.407473404374173 ], [ 88.67846483158678, 26.407487054284161 ], [ 88.678498119992298, 26.40777748494304 ], [ 88.678494094626842, 26.40793177083458 ], [ 88.678483936784289, 26.40802221385411 ], [ 88.678234363225329, 26.408067259096754 ], [ 88.678116743592909, 26.408082454941393 ], [ 88.678108181147707, 26.408083561107503 ], [ 88.677996373833651, 26.408098005118916 ], [ 88.677811322134858, 26.407727373819284 ], [ 88.677468051809228, 26.407695249136509 ], [ 88.677026184310989, 26.407653897409489 ], [ 88.676915139622054, 26.407651974658961 ], [ 88.676240450236662, 26.407640296962199 ], [ 88.676089448669188, 26.407641608173719 ], [ 88.675030710099236, 26.407650792050447 ], [ 88.674677111959227, 26.407647551793104 ], [ 88.674656075917255, 26.408018880067289 ], [ 88.674303349220224, 26.408124639440587 ], [ 88.674114327913969, 26.408162865124154 ], [ 88.674088148649219, 26.408168157634407 ], [ 88.673974493228343, 26.408167116219488 ], [ 88.673946071054388, 26.407888214869274 ], [ 88.673967135874705, 26.407700752987409 ], [ 88.674006435348758, 26.40757600892573 ], [ 88.673665723594354, 26.407550139027762 ], [ 88.673438732911279, 26.407519624131396 ], [ 88.673330732427416, 26.407508560671602 ], [ 88.673255812605703, 26.407500886756566 ], [ 88.672926956613821, 26.407543361736828 ], [ 88.672790016845852, 26.407590361206246 ], [ 88.672749451126322, 26.407604283610851 ], [ 88.672427627832803, 26.407568167736827 ], [ 88.67230796943727, 26.407554739959323 ], [ 88.672285115865463, 26.407591569895089 ], [ 88.672269375031703, 26.407616937971341 ], [ 88.671676480785038, 26.407554626644753 ], [ 88.671335705178706, 26.407534436864808 ], [ 88.671327275833164, 26.407532548288543 ], [ 88.671203428395586, 26.407504789814254 ], [ 88.671160154817358, 26.407538189735703 ], [ 88.67115246381519, 26.40754412705985 ], [ 88.670558796151568, 26.407550043699587 ], [ 88.670224011828736, 26.407558339046147 ], [ 88.670022343356493, 26.407522365264981 ], [ 88.669959264908186, 26.40751609878896 ], [ 88.669992770050328, 26.407345811260257 ], [ 88.669733952360048, 26.407337744341476 ], [ 88.669481769867843, 26.407301303812176 ], [ 88.669072441639912, 26.407200865727418 ], [ 88.668782181852293, 26.407181134601728 ], [ 88.668163194675742, 26.407192495737149 ], [ 88.667847483174853, 26.407189589128279 ], [ 88.667805948885473, 26.407190831991329 ], [ 88.667702191403066, 26.407193937350371 ], [ 88.667621963782665, 26.407585568719071 ], [ 88.667586452253033, 26.407932119771544 ], [ 88.6675868866256, 26.408449598670074 ], [ 88.667615938324957, 26.408671642182583 ], [ 88.66767649777222, 26.40889966079078 ], [ 88.667568767085015, 26.408932788217669 ], [ 88.667593749352136, 26.40951304519092 ], [ 88.667308958341835, 26.409567286001504 ], [ 88.666961150936402, 26.409609573023431 ], [ 88.666721465423336, 26.409584616836639 ], [ 88.6665128326012, 26.409605439739323 ], [ 88.666132872634023, 26.409698606805307 ], [ 88.665904714630926, 26.409770427563217 ], [ 88.665670694846767, 26.409802388569403 ], [ 88.665455488879786, 26.409845895072067 ], [ 88.665114448872771, 26.409848432958881 ], [ 88.664804592857706, 26.409885378907177 ], [ 88.664770495961704, 26.410106838759646 ], [ 88.66440953956868, 26.410194491182892 ], [ 88.663880438731326, 26.410301450251779 ], [ 88.663763918969721, 26.410325005294794 ], [ 88.663720818960712, 26.410227935171122 ], [ 88.663730956118798, 26.40989252402079 ], [ 88.663751749343817, 26.409630770943352 ], [ 88.663753074045189, 26.409614087620071 ], [ 88.663335874051427, 26.409650038018867 ], [ 88.663108361761545, 26.409664994643833 ], [ 88.663112472562602, 26.409858374064754 ], [ 88.662927606124185, 26.409866451775372 ], [ 88.662818012041669, 26.409871240665268 ], [ 88.662682835844237, 26.409877148311807 ], [ 88.662679465185249, 26.410172818420904 ], [ 88.662806686879151, 26.410645976030992 ], [ 88.662331548961902, 26.410778058560595 ], [ 88.662179550046233, 26.410816457813326 ], [ 88.662005686813075, 26.411110551410843 ], [ 88.661876153861442, 26.411393677776061 ], [ 88.661848886417033, 26.411569709274715 ], [ 88.661608351943926, 26.411618662970966 ], [ 88.661604976788283, 26.411914331281423 ], [ 88.661589947318248, 26.412124592775797 ], [ 88.661585728598538, 26.412494179063174 ], [ 88.661970849774946, 26.412503428590412 ], [ 88.661982139863937, 26.412616852885492 ], [ 88.661992221264086, 26.412718135433636 ], [ 88.661999178419421, 26.412788018152582 ], [ 88.661990463089467, 26.412998339002172 ], [ 88.661962415033486, 26.413242601165166 ], [ 88.661928702147918, 26.413429944336485 ], [ 88.662117555280986, 26.413482870338271 ], [ 88.66210728232528, 26.413829653415803 ], [ 88.66210649721711, 26.413898438961837 ], [ 88.662106310158151, 26.413914943320037 ], [ 88.66163271727612, 26.413910560923682 ], [ 88.661342050994904, 26.41392493029133 ], [ 88.661233152088357, 26.413939798782735 ], [ 88.661108022217491, 26.413956884102959 ], [ 88.660974895575009, 26.414001143338169 ], [ 88.660988256802682, 26.414490307981396 ], [ 88.660980919234078, 26.414617439743097 ], [ 88.660980384137474, 26.414626711753385 ], [ 88.660915721083711, 26.414634189616208 ], [ 88.660752733352012, 26.41465303760765 ], [ 88.660755475384917, 26.414965821815258 ], [ 88.660790896083029, 26.415182238269722 ], [ 88.660768120752209, 26.415517531608828 ], [ 88.660451673605905, 26.415577154861865 ], [ 88.660396739418047, 26.415963329144347 ], [ 88.660382941119906, 26.416065558678667 ], [ 88.660304242346967, 26.416320724222089 ], [ 88.660303734230013, 26.416320785376001 ], [ 88.659912144230134, 26.416368269580005 ], [ 88.659873403235054, 26.416372887598754 ], [ 88.659779341343608, 26.416384099446702 ], [ 88.659727652809011, 26.416485978245362 ], [ 88.65972583078252, 26.416489569238308 ], [ 88.6596340531691, 26.416495459797659 ], [ 88.659547988049269, 26.416500983433707 ], [ 88.659263973153884, 26.416498351118037 ], [ 88.659189815057971, 26.416497663136681 ], [ 88.659117846811228, 26.416321700885817 ], [ 88.658786886405721, 26.416322137956342 ], [ 88.658745383592645, 26.416277039653721 ], [ 88.658744583196039, 26.416276169109949 ], [ 88.658655038599193, 26.416275339035735 ], [ 88.658444325645178, 26.416315455094207 ], [ 88.658397101345201, 26.416318052336294 ], [ 88.658280691300945, 26.416324454609935 ], [ 88.658082419568075, 26.416298073897053 ], [ 88.657981189180589, 26.416297135004811 ], [ 88.657907226237569, 26.416296448822095 ], [ 88.657497879123866, 26.416341733284412 ], [ 88.657030374652152, 26.416365440312859 ], [ 88.656941971294998, 26.416537197333867 ], [ 88.65693878319837, 26.416543390964762 ], [ 88.656596181968268, 26.416540209163372 ], [ 88.656398694444249, 26.416525350564541 ], [ 88.656277179848018, 26.416516209855274 ], [ 88.656186645996968, 26.416790772875913 ], [ 88.65618036962843, 26.416809806127674 ], [ 88.655756532637952, 26.41676029215381 ], [ 88.655145541333752, 26.41673357599376 ], [ 88.655062672404483, 26.416150825200475 ], [ 88.654287725698055, 26.416161146719617 ], [ 88.654274093774461, 26.415652662840159 ], [ 88.65379154274558, 26.415630643839165 ], [ 88.653480692979656, 26.415575161064908 ], [ 88.653227838693851, 26.415555277054466 ], [ 88.653087644279424, 26.415557477695472 ], [ 88.652546454755168, 26.415555942552771 ], [ 88.651909360628565, 26.415536738429807 ], [ 88.651873099064346, 26.415535644854174 ], [ 88.651428154086091, 26.415565092255235 ], [ 88.651315891715115, 26.41557252065536 ], [ 88.651117744088651, 26.415535614277246 ], [ 88.650560487276721, 26.41552464704489 ], [ 88.650440414293769, 26.415522283626558 ], [ 88.650381210124806, 26.415591849784107 ], [ 88.650342057240209, 26.415949086581122 ], [ 88.650326946831171, 26.416246948338028 ], [ 88.650340987046945, 26.416380301609706 ], [ 88.650366141084589, 26.416562845099293 ], [ 88.650296648671485, 26.416849681167889 ], [ 88.650287289426899, 26.416986324159609 ], [ 88.650250151923046, 26.417168283989156 ], [ 88.650243344055127, 26.417432630711403 ], [ 88.650243112030068, 26.41744167968983 ], [ 88.650137705191014, 26.417438129166385 ], [ 88.650099101792193, 26.417436828746702 ], [ 88.649877415310527, 26.417452254817761 ], [ 88.649876987233256, 26.417452285394688 ], [ 88.649364009441513, 26.41747169006652 ], [ 88.649111225302875, 26.417481265148297 ], [ 88.649111166846922, 26.41748125435646 ], [ 88.648984954192315, 26.417486027058544 ], [ 88.648852027199382, 26.417459077974115 ], [ 88.648821801884708, 26.417452949993674 ], [ 88.648650257103725, 26.417472381645155 ], [ 88.648539091006285, 26.417477904381826 ], [ 88.648412607655757, 26.417484185247019 ], [ 88.648472204828465, 26.417042997636258 ], [ 88.647989405586657, 26.417041993093562 ], [ 88.647936437316787, 26.416908272898525 ], [ 88.647414545444974, 26.416920922762415 ], [ 88.64730604763605, 26.416900872377425 ], [ 88.647274672088486, 26.416895074448178 ], [ 88.647099235941027, 26.416914468328116 ], [ 88.646717215627064, 26.416952964707605 ], [ 88.646763084648683, 26.417027017582825 ], [ 88.646928066177395, 26.41723891674269 ], [ 88.647197680228828, 26.417493862851529 ], [ 88.647103451962778, 26.417560768814496 ], [ 88.647056351769265, 26.417594212802726 ], [ 88.646991748070775, 26.417570750389871 ], [ 88.646967169599236, 26.417561824618588 ], [ 88.646904920325881, 26.417557737199843 ], [ 88.646728794398427, 26.417636724655154 ], [ 88.646743760016591, 26.41768945280603 ], [ 88.646758605125569, 26.417752700326901 ], [ 88.646765501127049, 26.417829893634746 ], [ 88.646670931118649, 26.417927173300484 ], [ 88.646674460058364, 26.417958761088016 ], [ 88.646680588038748, 26.418102559085867 ], [ 88.646676330648177, 26.418134073129011 ], [ 88.646617284759941, 26.418189615258598 ], [ 88.646527091751921, 26.418244865108477 ], [ 88.646359155950336, 26.418288869835521 ], [ 88.646415795252835, 26.418507322355083 ], [ 88.646441165127726, 26.418605170392368 ], [ 88.646382889059169, 26.418594106033197 ], [ 88.646309563735429, 26.418537326436535 ], [ 88.646146872780037, 26.41833225762764 ], [ 88.64613302411982, 26.418314800887401 ], [ 88.64605110397531, 26.418328058693021 ], [ 88.645722936864104, 26.418423152106811 ], [ 88.645597745839382, 26.418474567247529 ], [ 88.645429890077423, 26.418511560859884 ], [ 88.645156308217111, 26.418600151275996 ], [ 88.644871572964803, 26.418643060628824 ], [ 88.644618188078994, 26.418668735373899 ], [ 88.644391608386059, 26.41873322395918 ], [ 88.644333006762906, 26.418750204058711 ], [ 88.644331668571681, 26.418865885652167 ], [ 88.644348583020758, 26.419086917427364 ], [ 88.64435588281782, 26.419129056061138 ], [ 88.644470574257639, 26.419312437718872 ], [ 88.644892637785063, 26.419852796269595 ], [ 88.644931206110357, 26.419884709611722 ], [ 88.645192016698275, 26.419890658627025 ], [ 88.64545242438993, 26.419931662316401 ], [ 88.645608156391347, 26.419933121016754 ], [ 88.645717005835195, 26.419948163976642 ], [ 88.64588441823139, 26.419949730595647 ], [ 88.64611412396772, 26.419951880874635 ], [ 88.646160316745295, 26.419997891089849 ], [ 88.646283977123915, 26.419990488770111 ], [ 88.646464237234795, 26.419979699603516 ], [ 88.646487568346686, 26.419981193377396 ], [ 88.64672103414847, 26.419996125720672 ], [ 88.646802794213613, 26.419996891043752 ], [ 88.646997013601379, 26.420037272402226 ], [ 88.647242334266366, 26.42003606101548 ], [ 88.647405731189622, 26.420048107434241 ], [ 88.647650726300014, 26.42007493960682 ], [ 88.647880309728578, 26.420087603859884 ], [ 88.648024120316961, 26.420109984388318 ], [ 88.648098094051875, 26.420110674168313 ], [ 88.64820284978174, 26.420143207143326 ], [ 88.64832325911118, 26.420168872895204 ], [ 88.648727840717356, 26.420200700801729 ], [ 88.648984613349285, 26.420203100192964 ], [ 88.648957978128237, 26.420213176197194 ], [ 88.648919855866723, 26.420286320757157 ], [ 88.648951235011566, 26.420504599707556 ], [ 88.648955292752589, 26.420992927981274 ], [ 88.648998885590174, 26.421411869062581 ], [ 88.649478299783766, 26.421407626061125 ], [ 88.649518710819905, 26.421682665722471 ], [ 88.650937636862523, 26.421665388846691 ], [ 88.650932169883788, 26.42214054744835 ], [ 88.650961748585871, 26.422515759894452 ], [ 88.650956682704816, 26.422956043686497 ], [ 88.650976027121999, 26.423379118051912 ], [ 88.650965066184938, 26.423910901566899 ], [ 88.650960050665844, 26.424346827244335 ], [ 88.651254589427822, 26.424419328789043 ], [ 88.651292469771704, 26.424493797151058 ], [ 88.651568595814126, 26.424483292170237 ], [ 88.651589345871685, 26.424784306050924 ], [ 88.651580242034584, 26.42515479705628 ], [ 88.651573246208386, 26.425342201381511 ], [ 88.651449444636228, 26.425580831090542 ], [ 88.651345413759884, 26.425784768552262 ], [ 88.651344712288676, 26.425845798344994 ], [ 88.651250912999274, 26.426001872988081 ], [ 88.651022827841302, 26.426466236127965 ], [ 88.650920649568377, 26.426508880180734 ], [ 88.650784378896049, 26.426568646425949 ], [ 88.65078881884898, 26.426603565302344 ], [ 88.650671764890092, 26.426676587554539 ], [ 88.650666320394407, 26.426728852554561 ], [ 88.65063077289193, 26.426872392447024 ], [ 88.650592038192087, 26.426872030919526 ], [ 88.650513466223572, 26.426967211567614 ], [ 88.650433638801474, 26.427171372960572 ], [ 88.650302309903736, 26.427222465244654 ], [ 88.65029217544361, 26.427261608236677 ], [ 88.650198073082663, 26.427443837862882 ], [ 88.650048955594855, 26.427778144645686 ], [ 88.649979361558337, 26.42793444501865 ], [ 88.649957988270614, 26.42810863380646 ], [ 88.649922590055553, 26.428239094858384 ], [ 88.649848457140649, 26.428369195282187 ], [ 88.649872363818588, 26.428395575995069 ], [ 88.649787694446616, 26.428599693321246 ], [ 88.649942131424268, 26.428644731369332 ], [ 88.649906781772643, 26.42877083430659 ], [ 88.649855753340375, 26.428997063263921 ], [ 88.649780667144114, 26.429209987650836 ], [ 88.649773867370129, 26.429379953222337 ], [ 88.64972928617766, 26.429466730605156 ], [ 88.64967435918436, 26.429582819591474 ], [ 88.649669727675871, 26.429592606913332 ], [ 88.649388998903248, 26.429581265563002 ], [ 88.649002201390545, 26.429529696638212 ], [ 88.648600528191878, 26.42950850591285 ], [ 88.648603090360382, 26.429286185409183 ], [ 88.648506504071975, 26.429263484722071 ], [ 88.64803749593375, 26.429202425251788 ], [ 88.647592748806346, 26.429137233396659 ], [ 88.647235306963921, 26.429059773889492 ], [ 88.646984083148993, 26.4290094676129 ], [ 88.646713694781226, 26.428941542718064 ], [ 88.646530407552348, 26.428878791622992 ], [ 88.646395038000662, 26.428860086623729 ], [ 88.645940558410075, 26.428799156655828 ], [ 88.645626090671612, 26.42877441360838 ], [ 88.645161526083598, 26.428748264920557 ], [ 88.644556801255419, 26.428699002756844 ], [ 88.644250835707567, 26.42869919611104 ], [ 88.644120984395954, 26.428699277949363 ], [ 88.643724680149944, 26.428698866959166 ], [ 88.643598014237, 26.428698735658202 ], [ 88.643575898109248, 26.42936184267495 ], [ 88.643575774002841, 26.429365563170279 ], [ 88.642908461756178, 26.429370293604222 ], [ 88.642781556623618, 26.429371193825602 ], [ 88.642789095640296, 26.429962760672936 ], [ 88.642789170284061, 26.429968545112331 ], [ 88.642634228786676, 26.429967091807896 ], [ 88.642368177849164, 26.429942796622811 ], [ 88.64177343369704, 26.4298674586164 ], [ 88.641595142202107, 26.42979167004961 ], [ 88.641165477604773, 26.429678640556858 ], [ 88.640913802330147, 26.429667558211293 ], [ 88.640304382141608, 26.429605154254489 ], [ 88.639839966841066, 26.429565909639052 ], [ 88.639367845249922, 26.429539471369537 ], [ 88.639278612717874, 26.429534472937632 ], [ 88.638977506207027, 26.429610114914908 ], [ 88.638832061550431, 26.429619010109263 ], [ 88.638730368012148, 26.429625228921225 ], [ 88.638444900711647, 26.42960510299315 ], [ 88.638244046125862, 26.429537196084766 ], [ 88.638232667903367, 26.429533349684391 ], [ 88.638145827567939, 26.429482489425425 ], [ 88.638084116089146, 26.429609739897614 ], [ 88.637908839121678, 26.429883119410476 ], [ 88.637928863426339, 26.430011138803081 ], [ 88.637910305915966, 26.430127173830044 ], [ 88.63777505237681, 26.430288594043418 ], [ 88.637580556897262, 26.430364235121431 ], [ 88.637488049933609, 26.430376300425962 ], [ 88.637386648674976, 26.430389524956638 ], [ 88.637202377587698, 26.430325810687691 ], [ 88.637121268631688, 26.430270815345921 ], [ 88.636867627439131, 26.430252929629034 ], [ 88.636600896614141, 26.430250416923229 ], [ 88.636411741308848, 26.430237013427472 ], [ 88.636137442688891, 26.43014533294081 ], [ 88.636034017955637, 26.430135563605404 ], [ 88.635909658803769, 26.430123816660853 ], [ 88.635872538386991, 26.430355885815516 ], [ 88.635799919930434, 26.430680588738255 ], [ 88.635675225331454, 26.431043537129597 ], [ 88.635643418109339, 26.43125463319484 ], [ 88.635642586236429, 26.431260154132872 ], [ 88.635616632701499, 26.43125990861796 ], [ 88.635492011846907, 26.431258734103324 ], [ 88.63535375187422, 26.4315803802304 ], [ 88.635346075261225, 26.431598239866901 ], [ 88.635245216293754, 26.431586796893214 ], [ 88.635122634202276, 26.431572889777101 ], [ 88.635025532602299, 26.431972983766229 ], [ 88.635023207854829, 26.431982560646702 ], [ 88.634984399410541, 26.431989941382767 ], [ 88.634365881680139, 26.43189888322695 ], [ 88.633914518240488, 26.431863631601345 ], [ 88.633437702188246, 26.431797150118427 ], [ 88.632926740676623, 26.431707101901281 ], [ 88.632415691031383, 26.431624798645601 ], [ 88.632085466271292, 26.431532583062335 ], [ 88.631806143139045, 26.431502825395114 ], [ 88.631466727307668, 26.431460878316955 ], [ 88.630974622780684, 26.431395540771632 ], [ 88.630964101612051, 26.431394143225191 ], [ 88.630692886767349, 26.431407071878937 ], [ 88.630676589253255, 26.431697442283166 ], [ 88.630644803614871, 26.432208464049438 ], [ 88.630605548207541, 26.432622573972651 ], [ 88.630557459659087, 26.433055968957831 ], [ 88.630531380219054, 26.433446960908555 ], [ 88.630500860826146, 26.433849534328601 ], [ 88.630469524848763, 26.433953826008292 ], [ 88.630518482142293, 26.43418283477007 ], [ 88.63056164600323, 26.434539620107444 ], [ 88.630419355269112, 26.434565389281317 ], [ 88.630323438076289, 26.434672942802138 ], [ 88.629894938100961, 26.434690109960684 ], [ 88.629854222194638, 26.434691742230143 ], [ 88.629148338025459, 26.434712171229762 ], [ 88.62866671329823, 26.434688237572175 ], [ 88.627992392634894, 26.434585002595838 ], [ 88.627997918968845, 26.434480467199876 ], [ 88.628058152861513, 26.434113040184684 ], [ 88.628159191693385, 26.433567811805119 ], [ 88.627785625006652, 26.433502290798117 ], [ 88.627756822419485, 26.433497432660431 ], [ 88.627639620971763, 26.433477663763199 ], [ 88.627588680673114, 26.433599763818108 ], [ 88.627586499817198, 26.43360499067785 ], [ 88.627478943598419, 26.433603969947285 ], [ 88.627182091780185, 26.433601154169992 ], [ 88.626808590743906, 26.433590881214229 ], [ 88.626751963132676, 26.433589323588478 ], [ 88.626567174935246, 26.433603917786627 ], [ 88.626489256773823, 26.433610071847397 ], [ 88.626149518085867, 26.433595225839042 ], [ 88.626032116089334, 26.43357834196695 ], [ 88.625947631977681, 26.433566192126136 ], [ 88.625787725323335, 26.433626650849305 ], [ 88.625674460208245, 26.433745659034969 ], [ 88.62562648857164, 26.434167432081381 ], [ 88.625630962698835, 26.434519978014634 ], [ 88.625574623769921, 26.434554306036432 ], [ 88.625543011700699, 26.434681836197853 ], [ 88.62551336195213, 26.435075908326553 ], [ 88.625512431153822, 26.435088281199285 ], [ 88.625172779700108, 26.435065684833546 ], [ 88.624648312169938, 26.435025836772979 ], [ 88.624101881396768, 26.435024513870246 ], [ 88.623857015788701, 26.43499119578712 ], [ 88.62382903698051, 26.434808869034157 ], [ 88.62377065389262, 26.434803419142554 ], [ 88.623644220904112, 26.43479161464137 ], [ 88.623632981177195, 26.4350161807522 ], [ 88.623531054714476, 26.435634997057491 ], [ 88.623479820337479, 26.435967643691868 ], [ 88.6234285841619, 26.436300290326187 ], [ 88.623382196231432, 26.436586499567341 ], [ 88.623278195932073, 26.437015486075893 ], [ 88.623047705087572, 26.438322590415282 ], [ 88.62321083311349, 26.438355130584853 ], [ 88.623502620849308, 26.438423759648856 ], [ 88.623932085797207, 26.43849369812574 ], [ 88.624124966094371, 26.438557511320141 ], [ 88.624262143283318, 26.438601426114985 ], [ 88.62439537964309, 26.43861431429923 ], [ 88.624777474600819, 26.438687671099217 ], [ 88.624910395298571, 26.438727672044479 ], [ 88.624952373853034, 26.43881716537993 ], [ 88.624962010988099, 26.439096160259624 ], [ 88.624925229615712, 26.439297239675909 ], [ 88.624927170352692, 26.43949868871357 ], [ 88.624901955161135, 26.439997665859664 ], [ 88.624843233928175, 26.440418367813493 ], [ 88.624973753436052, 26.440392557270741 ], [ 88.625053490026573, 26.440376787658693 ], [ 88.625414955435929, 26.440283381372979 ], [ 88.625770257791203, 26.440183427123486 ], [ 88.625963551776579, 26.440138779381186 ], [ 88.626329270079793, 26.440067877730428 ], [ 88.6264386141508, 26.440067353425661 ], [ 88.626546148785792, 26.440066838114149 ], [ 88.626668790232543, 26.440176462773593 ], [ 88.627222617929533, 26.440209611784212 ], [ 88.627123477566499, 26.440942134771774 ], [ 88.627369274872194, 26.440982838986884 ], [ 88.627615423812813, 26.440993700998547 ], [ 88.627894370129127, 26.441034719077095 ], [ 88.628173665382405, 26.44104589405282 ], [ 88.628057812917802, 26.441637425826571 ], [ 88.628002878729944, 26.441879926217666 ], [ 88.627905171886255, 26.442539846936427 ], [ 88.627767136744012, 26.443003262190871 ], [ 88.627699785616699, 26.443497193240944 ], [ 88.627633682748296, 26.443884545635342 ], [ 88.627582484344259, 26.444212352118427 ], [ 88.627546640065418, 26.444442243115077 ], [ 88.627488559149754, 26.444953314344048 ], [ 88.627457400338812, 26.445187513992607 ], [ 88.627444784649128, 26.445455995797602 ], [ 88.62739178760097, 26.445937270688546 ], [ 88.627296862360367, 26.446763494939376 ], [ 88.627192814396949, 26.447559786155239 ], [ 88.627098533970241, 26.448330588785723 ], [ 88.627046483008826, 26.448730867135851 ], [ 88.626963121251094, 26.449378129896843 ], [ 88.626842220891831, 26.44999519342349 ], [ 88.62670900161919, 26.450855160237495 ], [ 88.626517708625386, 26.450872108860779 ], [ 88.626448227004119, 26.450878265619508 ], [ 88.625951106058778, 26.450860754919972 ], [ 88.625776127666199, 26.450837776342382 ], [ 88.625631026550707, 26.450820334890579 ], [ 88.625506529802578, 26.450805370171736 ], [ 88.625359692096197, 26.451614044152848 ], [ 88.625343284864755, 26.451801483551662 ], [ 88.625246354135982, 26.452393190693272 ], [ 88.625184937634799, 26.4528585403894 ], [ 88.625183972662285, 26.452865849179659 ], [ 88.625045781937331, 26.452862313944706 ], [ 88.62491880755698, 26.45285906469411 ], [ 88.624867348349483, 26.453208185109702 ], [ 88.624830051665583, 26.453606364442237 ], [ 88.624829443723911, 26.453612859346038 ], [ 88.624516840280023, 26.453606860867978 ], [ 88.624389045717919, 26.453604409316085 ], [ 88.624382657833451, 26.453745045297637 ], [ 88.624272230079441, 26.453871900068179 ], [ 88.62425722129376, 26.453939974250488 ], [ 88.624256571083947, 26.453995394072251 ], [ 88.624316838251559, 26.454106817375759 ], [ 88.624314285975572, 26.454324232977001 ], [ 88.624970247878707, 26.45453085311641 ], [ 88.624944416651545, 26.454713937997894 ], [ 88.624922322107523, 26.454982329870688 ], [ 88.624876498052004, 26.455254758800152 ], [ 88.624848566907872, 26.455616893305034 ], [ 88.624791219838983, 26.456064017340566 ], [ 88.624744793237653, 26.456387602405982 ], [ 88.624652640606939, 26.456975090827825 ], [ 88.624614537231139, 26.457396817109498 ], [ 88.624599028422494, 26.457507520955403 ], [ 88.624527069168948, 26.45798861418325 ], [ 88.624474706142848, 26.458414466554416 ], [ 88.624419105557308, 26.458712384069315 ], [ 88.624308056371774, 26.459295428940948 ], [ 88.624186181147422, 26.459993487209715 ], [ 88.624119054850553, 26.460466098032043 ], [ 88.624092221778653, 26.460734443140097 ], [ 88.624019058332919, 26.461317847740531 ], [ 88.623998561884207, 26.461449822351483 ], [ 88.623961605144018, 26.4617734973491 ], [ 88.623936172316576, 26.461922478139911 ], [ 88.623898513205859, 26.462305835745781 ], [ 88.623877316185258, 26.462497491166346 ], [ 88.623839174138652, 26.462518447168634 ], [ 88.623715928347451, 26.46252580182437 ], [ 88.62373635734707, 26.462803123065726 ], [ 88.623740743340704, 26.462833010235272 ], [ 88.623844142892949, 26.462902208570142 ], [ 88.623745743571249, 26.463617542815427 ], [ 88.623627046551007, 26.464447796928312 ], [ 88.623565553607477, 26.464843718962527 ], [ 88.62351014817483, 26.465124581734131 ], [ 88.623407009425989, 26.465839870113939 ], [ 88.623294043785165, 26.466584908067091 ], [ 88.623231497735503, 26.467070351315726 ], [ 88.62315348874256, 26.46766223742236 ], [ 88.623096228907912, 26.468100832287632 ], [ 88.623068390393939, 26.468454437622256 ], [ 88.623023807402831, 26.468620289694684 ], [ 88.623015134341017, 26.468684366390448 ], [ 88.623003058244592, 26.468773579137405 ], [ 88.622957117277224, 26.469088679099286 ], [ 88.622951536084599, 26.469126958742208 ], [ 88.622904097745959, 26.469535803134875 ], [ 88.622897656801456, 26.469680701003597 ], [ 88.622846986299464, 26.469961608741301 ], [ 88.622770376651602, 26.470434127832789 ], [ 88.622729728194486, 26.470668233951869 ], [ 88.622723388873339, 26.470804606247611 ], [ 88.622731008829078, 26.470962428273481 ], [ 88.622760815059621, 26.471068584247803 ], [ 88.622761551604356, 26.47108259118869 ], [ 88.622641802377359, 26.471090814589445 ], [ 88.622434436699962, 26.471103761229642 ], [ 88.62238149630906, 26.471107065338856 ], [ 88.621658293895223, 26.471114224841642 ], [ 88.621237010079994, 26.471105531095418 ], [ 88.620560953725089, 26.471085041841263 ], [ 88.619874273678818, 26.471083176647312 ], [ 88.619274222627325, 26.471059137769032 ], [ 88.619260694125785, 26.47105859637719 ], [ 88.618880832184743, 26.471073342560771 ], [ 88.618776659215484, 26.471077387711318 ], [ 88.617777876647722, 26.471072533170911 ], [ 88.61740850080173, 26.471073686101761 ], [ 88.616707846190195, 26.471058170098502 ], [ 88.61666476686554, 26.471057215917824 ], [ 88.61649519429784, 26.471066685778965 ], [ 88.616378452403694, 26.471073205863831 ], [ 88.616222787851427, 26.471038944391807 ], [ 88.616181119563066, 26.471043227862708 ], [ 88.616137422404165, 26.471035419948748 ], [ 88.616098057279601, 26.471028387250328 ], [ 88.615811521584533, 26.471063102879953 ], [ 88.615632728267826, 26.471071042094991 ], [ 88.615551271274228, 26.47107465916821 ], [ 88.615202702143051, 26.471076006352689 ], [ 88.614766036323601, 26.471048416950907 ], [ 88.614063639725259, 26.4710557383317 ], [ 88.613673622639624, 26.471042638806807 ], [ 88.612815119921891, 26.471053140190293 ], [ 88.611977646950891, 26.471045111043111 ], [ 88.610453492135036, 26.471035167239222 ], [ 88.609350567174999, 26.471038618837213 ], [ 88.609226057836338, 26.471009329716821 ], [ 88.608471588692908, 26.471020805066132 ], [ 88.607878596420164, 26.47101510336438 ], [ 88.606146041706495, 26.471031201228982 ], [ 88.60436124627455, 26.471065504069827 ], [ 88.604293635243152, 26.471062596561637 ], [ 88.604322171630997, 26.471141346595914 ], [ 88.604325811187323, 26.471148846941787 ], [ 88.604314738734274, 26.473604347762489 ], [ 88.604079916754813, 26.474753430426517 ], [ 88.602975888326625, 26.47579040810092 ], [ 88.60140282657926, 26.475916386931772 ], [ 88.600710832439006, 26.477011915867251 ], [ 88.600052242716913, 26.477985200856381 ], [ 88.599181922907462, 26.478518525809363 ], [ 88.599837949561788, 26.478809070682132 ], [ 88.601216218153979, 26.479100540057914 ], [ 88.602718150722126, 26.479990911151674 ], [ 88.602830940095885, 26.481614524690599 ], [ 88.602480929351486, 26.483139523969896 ], [ 88.601835667582066, 26.484351885631042 ], [ 88.600924223574111, 26.485540149958013 ], [ 88.599194692381218, 26.486692442302399 ], [ 88.598132235114633, 26.487119589697386 ], [ 88.59662869455866, 26.487569719267185 ], [ 88.59564749103896, 26.488433754614107 ], [ 88.595214790330374, 26.488700379319084 ], [ 88.59523320035197, 26.488943905836663 ], [ 88.595271139151805, 26.489512191034862 ], [ 88.595263943676116, 26.49008097985336 ], [ 88.594986674595418, 26.490706951164896 ], [ 88.59470214708648, 26.491170513908116 ], [ 88.594501691799678, 26.491547379308145 ], [ 88.594821978151856, 26.492220833924421 ], [ 88.595207934798395, 26.492564064679868 ], [ 88.596109694007225, 26.49320844691232 ], [ 88.596553569691537, 26.49374962204746 ], [ 88.596708458128887, 26.49406835167315 ], [ 88.59672737087152, 26.494347980574901 ], [ 88.596210638410298, 26.494705819018407 ], [ 88.594992650590427, 26.494773600921008 ], [ 88.594174460882698, 26.49473309635539 ], [ 88.593380376603136, 26.494985696133028 ], [ 88.592817310170801, 26.495258284242482 ], [ 88.592605069268586, 26.495508898317041 ], [ 88.592552847436025, 26.496087217251329 ], [ 88.592946004954229, 26.49658834737437 ], [ 88.593666789990436, 26.497203169790509 ], [ 88.593929678012273, 26.497714778814043 ], [ 88.593871264347456, 26.498207409444433 ], [ 88.594090198004267, 26.498805267049477 ], [ 88.594313591399157, 26.499362451915658 ], [ 88.594061844178839, 26.499658646329522 ], [ 88.593577884811566, 26.499849108349736 ], [ 88.593326136691928, 26.500145300964903 ], [ 88.593267719429775, 26.500637930695973 ], [ 88.59366603725789, 26.501148027959175 ], [ 88.594013017286954, 26.501572939639516 ], [ 88.594316604128039, 26.502124715083596 ], [ 88.594270464410442, 26.502779696725668 ], [ 88.594307286252331, 26.503266748861449 ], [ 88.594288375308338, 26.503713801850552 ], [ 88.594443208887014, 26.504028019577504 ], [ 88.594861575301536, 26.504172290618783 ], [ 88.595195233673167, 26.504358130123649 ], [ 88.595446994383337, 26.504788614902679 ], [ 88.595742774209725, 26.505137363898257 ], [ 88.596303147172534, 26.505392881076659 ], [ 88.597058414913988, 26.505230967135503 ], [ 88.5972652508907, 26.505314408932861 ], [ 88.597484177352953, 26.5055466633479 ], [ 88.597464154846932, 26.505912484173848 ], [ 88.597193526360229, 26.506294651976646 ], [ 88.597159640804819, 26.506746386836312 ], [ 88.597655631302416, 26.507061294343316 ], [ 88.597783775700748, 26.507258455413421 ], [ 88.597649845064382, 26.507368280621677 ], [ 88.597120468135131, 26.507541210358625 ], [ 88.596667637901248, 26.507808064390701 ], [ 88.596590503948676, 26.508034605412774 ], [ 88.596634312623507, 26.508300415331973 ], [ 88.596467202399538, 26.508550531182095 ], [ 88.59621519257712, 26.508828677101803 ], [ 88.596118554128054, 26.509096058136606 ], [ 88.59613728340895, 26.50936214774498 ], [ 88.596484362363469, 26.509791564129443 ], [ 88.59698789907236, 26.509925847300053 ], [ 88.597238553616421, 26.510275098117347 ], [ 88.597418236362557, 26.510570978667772 ], [ 88.597437156299804, 26.510850607569523 ], [ 88.597571818984306, 26.511156020034321 ], [ 88.597642586636141, 26.511556933305883 ], [ 88.597500804018921, 26.511824819759681 ], [ 88.597144638314489, 26.512189893249001 ], [ 88.596498595933497, 26.51263493985067 ], [ 88.595860060193672, 26.513260441716056 ], [ 88.595150444737271, 26.513462461823224 ], [ 88.592810101205259, 26.513285507620139 ], [ 88.590919642627455, 26.513717341382232 ], [ 88.589352491224531, 26.513946950891125 ], [ 88.586417194897706, 26.513920953289414 ], [ 88.584682882009474, 26.51403501790179 ], [ 88.584260406592534, 26.515786461076345 ], [ 88.584145967862185, 26.51951141881699 ], [ 88.581287743434643, 26.519994496848597 ], [ 88.580410895446505, 26.520446548269661 ], [ 88.579983676105826, 26.520758202928789 ], [ 88.579680052392575, 26.521668792580783 ], [ 88.579179771229519, 26.522874942624526 ], [ 88.578987011441484, 26.523454812889327 ], [ 88.57888888641304, 26.52398398657175 ], [ 88.578435438344854, 26.524580283853084 ], [ 88.578093975656486, 26.524927094809641 ], [ 88.577827684600038, 26.525634157990055 ], [ 88.577864449784613, 26.526121216421075 ], [ 88.577890565197492, 26.526563256589043 ], [ 88.57817520871896, 26.52683092001098 ], [ 88.579180237977653, 26.526941658031149 ], [ 88.579430325049543, 26.527250323343821 ], [ 88.579295524768725, 26.528032661578095 ], [ 88.579176824151148, 26.528891553702294 ], [ 88.5790197152877, 26.529877250234961 ], [ 88.578716000742872, 26.530783325290258 ], [ 88.578584018937363, 26.532138855423909 ], [ 88.578829655264428, 26.532488191676748 ], [ 88.581743377754719, 26.53273573276789 ], [ 88.58507049340858, 26.533123050988081 ], [ 88.587623755931645, 26.53342864061932 ], [ 88.589134098060242, 26.533790948693365 ], [ 88.589976554174712, 26.534115557187249 ], [ 88.590646776627523, 26.534685812800092 ], [ 88.59071653074335, 26.53574120409337 ], [ 88.590360047578201, 26.536453807996907 ], [ 88.589913251795167, 26.537167418241836 ], [ 88.588719854137992, 26.537595970377765 ], [ 88.587829082845928, 26.537772896701881 ], [ 88.587324839269968, 26.53832465236087 ], [ 88.586474136372374, 26.538496610829952 ], [ 88.584274447707628, 26.538002019677492 ], [ 88.582235885178022, 26.537911824870889 ], [ 88.5813907499832, 26.538124313985975 ], [ 88.58039006714796, 26.538704121298224 ], [ 88.579931556795941, 26.539300478834093 ], [ 88.579788394618788, 26.539839178135594 ], [ 88.580130432873261, 26.540264174352217 ], [ 88.581290435105529, 26.540689123804043 ], [ 88.583056065984692, 26.541364609988818 ], [ 88.584164806860429, 26.542440055264365 ], [ 88.584980018013482, 26.543699297684498 ], [ 88.584843520711956, 26.545086473162257 ], [ 88.584687563880038, 26.546153402757398 ], [ 88.583674069302901, 26.546534780056106 ], [ 88.581331630350519, 26.546619470112489 ], [ 88.578634908873994, 26.546852479058714 ], [ 88.576563287265969, 26.546925062441744 ], [ 88.575349749291547, 26.546992645594173 ], [ 88.575143014038929, 26.547288312105991 ], [ 88.574769066938927, 26.54783407198488 ], [ 88.574348416246494, 26.548267507439562 ], [ 88.574000131301091, 26.548488005017475 ], [ 88.573793390652497, 26.548783669730597 ], [ 88.573806198797115, 26.548986638622523 ], [ 88.573825072868885, 26.549266270222233 ], [ 88.574024588364125, 26.549543908024987 ], [ 88.574319873563354, 26.54985208140846 ], [ 88.574880921017723, 26.55014377471548 ], [ 88.575221926850475, 26.550492063258162 ], [ 88.575434812566584, 26.551013280638415 ], [ 88.575471583147078, 26.551500338170115 ], [ 88.57560634655573, 26.552180393810204 ], [ 88.575720566750817, 26.552458972303782 ], [ 88.576644404315857, 26.552854970780345 ], [ 88.577378814081044, 26.552977735434183 ], [ 88.577920417293456, 26.553680364956904 ], [ 88.578458605780099, 26.554865979881129 ], [ 88.578503190569847, 26.555556057566037 ], [ 88.578386196865551, 26.55654130803498 ], [ 88.5783705756416, 26.556866456122123 ], [ 88.580779524855245, 26.555761010362403 ], [ 88.581190754249974, 26.556469587101788 ], [ 88.5819196169968, 26.557282959141276 ], [ 88.583008982878312, 26.557302452845988 ], [ 88.584141945194688, 26.559397680758423 ], [ 88.584582248771824, 26.561852659972317 ], [ 88.588622337950596, 26.561469145884416 ], [ 88.591191138959971, 26.560673175726549 ], [ 88.593483026120794, 26.559817067903396 ], [ 88.595670254678566, 26.560104018185939 ], [ 88.597152554147101, 26.560588408328442 ], [ 88.599681362305091, 26.560532949835817 ], [ 88.600507234021677, 26.560731296212396 ], [ 88.600707334076276, 26.561044994131237 ], [ 88.600751491688072, 26.561694443144063 ], [ 88.601247046014407, 26.562320765191203 ], [ 88.602356027908399, 26.562664861993824 ], [ 88.602381689163678, 26.563066275288406 ], [ 88.602135480867787, 26.563407557213054 ], [ 88.601142477343501, 26.563463858370426 ], [ 88.600463303039078, 26.564071789281684 ], [ 88.599882732202389, 26.564913311000566 ], [ 88.599674457310414, 26.565818351835503 ], [ 88.599802735707726, 26.566381100807234 ], [ 88.600712772276665, 26.566492739948046 ], [ 88.600924050004949, 26.566887554017455 ], [ 88.600962065247188, 26.567455829323137 ], [ 88.600239836799062, 26.567495539787387 ], [ 88.597637914658094, 26.567718831558864 ], [ 88.596302157019011, 26.56803621489945 ], [ 88.594458616971679, 26.567569405603649 ], [ 88.593253192680777, 26.567149597575906 ], [ 88.591912209081215, 26.566000103921738 ], [ 88.591830127958076, 26.564782370609976 ], [ 88.590573439612626, 26.563555189920123 ], [ 88.589037569328411, 26.563554278007587 ], [ 88.586695414561802, 26.563684198566989 ], [ 88.586706701952778, 26.565232214195362 ], [ 88.584944003762814, 26.565892760842303 ], [ 88.58296294118685, 26.566005062783461 ], [ 88.581506212142017, 26.56592194833928 ], [ 88.581290541225542, 26.566664560820868 ], [ 88.581069912346663, 26.56741174365709 ], [ 88.582070216567274, 26.567517987764973 ], [ 88.582030074428474, 26.568249626718966 ], [ 88.582507155780661, 26.568632489697677 ], [ 88.582557290286786, 26.569358611310918 ], [ 88.58269775989379, 26.570083729280725 ], [ 88.582955280761666, 26.571290492662172 ], [ 88.582522845353083, 26.574156878437236 ], [ 88.582325657303272, 26.576609915115569 ], [ 88.582465045025856, 26.578716183105428 ], [ 88.581926101108763, 26.580044634652211 ], [ 88.581241709837116, 26.58065253678518 ], [ 88.581291907295736, 26.581383170297102 ], [ 88.581335906626862, 26.582028116404501 ], [ 88.581547151979521, 26.582422960151519 ], [ 88.583064870347528, 26.582180415693699 ], [ 88.585227896350375, 26.582138294147001 ], [ 88.589137187231472, 26.582410659224593 ], [ 88.590607594964581, 26.582741778810089 ], [ 88.59135561686827, 26.583108041203218 ], [ 88.592801340009885, 26.583105414283466 ], [ 88.592966469926694, 26.584155213592283 ], [ 88.592700794905795, 26.585634103730968 ], [ 88.592744924638623, 26.586283556341129 ], [ 88.593019841992145, 26.587648071601279 ], [ 88.593609831428637, 26.589649978663658 ], [ 88.593753214839069, 26.590578156356855 ], [ 88.593995306038607, 26.591383362552165 ], [ 88.593659788768321, 26.591806874887425 ], [ 88.593239059834787, 26.592240367898683 ], [ 88.593175535322757, 26.592728537891787 ], [ 88.593832151932304, 26.593014563671204 ], [ 88.595168205448374, 26.592697192021831 ], [ 88.596020080162646, 26.593305991678221 ], [ 88.595972887338917, 26.597865154253498 ], [ 88.596099150355542, 26.599727812988249 ], [ 88.596680069229876, 26.600344158855876 ], [ 88.598427764929454, 26.600739778717866 ], [ 88.601306338316931, 26.600499796428494 ], [ 88.602409543865406, 26.60076269973888 ], [ 88.603002867988039, 26.601545877939941 ], [ 88.604002351127633, 26.601570722610802 ], [ 88.604511546370816, 26.602440598155113 ], [ 88.607633790167313, 26.604544746442969 ], [ 88.609839235392485, 26.604993725779877 ], [ 88.611569701880285, 26.605226891208133 ], [ 88.612420489314161, 26.60574532788462 ], [ 88.611668075121599, 26.606155551837276 ], [ 88.610766250262316, 26.606653219570489 ], [ 88.609822080824415, 26.607354466835204 ], [ 88.609149940117675, 26.608120333986278 ], [ 88.608593919873556, 26.609291099304812 ], [ 88.608063652615556, 26.610867781722789 ], [ 88.607539099649784, 26.611058761752531 ], [ 88.60663593210262, 26.611105073240594 ], [ 88.60631356741726, 26.610314340734305 ], [ 88.605830075697497, 26.609850397577816 ], [ 88.605365115407835, 26.609634485643028 ], [ 88.604855137754441, 26.610150262124932 ], [ 88.604052705068341, 26.61165778667754 ], [ 88.603380564361601, 26.612428142344925 ], [ 88.602767891325186, 26.612782584049057 ], [ 88.601508503214916, 26.612850928927287 ], [ 88.599591233148942, 26.612552043741857 ], [ 88.596894992809723, 26.611481043815161 ], [ 88.596183656050925, 26.611601864134798 ], [ 88.595873812626394, 26.612431308857879 ], [ 88.595797878369467, 26.615280172242194 ], [ 88.596642589983617, 26.615722042438335 ], [ 88.596994887703943, 26.618308828089994 ], [ 88.60008641335736, 26.618544892033185 ], [ 88.601195002247607, 26.618821279778274 ], [ 88.601961755230889, 26.619430992246521 ], [ 88.602670044187221, 26.62052881355396 ], [ 88.602343697303866, 26.622333367990564 ], [ 88.600597981911392, 26.624627817319947 ], [ 88.599905243132525, 26.626450029944976 ], [ 88.599463977280777, 26.627939926886143 ], [ 88.598990807080156, 26.628942726725484 ], [ 88.599079135793545, 26.630237101161356 ], [ 88.598787727571619, 26.63131007060332 ], [ 88.598701567123669, 26.632696675910893 ], [ 88.598402866299296, 26.633607243079837 ], [ 88.597743998686667, 26.634621153143769 ], [ 88.597264640251012, 26.635542773879934 ], [ 88.595733959954373, 26.635623151687128 ], [ 88.594564701899515, 26.635690432667388 ], [ 88.592621535855244, 26.636447910043046 ], [ 88.591955264124181, 26.637294878955572 ], [ 88.592062031637511, 26.638837293606286 ], [ 88.592162592929355, 26.640294020852423 ], [ 88.5926657411311, 26.641082756863796 ], [ 88.594180968377032, 26.642054223423713 ], [ 88.595091667746317, 26.642170384355779 ], [ 88.595346210958951, 26.642054691071166 ], [ 88.596324455709123, 26.641610415188552 ], [ 88.596263829712029, 26.639417548780898 ], [ 88.596418812578179, 26.639005081919038 ], [ 88.596657908136024, 26.638501402217969 ], [ 88.597157453653608, 26.638474796674586 ], [ 88.597180882791577, 26.638473549314881 ], [ 88.597194907718858, 26.638472801978253 ], [ 88.598252346768447, 26.639390692326629 ], [ 88.599398152302967, 26.641602946318983 ], [ 88.599957807606813, 26.643198928188042 ], [ 88.601111862622417, 26.644196949030004 ], [ 88.602608731108091, 26.644924800938838 ], [ 88.603582098834863, 26.645929350858921 ], [ 88.603632425795865, 26.646655450888375 ], [ 88.60329685816356, 26.647083502101964 ], [ 88.601255944806041, 26.647684233040991 ], [ 88.599800095298235, 26.64881996616856 ], [ 88.598449120230782, 26.650274962219783 ], [ 88.598084595327862, 26.651511236854162 ], [ 88.598116495180193, 26.651998332157348 ], [ 88.598605103143029, 26.652457722945599 ], [ 88.59926440872556, 26.652910678185322 ], [ 88.599795760565939, 26.652832483032739 ], [ 88.600602769002649, 26.652710558345632 ], [ 88.601190905835722, 26.652022400713292 ], [ 88.601864412612599, 26.651333278108325 ], [ 88.602550288664929, 26.650811012118538 ], [ 88.603337609143409, 26.650359813254852 ], [ 88.604052619632739, 26.650126071361171 ], [ 88.604956095647367, 26.650079764369707 ], [ 88.605764150894913, 26.650034527571449 ], [ 88.606421131729917, 26.650320477807838 ], [ 88.60653610465755, 26.65063963371216 ], [ 88.60770556505986, 26.65057676120864 ], [ 88.608184223822946, 26.651040743935255 ], [ 88.608221123905821, 26.651523266185848 ], [ 88.609277633056365, 26.652359834438869 ], [ 88.609749636836341, 26.652238401680961 ], [ 88.609803952290633, 26.652281658172058 ], [ 88.611400518718995, 26.651870893726823 ], [ 88.612349988761025, 26.651165053624368 ], [ 88.612371383632535, 26.650185394240623 ], [ 88.61229520475996, 26.649053383406965 ], [ 88.612353579753972, 26.648560754575215 ], [ 88.613089851115774, 26.648105998892788 ], [ 88.614140350097159, 26.648107183299942 ], [ 88.615430938387135, 26.648444567562819 ], [ 88.616521223375798, 26.648468279987185 ], [ 88.616977748924057, 26.648386357144716 ], [ 88.617863941767553, 26.648227329127963 ], [ 88.618266329027904, 26.647554759444631 ], [ 88.619467734248587, 26.647978877922924 ], [ 88.621214500948497, 26.649674069402806 ], [ 88.622045505096025, 26.651253314888606 ], [ 88.622036471406091, 26.652390802593516 ], [ 88.620594331163488, 26.653774825947494 ], [ 88.619133048851154, 26.656296437730475 ], [ 88.617496047104964, 26.658829065309192 ], [ 88.616201844439615, 26.661095996283279 ], [ 88.613474281612866, 26.663604873666031 ], [ 88.612295631937911, 26.664809802430511 ], [ 88.611673713870857, 26.666310806898252 ], [ 88.61143274592456, 26.66810988806094 ], [ 88.612338892026287, 26.670744478075278 ], [ 88.613098094301677, 26.67257282497593 ], [ 88.613987611039477, 26.673663996696121 ], [ 88.61495631038548, 26.674668507046022 ], [ 88.615309841076339, 26.675869572322938 ], [ 88.615854656667125, 26.678521780955464 ], [ 88.615943309136469, 26.679820637612409 ], [ 88.615999909768107, 26.680627896959948 ], [ 88.615463239337089, 26.682118918952995 ], [ 88.615487977887938, 26.682448117586603 ], [ 88.617043869778797, 26.682687672697966 ], [ 88.617485034007188, 26.68259345342517 ], [ 88.619097641642895, 26.68224903556461 ], [ 88.62124454909673, 26.680581658316953 ], [ 88.623189985929173, 26.678528397267769 ], [ 88.625076897580811, 26.676958716971285 ], [ 88.627617128028078, 26.67576065542994 ], [ 88.630181954034015, 26.674882716564184 ], [ 88.632727167624751, 26.673689022130702 ], [ 88.635553164846726, 26.673164547405975 ] ] ] } }
]
}
